context,question,answer
"The African Great Lakes region, which Kenya is a part of, has been inhabited by humans since the Lower Paleolithic period. By the first millennium AD, the Bantu expansion had reached the area from West-Central Africa. The borders of the modern state consequently comprise the crossroads of the Niger-Congo, Nilo-Saharan and Afroasiatic areas of the continent, representing most major ethnolinguistic groups found in Africa. Bantu and Nilotic populations together constitute around 97% of the nation's residents. European and Arab presence in coastal Mombasa dates to the Early Modern period; European exploration of the interior began in the 19th century. The British Empire established the East Africa Protectorate in 1895, which starting in 1920 gave way to the Kenya Colony. Kenya obtained independence in December 1963. Following a referendum in August 2010 and adoption of a new constitution, Kenya is now divided into 47 semi-autonomous counties, governed by elected governors.",when has people evidently existed in Kenya?,since the Lower Paleolithic period
"The African Great Lakes region, which Kenya is a part of, has been inhabited by humans since the Lower Paleolithic period. By the first millennium AD, the Bantu expansion had reached the area from West-Central Africa. The borders of the modern state consequently comprise the crossroads of the Niger-Congo, Nilo-Saharan and Afroasiatic areas of the continent, representing most major ethnolinguistic groups found in Africa. Bantu and Nilotic populations together constitute around 97% of the nation's residents. European and Arab presence in coastal Mombasa dates to the Early Modern period; European exploration of the interior began in the 19th century. The British Empire established the East Africa Protectorate in 1895, which starting in 1920 gave way to the Kenya Colony. Kenya obtained independence in December 1963. Following a referendum in August 2010 and adoption of a new constitution, Kenya is now divided into 47 semi-autonomous counties, governed by elected governors.",what happened 115 years prior to kenya having a ruling which allows splitting the land and electing leaders for the lands?,The British Empire established the East Africa Protectorate
"The African Great Lakes region, which Kenya is a part of, has been inhabited by humans since the Lower Paleolithic period. By the first millennium AD, the Bantu expansion had reached the area from West-Central Africa. The borders of the modern state consequently comprise the crossroads of the Niger-Congo, Nilo-Saharan and Afroasiatic areas of the continent, representing most major ethnolinguistic groups found in Africa. Bantu and Nilotic populations together constitute around 97% of the nation's residents. European and Arab presence in coastal Mombasa dates to the Early Modern period; European exploration of the interior began in the 19th century. The British Empire established the East Africa Protectorate in 1895, which starting in 1920 gave way to the Kenya Colony. Kenya obtained independence in December 1963. Following a referendum in August 2010 and adoption of a new constitution, Kenya is now divided into 47 semi-autonomous counties, governed by elected governors.",what happened 47 years before kenya created a ruling which allows splitting the land and electing leaders for the lands?,Kenya obtained independence
"The African Great Lakes region, which Kenya is a part of, has been inhabited by humans since the Lower Paleolithic period. By the first millennium AD, the Bantu expansion had reached the area from West-Central Africa. The borders of the modern state consequently comprise the crossroads of the Niger-Congo, Nilo-Saharan and Afroasiatic areas of the continent, representing most major ethnolinguistic groups found in Africa. Bantu and Nilotic populations together constitute around 97% of the nation's residents. European and Arab presence in coastal Mombasa dates to the Early Modern period; European exploration of the interior began in the 19th century. The British Empire established the East Africa Protectorate in 1895, which starting in 1920 gave way to the Kenya Colony. Kenya obtained independence in December 1963. Following a referendum in August 2010 and adoption of a new constitution, Kenya is now divided into 47 semi-autonomous counties, governed by elected governors.",what happened 68 years before Kenya achieved freedom from colonization?,The British Empire established the East Africa Protectorate in 1895
"Tea, coffee, sisal, pyrethrum, corn, and wheat are grown in the fertile highlands, one of the most successful agricultural production regions in Africa. Livestock predominates in the semi-arid savanna to the north and east. Coconuts, pineapples, cashew nuts, cotton, sugarcane, sisal, and corn are grown in the lower-lying areas. Unfortunately, the country has not attained the level of investment and efficiency in agriculture that can guarantee food security and coupled with resulting poverty (53% of the population lives below the poverty line), a significant portion of the population regularly starves and is heavily dependent on food aid. Poor roads, an inadequate railway network, under-used water transport and expensive air transport have isolated mostly arid and semi-arid areas and farmers in other regions often leave food to rot in the fields because they cannot access markets. This was last seen in August and September 2011 prompting the Kenyans for Kenya initiative by the Red Cross.",Why is there poverty?,has not attained the level of investment and efficiency in agriculture that can guarantee food security
"Tea, coffee, sisal, pyrethrum, corn, and wheat are grown in the fertile highlands, one of the most successful agricultural production regions in Africa. Livestock predominates in the semi-arid savanna to the north and east. Coconuts, pineapples, cashew nuts, cotton, sugarcane, sisal, and corn are grown in the lower-lying areas. Unfortunately, the country has not attained the level of investment and efficiency in agriculture that can guarantee food security and coupled with resulting poverty (53% of the population lives below the poverty line), a significant portion of the population regularly starves and is heavily dependent on food aid. Poor roads, an inadequate railway network, under-used water transport and expensive air transport have isolated mostly arid and semi-arid areas and farmers in other regions often leave food to rot in the fields because they cannot access markets. This was last seen in August and September 2011 prompting the Kenyans for Kenya initiative by the Red Cross.",What causes farmers not being able to access markets?,"Poor roads, an inadequate railway network, under-used water transport and expensive air transport"
"Tea, coffee, sisal, pyrethrum, corn, and wheat are grown in the fertile highlands, one of the most successful agricultural production regions in Africa. Livestock predominates in the semi-arid savanna to the north and east. Coconuts, pineapples, cashew nuts, cotton, sugarcane, sisal, and corn are grown in the lower-lying areas. Unfortunately, the country has not attained the level of investment and efficiency in agriculture that can guarantee food security and coupled with resulting poverty (53% of the population lives below the poverty line), a significant portion of the population regularly starves and is heavily dependent on food aid. Poor roads, an inadequate railway network, under-used water transport and expensive air transport have isolated mostly arid and semi-arid areas and farmers in other regions often leave food to rot in the fields because they cannot access markets. This was last seen in August and September 2011 prompting the Kenyans for Kenya initiative by the Red Cross.",Where can you find cattle besides east?,north
"The first direct elections for native Kenyans to the Legislative Council took place in 1957. Despite British hopes of handing power to ""moderate"" local rivals, it was the Kenya African National Union (KANU) of Jomo Kenyatta that formed a government. The Colony of Kenya and the Protectorate of Kenya each came to an end on 12 December 1963 with independence being conferred on all of Kenya. The United Kingdom ceded sovereignty over the Colony of Kenya and, under an agreement dated 8 October 1963, the Sultan of Zanzibar agreed that simultaneous with independence for the Colony of Kenya, the Sultan would cease to have sovereignty over the Protectorate of Kenya so that all of Kenya would be one sovereign, independent state. In this way, Kenya became an independent country under the Kenya Independence Act 1963 of the United Kingdom. Exactly 12 months later on 12 December 1964, Kenya became a republic under the name ""Republic of Kenya"".",Who had controlled Kenya prior to 1963?,The United Kingdom
"The first direct elections for native Kenyans to the Legislative Council took place in 1957. Despite British hopes of handing power to ""moderate"" local rivals, it was the Kenya African National Union (KANU) of Jomo Kenyatta that formed a government. The Colony of Kenya and the Protectorate of Kenya each came to an end on 12 December 1963 with independence being conferred on all of Kenya. The United Kingdom ceded sovereignty over the Colony of Kenya and, under an agreement dated 8 October 1963, the Sultan of Zanzibar agreed that simultaneous with independence for the Colony of Kenya, the Sultan would cease to have sovereignty over the Protectorate of Kenya so that all of Kenya would be one sovereign, independent state. In this way, Kenya became an independent country under the Kenya Independence Act 1963 of the United Kingdom. Exactly 12 months later on 12 December 1964, Kenya became a republic under the name ""Republic of Kenya"".",What led to the Sultan giving up sovereignty over Kenya?,an agreement dated 8 October 1963
"The first direct elections for native Kenyans to the Legislative Council took place in 1957. Despite British hopes of handing power to ""moderate"" local rivals, it was the Kenya African National Union (KANU) of Jomo Kenyatta that formed a government. The Colony of Kenya and the Protectorate of Kenya each came to an end on 12 December 1963 with independence being conferred on all of Kenya. The United Kingdom ceded sovereignty over the Colony of Kenya and, under an agreement dated 8 October 1963, the Sultan of Zanzibar agreed that simultaneous with independence for the Colony of Kenya, the Sultan would cease to have sovereignty over the Protectorate of Kenya so that all of Kenya would be one sovereign, independent state. In this way, Kenya became an independent country under the Kenya Independence Act 1963 of the United Kingdom. Exactly 12 months later on 12 December 1964, Kenya became a republic under the name ""Republic of Kenya"".",What kind of government did Kenya form?,a republic
"Although Kenya is the most industrially developed country in the African Great Lakes region, manufacturing still accounts for only 14% of the GDP. Industrial activity, concentrated around the three largest urban centres, Nairobi, Mombasa and Kisumu, is dominated by food-processing industries such as grain milling, beer production, and sugarcane crushing, and the fabrication of consumer goods, e.g., vehicles from kits. There is a cement production industry.[citation needed] Kenya has an oil refinery that processes imported crude petroleum into petroleum products, mainly for the domestic market. In addition, a substantial and expanding informal sector commonly referred to as Jua Kali engages in small-scale manufacturing of household goods, motor-vehicle parts, and farm implements.[citation needed]",What is the primary occupation of Jua Kali?,small-scale manufacturing
"Although Kenya is the most industrially developed country in the African Great Lakes region, manufacturing still accounts for only 14% of the GDP. Industrial activity, concentrated around the three largest urban centres, Nairobi, Mombasa and Kisumu, is dominated by food-processing industries such as grain milling, beer production, and sugarcane crushing, and the fabrication of consumer goods, e.g., vehicles from kits. There is a cement production industry.[citation needed] Kenya has an oil refinery that processes imported crude petroleum into petroleum products, mainly for the domestic market. In addition, a substantial and expanding informal sector commonly referred to as Jua Kali engages in small-scale manufacturing of household goods, motor-vehicle parts, and farm implements.[citation needed]",Where is imported crude petroleum processed?,oil refinery
"Although Kenya is the most industrially developed country in the African Great Lakes region, manufacturing still accounts for only 14% of the GDP. Industrial activity, concentrated around the three largest urban centres, Nairobi, Mombasa and Kisumu, is dominated by food-processing industries such as grain milling, beer production, and sugarcane crushing, and the fabrication of consumer goods, e.g., vehicles from kits. There is a cement production industry.[citation needed] Kenya has an oil refinery that processes imported crude petroleum into petroleum products, mainly for the domestic market. In addition, a substantial and expanding informal sector commonly referred to as Jua Kali engages in small-scale manufacturing of household goods, motor-vehicle parts, and farm implements.[citation needed]",Which of these is an urban center: Nairobi or Jua Kali?,Nairobi
"Kenya’s armed forces, like many government institutions in the country, have been tainted by corruption allegations. Because the operations of the armed forces have been traditionally cloaked by the ubiquitous blanket of “state security”, the corruption has been less in public view, and thus less subject to public scrutiny and notoriety. This has changed recently. In what are by Kenyan standards unprecedented revelations, in 2010, credible claims of corruption were made with regard to recruitment and procurement of Armoured Personnel Carriers. Further, the wisdom and prudence of certain decisions of procurement have been publicly questioned.",What has been considered an issue in relation to the Kenyan government?,corruption
"Kenya’s armed forces, like many government institutions in the country, have been tainted by corruption allegations. Because the operations of the armed forces have been traditionally cloaked by the ubiquitous blanket of “state security”, the corruption has been less in public view, and thus less subject to public scrutiny and notoriety. This has changed recently. In what are by Kenyan standards unprecedented revelations, in 2010, credible claims of corruption were made with regard to recruitment and procurement of Armoured Personnel Carriers. Further, the wisdom and prudence of certain decisions of procurement have been publicly questioned.",What instrument used in military troop deployment has revealed unsavory activities in its procurement?,Armoured Personnel Carriers
"Kenya’s armed forces, like many government institutions in the country, have been tainted by corruption allegations. Because the operations of the armed forces have been traditionally cloaked by the ubiquitous blanket of “state security”, the corruption has been less in public view, and thus less subject to public scrutiny and notoriety. This has changed recently. In what are by Kenyan standards unprecedented revelations, in 2010, credible claims of corruption were made with regard to recruitment and procurement of Armoured Personnel Carriers. Further, the wisdom and prudence of certain decisions of procurement have been publicly questioned.",What agency did information in relation to the purchasing of troop transporters occur against?,armed forces
"Agriculture is the second largest contributor to Kenya's gross domestic product (GDP), after the service sector. In 2005 agriculture, including forestry and fishing, accounted for 24% of GDP, as well as for 18% of wage employment and 50% of revenue from exports. The principal cash crops are tea, horticultural produce, and coffee. Horticultural produce and tea are the main growth sectors and the two most valuable of all of Kenya's exports. The production of major food staples such as corn is subject to sharp weather-related fluctuations. Production downturns periodically necessitate food aid—for example, in 2004 aid for 1.8 million people because of one of Kenya's intermittent droughts.[citation needed]",What type of natural disaster affects Kenya's food supply?,droughts
"Agriculture is the second largest contributor to Kenya's gross domestic product (GDP), after the service sector. In 2005 agriculture, including forestry and fishing, accounted for 24% of GDP, as well as for 18% of wage employment and 50% of revenue from exports. The principal cash crops are tea, horticultural produce, and coffee. Horticultural produce and tea are the main growth sectors and the two most valuable of all of Kenya's exports. The production of major food staples such as corn is subject to sharp weather-related fluctuations. Production downturns periodically necessitate food aid—for example, in 2004 aid for 1.8 million people because of one of Kenya's intermittent droughts.[citation needed]",Half of all Kenya's export revenue results from which sector of its GDP?,Agriculture
"Agriculture is the second largest contributor to Kenya's gross domestic product (GDP), after the service sector. In 2005 agriculture, including forestry and fishing, accounted for 24% of GDP, as well as for 18% of wage employment and 50% of revenue from exports. The principal cash crops are tea, horticultural produce, and coffee. Horticultural produce and tea are the main growth sectors and the two most valuable of all of Kenya's exports. The production of major food staples such as corn is subject to sharp weather-related fluctuations. Production downturns periodically necessitate food aid—for example, in 2004 aid for 1.8 million people because of one of Kenya's intermittent droughts.[citation needed]",Which sector contributes the most to Kenya's GDP?,the service sector
"Agriculture is the second largest contributor to Kenya's gross domestic product (GDP), after the service sector. In 2005 agriculture, including forestry and fishing, accounted for 24% of GDP, as well as for 18% of wage employment and 50% of revenue from exports. The principal cash crops are tea, horticultural produce, and coffee. Horticultural produce and tea are the main growth sectors and the two most valuable of all of Kenya's exports. The production of major food staples such as corn is subject to sharp weather-related fluctuations. Production downturns periodically necessitate food aid—for example, in 2004 aid for 1.8 million people because of one of Kenya's intermittent droughts.[citation needed]",Which two sectors of Kenya's economy are considered to be part of its agricultural sector?,forestry and fishing
"The armed forces are regularly deployed in peacekeeping missions around the world. Further, in the aftermath of the national elections of December 2007 and the violence that subsequently engulfed the country, a commission of inquiry, the Waki Commission, commended its readiness and adjudged it to ""have performed its duty well."" Nevertheless, there have been serious allegations of human rights violations, most recently while conducting counter-insurgency operations in the Mt Elgon area and also in the district of Mandera central.",What kind of accusations were being made in Mt. Elgon?,human rights violations
"The armed forces are regularly deployed in peacekeeping missions around the world. Further, in the aftermath of the national elections of December 2007 and the violence that subsequently engulfed the country, a commission of inquiry, the Waki Commission, commended its readiness and adjudged it to ""have performed its duty well."" Nevertheless, there have been serious allegations of human rights violations, most recently while conducting counter-insurgency operations in the Mt Elgon area and also in the district of Mandera central.",How did the Commission say it performed?,well
"The armed forces are regularly deployed in peacekeeping missions around the world. Further, in the aftermath of the national elections of December 2007 and the violence that subsequently engulfed the country, a commission of inquiry, the Waki Commission, commended its readiness and adjudged it to ""have performed its duty well."" Nevertheless, there have been serious allegations of human rights violations, most recently while conducting counter-insurgency operations in the Mt Elgon area and also in the district of Mandera central.",What were they doing when they were accused of violating human rights?,conducting counter-insurgency operations
"East and Central Africa's biggest economy has posted tremendous growth in the service sector, boosted by rapid expansion in telecommunication and financial activity over the last decade, and now[when?] contributes 62% of GDP. 22% of GDP still comes from the unreliable agricultural sector which employs 75% of the labour force (a consistent characteristic of under-developed economies that have not attained food security – an important catalyst of economic growth) A small portion of the population relies on food aid.[citation needed] Industry and manufacturing is the smallest sector, accounting for 16% of GDP. The service, industry and manufacturing sectors only employ 25% of the labour force but contribute 75% of GDP.",What has not been stagnant?,service sector
"East and Central Africa's biggest economy has posted tremendous growth in the service sector, boosted by rapid expansion in telecommunication and financial activity over the last decade, and now[when?] contributes 62% of GDP. 22% of GDP still comes from the unreliable agricultural sector which employs 75% of the labour force (a consistent characteristic of under-developed economies that have not attained food security – an important catalyst of economic growth) A small portion of the population relies on food aid.[citation needed] Industry and manufacturing is the smallest sector, accounting for 16% of GDP. The service, industry and manufacturing sectors only employ 25% of the labour force but contribute 75% of GDP.",What reaped the most reward from change?,service sector
"Kenya is a presidential representative democratic republic. The President is both the head of state and head of government, and of a multi-party system. Executive power is exercised by the government. Legislative power is vested in both the government and the National Assembly and the Senate. The Judiciary is independent of the executive and the legislature. There was growing concern especially during former president Daniel arap Moi's tenure that the executive was increasingly meddling with the affairs of the judiciary.[citation needed]",What was Daniel arap Moi's first name?,Daniel
"Kenya is a presidential representative democratic republic. The President is both the head of state and head of government, and of a multi-party system. Executive power is exercised by the government. Legislative power is vested in both the government and the National Assembly and the Senate. The Judiciary is independent of the executive and the legislature. There was growing concern especially during former president Daniel arap Moi's tenure that the executive was increasingly meddling with the affairs of the judiciary.[citation needed]",What was Daniel arap Moi's surname?,Moi
"Kenya is a presidential representative democratic republic. The President is both the head of state and head of government, and of a multi-party system. Executive power is exercised by the government. Legislative power is vested in both the government and the National Assembly and the Senate. The Judiciary is independent of the executive and the legislature. There was growing concern especially during former president Daniel arap Moi's tenure that the executive was increasingly meddling with the affairs of the judiciary.[citation needed]",Other than the government and National Assembly who has legislative power?,the Senate
"Kenya is a presidential representative democratic republic. The President is both the head of state and head of government, and of a multi-party system. Executive power is exercised by the government. Legislative power is vested in both the government and the National Assembly and the Senate. The Judiciary is independent of the executive and the legislature. There was growing concern especially during former president Daniel arap Moi's tenure that the executive was increasingly meddling with the affairs of the judiciary.[citation needed]","Other than the Senate and National Assembly, who has legislative power?",the government
"Kenya is a presidential representative democratic republic. The President is both the head of state and head of government, and of a multi-party system. Executive power is exercised by the government. Legislative power is vested in both the government and the National Assembly and the Senate. The Judiciary is independent of the executive and the legislature. There was growing concern especially during former president Daniel arap Moi's tenure that the executive was increasingly meddling with the affairs of the judiciary.[citation needed]",What is the President head of in addition to the state and the government?,a multi-party system
"The largest share of Kenya's electricity supply comes from hydroelectric stations at dams along the upper Tana River, as well as the Turkwel Gorge Dam in the west. A petroleum-fired plant on the coast, geothermal facilities at Olkaria (near Nairobi), and electricity imported from Uganda make up the rest of the supply. Kenya's installed capacity stood at 1,142 megawatts between 2001 and 2003. The state-owned Kenya Electricity Generating Company (KenGen), established in 1997 under the name of Kenya Power Company, handles the generation of electricity, while Kenya Power handles the electricity transmission and distribution system in the country. Shortfalls of electricity occur periodically, when drought reduces water flow. To become energy sufficient, Kenya aims to build a nuclear power plant by 2017.",What type of electricity does Kenya primarily use?,hydroelectric
"The largest share of Kenya's electricity supply comes from hydroelectric stations at dams along the upper Tana River, as well as the Turkwel Gorge Dam in the west. A petroleum-fired plant on the coast, geothermal facilities at Olkaria (near Nairobi), and electricity imported from Uganda make up the rest of the supply. Kenya's installed capacity stood at 1,142 megawatts between 2001 and 2003. The state-owned Kenya Electricity Generating Company (KenGen), established in 1997 under the name of Kenya Power Company, handles the generation of electricity, while Kenya Power handles the electricity transmission and distribution system in the country. Shortfalls of electricity occur periodically, when drought reduces water flow. To become energy sufficient, Kenya aims to build a nuclear power plant by 2017.",What is close to Oklaria?,Nairobi
"The largest share of Kenya's electricity supply comes from hydroelectric stations at dams along the upper Tana River, as well as the Turkwel Gorge Dam in the west. A petroleum-fired plant on the coast, geothermal facilities at Olkaria (near Nairobi), and electricity imported from Uganda make up the rest of the supply. Kenya's installed capacity stood at 1,142 megawatts between 2001 and 2003. The state-owned Kenya Electricity Generating Company (KenGen), established in 1997 under the name of Kenya Power Company, handles the generation of electricity, while Kenya Power handles the electricity transmission and distribution system in the country. Shortfalls of electricity occur periodically, when drought reduces water flow. To become energy sufficient, Kenya aims to build a nuclear power plant by 2017.",Who sends their electricity to Kenya?,Uganda
"The largest share of Kenya's electricity supply comes from hydroelectric stations at dams along the upper Tana River, as well as the Turkwel Gorge Dam in the west. A petroleum-fired plant on the coast, geothermal facilities at Olkaria (near Nairobi), and electricity imported from Uganda make up the rest of the supply. Kenya's installed capacity stood at 1,142 megawatts between 2001 and 2003. The state-owned Kenya Electricity Generating Company (KenGen), established in 1997 under the name of Kenya Power Company, handles the generation of electricity, while Kenya Power handles the electricity transmission and distribution system in the country. Shortfalls of electricity occur periodically, when drought reduces water flow. To become energy sufficient, Kenya aims to build a nuclear power plant by 2017.",How often do draughts reduce water flow?,periodically
"The largest share of Kenya's electricity supply comes from hydroelectric stations at dams along the upper Tana River, as well as the Turkwel Gorge Dam in the west. A petroleum-fired plant on the coast, geothermal facilities at Olkaria (near Nairobi), and electricity imported from Uganda make up the rest of the supply. Kenya's installed capacity stood at 1,142 megawatts between 2001 and 2003. The state-owned Kenya Electricity Generating Company (KenGen), established in 1997 under the name of Kenya Power Company, handles the generation of electricity, while Kenya Power handles the electricity transmission and distribution system in the country. Shortfalls of electricity occur periodically, when drought reduces water flow. To become energy sufficient, Kenya aims to build a nuclear power plant by 2017.",What is burned to generate electricity on the coast?,petroleum
"The country's literacy level stands at 85% of the whole population. Preschool, which targets children from age three to five, is an integral component of the education system and is a key requirement for admission to Standard One (First Grade). At the end of primary education, pupils sit the Kenya Certificate of Primary Education (KCPE), which determines those who proceed to secondary school or vocational training. The result of this examination is needed for placement at secondary school. Primary school age is 6/7-13/14 years. For those who proceed to secondary level, there is a national examination at the end of Form Four – the Kenya Certificate of Secondary Education (KCSE), which determines those proceeding to the universities, other professional training or employment. Students sit examinations in eight subjects of their choosing. However, English, Kiswahili (languages) and mathematics are compulsory subjects.",What grade would a four year old attend?,Preschool
"The country's literacy level stands at 85% of the whole population. Preschool, which targets children from age three to five, is an integral component of the education system and is a key requirement for admission to Standard One (First Grade). At the end of primary education, pupils sit the Kenya Certificate of Primary Education (KCPE), which determines those who proceed to secondary school or vocational training. The result of this examination is needed for placement at secondary school. Primary school age is 6/7-13/14 years. For those who proceed to secondary level, there is a national examination at the end of Form Four – the Kenya Certificate of Secondary Education (KCSE), which determines those proceeding to the universities, other professional training or employment. Students sit examinations in eight subjects of their choosing. However, English, Kiswahili (languages) and mathematics are compulsory subjects.",Why can't kids skip Preschool and learn at home?,key requirement for admission to Standard One
"The country's literacy level stands at 85% of the whole population. Preschool, which targets children from age three to five, is an integral component of the education system and is a key requirement for admission to Standard One (First Grade). At the end of primary education, pupils sit the Kenya Certificate of Primary Education (KCPE), which determines those who proceed to secondary school or vocational training. The result of this examination is needed for placement at secondary school. Primary school age is 6/7-13/14 years. For those who proceed to secondary level, there is a national examination at the end of Form Four – the Kenya Certificate of Secondary Education (KCSE), which determines those proceeding to the universities, other professional training or employment. Students sit examinations in eight subjects of their choosing. However, English, Kiswahili (languages) and mathematics are compulsory subjects.",How old are the kids when they start first grade?,6/7
"The country's literacy level stands at 85% of the whole population. Preschool, which targets children from age three to five, is an integral component of the education system and is a key requirement for admission to Standard One (First Grade). At the end of primary education, pupils sit the Kenya Certificate of Primary Education (KCPE), which determines those who proceed to secondary school or vocational training. The result of this examination is needed for placement at secondary school. Primary school age is 6/7-13/14 years. For those who proceed to secondary level, there is a national examination at the end of Form Four – the Kenya Certificate of Secondary Education (KCSE), which determines those proceeding to the universities, other professional training or employment. Students sit examinations in eight subjects of their choosing. However, English, Kiswahili (languages) and mathematics are compulsory subjects.",What is every student tested on other than language?,mathematics
"The country's literacy level stands at 85% of the whole population. Preschool, which targets children from age three to five, is an integral component of the education system and is a key requirement for admission to Standard One (First Grade). At the end of primary education, pupils sit the Kenya Certificate of Primary Education (KCPE), which determines those who proceed to secondary school or vocational training. The result of this examination is needed for placement at secondary school. Primary school age is 6/7-13/14 years. For those who proceed to secondary level, there is a national examination at the end of Form Four – the Kenya Certificate of Secondary Education (KCSE), which determines those proceeding to the universities, other professional training or employment. Students sit examinations in eight subjects of their choosing. However, English, Kiswahili (languages) and mathematics are compulsory subjects.",Where do the children who score poorly on their KCPE go?,vocational training
"Kenya won several medals during the Beijing Olympics, six gold, four silver and four bronze, making it Africa's most successful nation in the 2008 Olympics. New athletes gained attention, such as Pamela Jelimo, the women's 800m gold medalist who went ahead to win the IAAF Golden League jackpot, and Samuel Wanjiru who won the men's marathon. Retired Olympic and Commonwealth Games champion Kipchoge Keino helped usher in Kenya's ongoing distance dynasty in the 1970s and was followed by Commonwealth Champion Henry Rono's spectacular string of world record performances. Lately, there has been controversy in Kenyan athletics circles, with the defection of a number of Kenyan athletes to represent other countries, chiefly Bahrain and Qatar. The Kenyan Ministry of Sports has tried to stop the defections, but they have continued anyway, with Bernard Lagat the latest, choosing to represent the United States. Most of these defections occur because of economic or financial factors. Some elite Kenyan runners who cannot qualify for their country's strong national team find it easier to qualify by running for other countries.[citation needed]","Some Kenyan athlethes decide to compete for other countries when participating in the Olympics, such as the island of?",Bahrain
"Kenya won several medals during the Beijing Olympics, six gold, four silver and four bronze, making it Africa's most successful nation in the 2008 Olympics. New athletes gained attention, such as Pamela Jelimo, the women's 800m gold medalist who went ahead to win the IAAF Golden League jackpot, and Samuel Wanjiru who won the men's marathon. Retired Olympic and Commonwealth Games champion Kipchoge Keino helped usher in Kenya's ongoing distance dynasty in the 1970s and was followed by Commonwealth Champion Henry Rono's spectacular string of world record performances. Lately, there has been controversy in Kenyan athletics circles, with the defection of a number of Kenyan athletes to represent other countries, chiefly Bahrain and Qatar. The Kenyan Ministry of Sports has tried to stop the defections, but they have continued anyway, with Bernard Lagat the latest, choosing to represent the United States. Most of these defections occur because of economic or financial factors. Some elite Kenyan runners who cannot qualify for their country's strong national team find it easier to qualify by running for other countries.[citation needed]",A recent long distance runner that has chosen not to compete under their home country of Kenya was whom?,Bernard Lagat
"Kenya won several medals during the Beijing Olympics, six gold, four silver and four bronze, making it Africa's most successful nation in the 2008 Olympics. New athletes gained attention, such as Pamela Jelimo, the women's 800m gold medalist who went ahead to win the IAAF Golden League jackpot, and Samuel Wanjiru who won the men's marathon. Retired Olympic and Commonwealth Games champion Kipchoge Keino helped usher in Kenya's ongoing distance dynasty in the 1970s and was followed by Commonwealth Champion Henry Rono's spectacular string of world record performances. Lately, there has been controversy in Kenyan athletics circles, with the defection of a number of Kenyan athletes to represent other countries, chiefly Bahrain and Qatar. The Kenyan Ministry of Sports has tried to stop the defections, but they have continued anyway, with Bernard Lagat the latest, choosing to represent the United States. Most of these defections occur because of economic or financial factors. Some elite Kenyan runners who cannot qualify for their country's strong national team find it easier to qualify by running for other countries.[citation needed]","Some athlethes join other olympic teams from countries they are able to qualify for, but a great majority due so for what reason?",economic or financial factors
"The ""Big Five"" game animals of Africa, that is the lion, leopard, buffalo, rhinoceros, and elephant, can be found in Kenya and in the Masai Mara in particular. A significant population of other wild animals, reptiles and birds can be found in the national parks and game reserves in the country. The annual animal migration occurs between June and September with millions of animals taking part, attracting valuable foreign tourism. Two million wildebeest migrate a distance of 2,900 kilometres (1,802 mi) from the Serengeti in neighbouring Tanzania to the Masai Mara in Kenya, in a constant clockwise fashion, searching for food and water supplies. This Serengeti Migration of the wildebeest is a curious spectacle listed among the 10 Natural Wonders of Africa.","Which is the biggest of the ""Big Five"" game animals of Africa?",elephant
"The ""Big Five"" game animals of Africa, that is the lion, leopard, buffalo, rhinoceros, and elephant, can be found in Kenya and in the Masai Mara in particular. A significant population of other wild animals, reptiles and birds can be found in the national parks and game reserves in the country. The annual animal migration occurs between June and September with millions of animals taking part, attracting valuable foreign tourism. Two million wildebeest migrate a distance of 2,900 kilometres (1,802 mi) from the Serengeti in neighbouring Tanzania to the Masai Mara in Kenya, in a constant clockwise fashion, searching for food and water supplies. This Serengeti Migration of the wildebeest is a curious spectacle listed among the 10 Natural Wonders of Africa.","Where specifically can the ""Big Five"" game animals of Africa be found?",Masai Mara
"The ""Big Five"" game animals of Africa, that is the lion, leopard, buffalo, rhinoceros, and elephant, can be found in Kenya and in the Masai Mara in particular. A significant population of other wild animals, reptiles and birds can be found in the national parks and game reserves in the country. The annual animal migration occurs between June and September with millions of animals taking part, attracting valuable foreign tourism. Two million wildebeest migrate a distance of 2,900 kilometres (1,802 mi) from the Serengeti in neighbouring Tanzania to the Masai Mara in Kenya, in a constant clockwise fashion, searching for food and water supplies. This Serengeti Migration of the wildebeest is a curious spectacle listed among the 10 Natural Wonders of Africa.","Aside from constantly being on the move, what else must the animals involved in the Serengeti Migration do while they are migrating?",searching for food and water supplies
"The ""Big Five"" game animals of Africa, that is the lion, leopard, buffalo, rhinoceros, and elephant, can be found in Kenya and in the Masai Mara in particular. A significant population of other wild animals, reptiles and birds can be found in the national parks and game reserves in the country. The annual animal migration occurs between June and September with millions of animals taking part, attracting valuable foreign tourism. Two million wildebeest migrate a distance of 2,900 kilometres (1,802 mi) from the Serengeti in neighbouring Tanzania to the Masai Mara in Kenya, in a constant clockwise fashion, searching for food and water supplies. This Serengeti Migration of the wildebeest is a curious spectacle listed among the 10 Natural Wonders of Africa.","In addition to the ""Big Five' game animals of Africa, what other types of creatures would you expect to find if you were a tourist in Kenya?","wild animals, reptiles and birds"
"The ""Big Five"" game animals of Africa, that is the lion, leopard, buffalo, rhinoceros, and elephant, can be found in Kenya and in the Masai Mara in particular. A significant population of other wild animals, reptiles and birds can be found in the national parks and game reserves in the country. The annual animal migration occurs between June and September with millions of animals taking part, attracting valuable foreign tourism. Two million wildebeest migrate a distance of 2,900 kilometres (1,802 mi) from the Serengeti in neighbouring Tanzania to the Masai Mara in Kenya, in a constant clockwise fashion, searching for food and water supplies. This Serengeti Migration of the wildebeest is a curious spectacle listed among the 10 Natural Wonders of Africa.","The annual animal migration in Africa takes place for approximately four months, starting when?",June
"The ""Big Five"" game animals of Africa, that is the lion, leopard, buffalo, rhinoceros, and elephant, can be found in Kenya and in the Masai Mara in particular. A significant population of other wild animals, reptiles and birds can be found in the national parks and game reserves in the country. The annual animal migration occurs between June and September with millions of animals taking part, attracting valuable foreign tourism. Two million wildebeest migrate a distance of 2,900 kilometres (1,802 mi) from the Serengeti in neighbouring Tanzania to the Masai Mara in Kenya, in a constant clockwise fashion, searching for food and water supplies. This Serengeti Migration of the wildebeest is a curious spectacle listed among the 10 Natural Wonders of Africa.","Who is included in the ""Big Five""?","the lion, leopard, buffalo, rhinoceros, and elephant"
"The ""Big Five"" game animals of Africa, that is the lion, leopard, buffalo, rhinoceros, and elephant, can be found in Kenya and in the Masai Mara in particular. A significant population of other wild animals, reptiles and birds can be found in the national parks and game reserves in the country. The annual animal migration occurs between June and September with millions of animals taking part, attracting valuable foreign tourism. Two million wildebeest migrate a distance of 2,900 kilometres (1,802 mi) from the Serengeti in neighbouring Tanzania to the Masai Mara in Kenya, in a constant clockwise fashion, searching for food and water supplies. This Serengeti Migration of the wildebeest is a curious spectacle listed among the 10 Natural Wonders of Africa.",Where can you find a good concentration of the Big Five?,in the Masai Mara
"The ""Big Five"" game animals of Africa, that is the lion, leopard, buffalo, rhinoceros, and elephant, can be found in Kenya and in the Masai Mara in particular. A significant population of other wild animals, reptiles and birds can be found in the national parks and game reserves in the country. The annual animal migration occurs between June and September with millions of animals taking part, attracting valuable foreign tourism. Two million wildebeest migrate a distance of 2,900 kilometres (1,802 mi) from the Serengeti in neighbouring Tanzania to the Masai Mara in Kenya, in a constant clockwise fashion, searching for food and water supplies. This Serengeti Migration of the wildebeest is a curious spectacle listed among the 10 Natural Wonders of Africa.",When does migration end?,September
"The ""Big Five"" game animals of Africa, that is the lion, leopard, buffalo, rhinoceros, and elephant, can be found in Kenya and in the Masai Mara in particular. A significant population of other wild animals, reptiles and birds can be found in the national parks and game reserves in the country. The annual animal migration occurs between June and September with millions of animals taking part, attracting valuable foreign tourism. Two million wildebeest migrate a distance of 2,900 kilometres (1,802 mi) from the Serengeti in neighbouring Tanzania to the Masai Mara in Kenya, in a constant clockwise fashion, searching for food and water supplies. This Serengeti Migration of the wildebeest is a curious spectacle listed among the 10 Natural Wonders of Africa.",How does the annual animal migration help the area financially?,attracting valuable foreign tourism
"Diseases of poverty directly correlate with a country's economic performance and wealth distribution: Half of Kenyans live below the poverty level. Preventable diseases like malaria, HIV/AIDS, pneumonia, diarrhoea and malnutrition are the biggest burden, major child-killers, and responsible for much morbidity; weak policies, corruption, inadequate health workers, weak management and poor leadership in the public health sector are largely to blame. According to 2009 estimates, HIV prevalence is about 6.3% of the adult population. However, the 2011 UNAIDS Report suggests that the HIV epidemic may be improving in Kenya, as HIV prevalence is declining among young people (ages 15–24) and pregnant women. Kenya had an estimated 15 million cases of malaria in 2006.",What may be happening with the HIV epidemic in Kenya?,the HIV epidemic may be improving in Kenya
"Diseases of poverty directly correlate with a country's economic performance and wealth distribution: Half of Kenyans live below the poverty level. Preventable diseases like malaria, HIV/AIDS, pneumonia, diarrhoea and malnutrition are the biggest burden, major child-killers, and responsible for much morbidity; weak policies, corruption, inadequate health workers, weak management and poor leadership in the public health sector are largely to blame. According to 2009 estimates, HIV prevalence is about 6.3% of the adult population. However, the 2011 UNAIDS Report suggests that the HIV epidemic may be improving in Kenya, as HIV prevalence is declining among young people (ages 15–24) and pregnant women. Kenya had an estimated 15 million cases of malaria in 2006.",How is the leadership in the public health sector?,poor
"Diseases of poverty directly correlate with a country's economic performance and wealth distribution: Half of Kenyans live below the poverty level. Preventable diseases like malaria, HIV/AIDS, pneumonia, diarrhoea and malnutrition are the biggest burden, major child-killers, and responsible for much morbidity; weak policies, corruption, inadequate health workers, weak management and poor leadership in the public health sector are largely to blame. According to 2009 estimates, HIV prevalence is about 6.3% of the adult population. However, the 2011 UNAIDS Report suggests that the HIV epidemic may be improving in Kenya, as HIV prevalence is declining among young people (ages 15–24) and pregnant women. Kenya had an estimated 15 million cases of malaria in 2006.",What are the health workers like?,inadequate
"Diseases of poverty directly correlate with a country's economic performance and wealth distribution: Half of Kenyans live below the poverty level. Preventable diseases like malaria, HIV/AIDS, pneumonia, diarrhoea and malnutrition are the biggest burden, major child-killers, and responsible for much morbidity; weak policies, corruption, inadequate health workers, weak management and poor leadership in the public health sector are largely to blame. According to 2009 estimates, HIV prevalence is about 6.3% of the adult population. However, the 2011 UNAIDS Report suggests that the HIV epidemic may be improving in Kenya, as HIV prevalence is declining among young people (ages 15–24) and pregnant women. Kenya had an estimated 15 million cases of malaria in 2006.",What is the management like?,weak
"A consortium led by the International Crops Research Institute for the Semi-Arid Tropics (ICRISAT) has had some success in helping farmers grow new pigeon pea varieties, instead of maize, in particularly dry areas. Pigeon peas are very drought resistant, so can be grown in areas with less than 650 mm annual rainfall. Successive projects encouraged the commercialisation of legumes, by stimulating the growth of local seed production and agro-dealer networks for distribution and marketing. This work, which included linking producers to wholesalers, helped to increase local producer prices by 20–25% in Nairobi and Mombasa. The commercialisation of the pigeon pea is now enabling some farmers to buy assets, ranging from mobile phones to productive land and livestock, and is opening pathways for them to move out of poverty.","What does the ""R"" in ""ICRISAT"" stand for?",Research
"A consortium led by the International Crops Research Institute for the Semi-Arid Tropics (ICRISAT) has had some success in helping farmers grow new pigeon pea varieties, instead of maize, in particularly dry areas. Pigeon peas are very drought resistant, so can be grown in areas with less than 650 mm annual rainfall. Successive projects encouraged the commercialisation of legumes, by stimulating the growth of local seed production and agro-dealer networks for distribution and marketing. This work, which included linking producers to wholesalers, helped to increase local producer prices by 20–25% in Nairobi and Mombasa. The commercialisation of the pigeon pea is now enabling some farmers to buy assets, ranging from mobile phones to productive land and livestock, and is opening pathways for them to move out of poverty.","What does the second ""I"" in ICRISAT"" stand for?",Institute
"A consortium led by the International Crops Research Institute for the Semi-Arid Tropics (ICRISAT) has had some success in helping farmers grow new pigeon pea varieties, instead of maize, in particularly dry areas. Pigeon peas are very drought resistant, so can be grown in areas with less than 650 mm annual rainfall. Successive projects encouraged the commercialisation of legumes, by stimulating the growth of local seed production and agro-dealer networks for distribution and marketing. This work, which included linking producers to wholesalers, helped to increase local producer prices by 20–25% in Nairobi and Mombasa. The commercialisation of the pigeon pea is now enabling some farmers to buy assets, ranging from mobile phones to productive land and livestock, and is opening pathways for them to move out of poverty.","What does the ""T"" in ""ICRISAT"" stand for?",Tropics
"A consortium led by the International Crops Research Institute for the Semi-Arid Tropics (ICRISAT) has had some success in helping farmers grow new pigeon pea varieties, instead of maize, in particularly dry areas. Pigeon peas are very drought resistant, so can be grown in areas with less than 650 mm annual rainfall. Successive projects encouraged the commercialisation of legumes, by stimulating the growth of local seed production and agro-dealer networks for distribution and marketing. This work, which included linking producers to wholesalers, helped to increase local producer prices by 20–25% in Nairobi and Mombasa. The commercialisation of the pigeon pea is now enabling some farmers to buy assets, ranging from mobile phones to productive land and livestock, and is opening pathways for them to move out of poverty.","Peas are considered fruits under the field of Botany, more specifically it is classified under which fruit type?",legumes
"A consortium led by the International Crops Research Institute for the Semi-Arid Tropics (ICRISAT) has had some success in helping farmers grow new pigeon pea varieties, instead of maize, in particularly dry areas. Pigeon peas are very drought resistant, so can be grown in areas with less than 650 mm annual rainfall. Successive projects encouraged the commercialisation of legumes, by stimulating the growth of local seed production and agro-dealer networks for distribution and marketing. This work, which included linking producers to wholesalers, helped to increase local producer prices by 20–25% in Nairobi and Mombasa. The commercialisation of the pigeon pea is now enabling some farmers to buy assets, ranging from mobile phones to productive land and livestock, and is opening pathways for them to move out of poverty.",Which agricultural crop is considered by the passage to be practical to grow during droughts?,Pigeon peas
"A consortium led by the International Crops Research Institute for the Semi-Arid Tropics (ICRISAT) has had some success in helping farmers grow new pigeon pea varieties, instead of maize, in particularly dry areas. Pigeon peas are very drought resistant, so can be grown in areas with less than 650 mm annual rainfall. Successive projects encouraged the commercialisation of legumes, by stimulating the growth of local seed production and agro-dealer networks for distribution and marketing. This work, which included linking producers to wholesalers, helped to increase local producer prices by 20–25% in Nairobi and Mombasa. The commercialisation of the pigeon pea is now enabling some farmers to buy assets, ranging from mobile phones to productive land and livestock, and is opening pathways for them to move out of poverty.",Which climate occurence makes it difficult to grow maize and similar crops?,drought
"A consortium led by the International Crops Research Institute for the Semi-Arid Tropics (ICRISAT) has had some success in helping farmers grow new pigeon pea varieties, instead of maize, in particularly dry areas. Pigeon peas are very drought resistant, so can be grown in areas with less than 650 mm annual rainfall. Successive projects encouraged the commercialisation of legumes, by stimulating the growth of local seed production and agro-dealer networks for distribution and marketing. This work, which included linking producers to wholesalers, helped to increase local producer prices by 20–25% in Nairobi and Mombasa. The commercialisation of the pigeon pea is now enabling some farmers to buy assets, ranging from mobile phones to productive land and livestock, and is opening pathways for them to move out of poverty.",The capital of Kenya is called?,Nairobi
"A consortium led by the International Crops Research Institute for the Semi-Arid Tropics (ICRISAT) has had some success in helping farmers grow new pigeon pea varieties, instead of maize, in particularly dry areas. Pigeon peas are very drought resistant, so can be grown in areas with less than 650 mm annual rainfall. Successive projects encouraged the commercialisation of legumes, by stimulating the growth of local seed production and agro-dealer networks for distribution and marketing. This work, which included linking producers to wholesalers, helped to increase local producer prices by 20–25% in Nairobi and Mombasa. The commercialisation of the pigeon pea is now enabling some farmers to buy assets, ranging from mobile phones to productive land and livestock, and is opening pathways for them to move out of poverty.",One item that is possible for farmers to buy due to the commericalization of the pigeon pea that can be stored easily on one's attire are?,mobile phones
"The first Methodist clergy were ordained by John Wesley, a priest of the Church of England, because of the crisis caused by the American Revolution which isolated the Methodists in the States from the Church of England and its sacraments. Today, the clergy includes men and women who are ordained by bishops as elders and deacons and are appointed to various ministries. Elders in the United Methodist Church itenerate and are subject to the authority and appointment of their bishops. They generally serve as pastors in local congregations. Deacons are in service ministry and may serve as musicians, liturgists, educators, business administrators, and a number of other areas. Elders and deacons are required to obtain a master's degree (generally an M.Div.), or another equivalent degree, before commissioning and then ultimately ordination. Elders in full connection are each a member of their Annual Conference Order of Elders. Likewise each deacon in full connection is a member of their Annual Conference Order of Deacons.",Who was deprived?,Methodists in the States
"The first Methodist clergy were ordained by John Wesley, a priest of the Church of England, because of the crisis caused by the American Revolution which isolated the Methodists in the States from the Church of England and its sacraments. Today, the clergy includes men and women who are ordained by bishops as elders and deacons and are appointed to various ministries. Elders in the United Methodist Church itenerate and are subject to the authority and appointment of their bishops. They generally serve as pastors in local congregations. Deacons are in service ministry and may serve as musicians, liturgists, educators, business administrators, and a number of other areas. Elders and deacons are required to obtain a master's degree (generally an M.Div.), or another equivalent degree, before commissioning and then ultimately ordination. Elders in full connection are each a member of their Annual Conference Order of Elders. Likewise each deacon in full connection is a member of their Annual Conference Order of Deacons.",Where was there deprivation?,the States
"Nevertheless, The United Methodist Church ""implore[s] families and churches not to reject or condemn lesbian and gay members and friends"" and commits itself to be in ministry with all persons, affirming that God's grace, love, and forgiveness is available to all. Additionally, many organizations, conferences, and congregations have recently called for broader acceptance of the LGBT community within the UMC. For example, the Connectional Table, a governing committee, has voted in favor of a proposal that calls for a localized option, which would permit ministers to officiate same-sex weddings, and it would allow conferences to ordain gay clergy. Moreover, many conferences have taken a position by voting in favor of same-gender marriages with resolutions.",What does the UMC have to help govern the church?,Connectional Table
"Nevertheless, The United Methodist Church ""implore[s] families and churches not to reject or condemn lesbian and gay members and friends"" and commits itself to be in ministry with all persons, affirming that God's grace, love, and forgiveness is available to all. Additionally, many organizations, conferences, and congregations have recently called for broader acceptance of the LGBT community within the UMC. For example, the Connectional Table, a governing committee, has voted in favor of a proposal that calls for a localized option, which would permit ministers to officiate same-sex weddings, and it would allow conferences to ordain gay clergy. Moreover, many conferences have taken a position by voting in favor of same-gender marriages with resolutions.",What does the UMC believe about LGBT clergy?,it would allow conferences to ordain gay clergy
"Nevertheless, The United Methodist Church ""implore[s] families and churches not to reject or condemn lesbian and gay members and friends"" and commits itself to be in ministry with all persons, affirming that God's grace, love, and forgiveness is available to all. Additionally, many organizations, conferences, and congregations have recently called for broader acceptance of the LGBT community within the UMC. For example, the Connectional Table, a governing committee, has voted in favor of a proposal that calls for a localized option, which would permit ministers to officiate same-sex weddings, and it would allow conferences to ordain gay clergy. Moreover, many conferences have taken a position by voting in favor of same-gender marriages with resolutions.",What were ministers now allowed to do?,officiate same-sex weddings
"Nevertheless, The United Methodist Church ""implore[s] families and churches not to reject or condemn lesbian and gay members and friends"" and commits itself to be in ministry with all persons, affirming that God's grace, love, and forgiveness is available to all. Additionally, many organizations, conferences, and congregations have recently called for broader acceptance of the LGBT community within the UMC. For example, the Connectional Table, a governing committee, has voted in favor of a proposal that calls for a localized option, which would permit ministers to officiate same-sex weddings, and it would allow conferences to ordain gay clergy. Moreover, many conferences have taken a position by voting in favor of same-gender marriages with resolutions.",What did a lot of groups decide?,voting in favor of same-gender marriages
"Historically, the Methodist Church has supported the temperance movement. John Wesley warned against the dangers of drinking in his famous sermon, ""The Use of Money,"" and in his letter to an alcoholic. At one time, Methodist ministers had to take a pledge not to drink and encouraged their congregations to do the same. Today the United Methodist Church states that it ""affirms our long-standing support of abstinence from alcohol as a faithful witness to God's liberating and redeeming love for persons."" In fact, the United Methodist Church uses unfermented grape juice in the sacrament of Holy Communion, thus ""expressing pastoral concern for recovering alcoholics, enabling the participation of children and youth, and supporting the church's witness of abstinence."" Moreover, in 2011 and 2012, The United Methodist Church's General Board of Church and Society called on all United Methodists to abstain from alcohol for Lent.",What was frowned upon?,drinking
"Historically, the Methodist Church has supported the temperance movement. John Wesley warned against the dangers of drinking in his famous sermon, ""The Use of Money,"" and in his letter to an alcoholic. At one time, Methodist ministers had to take a pledge not to drink and encouraged their congregations to do the same. Today the United Methodist Church states that it ""affirms our long-standing support of abstinence from alcohol as a faithful witness to God's liberating and redeeming love for persons."" In fact, the United Methodist Church uses unfermented grape juice in the sacrament of Holy Communion, thus ""expressing pastoral concern for recovering alcoholics, enabling the participation of children and youth, and supporting the church's witness of abstinence."" Moreover, in 2011 and 2012, The United Methodist Church's General Board of Church and Society called on all United Methodists to abstain from alcohol for Lent.",What is needed to fully honor god?,abstinence
"Historically, the Methodist Church has supported the temperance movement. John Wesley warned against the dangers of drinking in his famous sermon, ""The Use of Money,"" and in his letter to an alcoholic. At one time, Methodist ministers had to take a pledge not to drink and encouraged their congregations to do the same. Today the United Methodist Church states that it ""affirms our long-standing support of abstinence from alcohol as a faithful witness to God's liberating and redeeming love for persons."" In fact, the United Methodist Church uses unfermented grape juice in the sacrament of Holy Communion, thus ""expressing pastoral concern for recovering alcoholics, enabling the participation of children and youth, and supporting the church's witness of abstinence."" Moreover, in 2011 and 2012, The United Methodist Church's General Board of Church and Society called on all United Methodists to abstain from alcohol for Lent.",What is unusual in a traditional ceremony of religion?,unfermented grape juice
"The United Methodist Church opposes conscription as incompatible with the teaching of Scripture. Therefore, the Church supports and extends its ministry to those persons who conscientiously oppose all war, or any particular war, and who therefore refuse to serve in the armed forces or to cooperate with systems of military conscription. However, the United Methodist Church also supports and extends its ministry to those persons who conscientiously choose to serve in the armed forces or to accept alternative service. The church also states that ""as Christians they are aware that neither the way of military action, nor the way of inaction is always righteous before God.""",what is the first group mentioned against?,conscription
"The United Methodist Church opposes conscription as incompatible with the teaching of Scripture. Therefore, the Church supports and extends its ministry to those persons who conscientiously oppose all war, or any particular war, and who therefore refuse to serve in the armed forces or to cooperate with systems of military conscription. However, the United Methodist Church also supports and extends its ministry to those persons who conscientiously choose to serve in the armed forces or to accept alternative service. The church also states that ""as Christians they are aware that neither the way of military action, nor the way of inaction is always righteous before God.""",what is the first group mentioned?,The United Methodist Church
"The United Methodist Church opposes conscription as incompatible with the teaching of Scripture. Therefore, the Church supports and extends its ministry to those persons who conscientiously oppose all war, or any particular war, and who therefore refuse to serve in the armed forces or to cooperate with systems of military conscription. However, the United Methodist Church also supports and extends its ministry to those persons who conscientiously choose to serve in the armed forces or to accept alternative service. The church also states that ""as Christians they are aware that neither the way of military action, nor the way of inaction is always righteous before God.""",what faith does the first group mentioned align itself with?,Methodist
"The United Methodist Church opposes conscription as incompatible with the teaching of Scripture. Therefore, the Church supports and extends its ministry to those persons who conscientiously oppose all war, or any particular war, and who therefore refuse to serve in the armed forces or to cooperate with systems of military conscription. However, the United Methodist Church also supports and extends its ministry to those persons who conscientiously choose to serve in the armed forces or to accept alternative service. The church also states that ""as Christians they are aware that neither the way of military action, nor the way of inaction is always righteous before God.""",what is the last authority figure mentioned?,God
"The United Methodist Church opposes conscription as incompatible with the teaching of Scripture. Therefore, the Church supports and extends its ministry to those persons who conscientiously oppose all war, or any particular war, and who therefore refuse to serve in the armed forces or to cooperate with systems of military conscription. However, the United Methodist Church also supports and extends its ministry to those persons who conscientiously choose to serve in the armed forces or to accept alternative service. The church also states that ""as Christians they are aware that neither the way of military action, nor the way of inaction is always righteous before God.""",what is the last faith group mentioned?,Christians
"The United Methodist Church understands itself to be part of the holy catholic (or universal) church and it recognizes the historic ecumenical creeds, the Apostle's Creed and the Nicene Creed; which are used frequently in services of worship. The Book of Discipline also recognizes the importance of the Chalcedonian Creed of the Council of Chalcedon. It upholds the concept of the ""visible and invisible Church,"" meaning that all who are truly believers in every age belong to the holy Church invisible, while the United Methodist Church is a branch of the Church visible, to which all believers must be connected as it is the only institution wherein the Word of God is preached and the Sacraments are administered.",A member of a Protestant church would be believed by Methodists to belong to which type of church?,invisible
"The United Methodist Church understands itself to be part of the holy catholic (or universal) church and it recognizes the historic ecumenical creeds, the Apostle's Creed and the Nicene Creed; which are used frequently in services of worship. The Book of Discipline also recognizes the importance of the Chalcedonian Creed of the Council of Chalcedon. It upholds the concept of the ""visible and invisible Church,"" meaning that all who are truly believers in every age belong to the holy Church invisible, while the United Methodist Church is a branch of the Church visible, to which all believers must be connected as it is the only institution wherein the Word of God is preached and the Sacraments are administered.",Individuals that practice Methodism and identify as a member of the Methodist Church would be a part of which of two main types of churches?,visible
"The United Methodist Church understands itself to be part of the holy catholic (or universal) church and it recognizes the historic ecumenical creeds, the Apostle's Creed and the Nicene Creed; which are used frequently in services of worship. The Book of Discipline also recognizes the importance of the Chalcedonian Creed of the Council of Chalcedon. It upholds the concept of the ""visible and invisible Church,"" meaning that all who are truly believers in every age belong to the holy Church invisible, while the United Methodist Church is a branch of the Church visible, to which all believers must be connected as it is the only institution wherein the Word of God is preached and the Sacraments are administered.","For a church to be considered visible, Methodists believe that said church must preach the word of god and administer what?",Sacraments
"Like many other mainline Protestant denominations in the United States, the United Methodist Church has experienced significant membership losses in recent decades. At the time of its formation, the UMC had about 11 million members in nearly 42,000 congregations. In 1975, membership dropped below 10 million for the first time. In 2005, there were about 8 million members in over 34,000 congregations. Membership is concentrated primarily in the Midwest and in the South. Texas has the largest number of members, with about 1 million. The states with the highest membership rates are Oklahoma, Iowa, Mississippi, West Virginia, and North Carolina.",To what period of time does the paragraph refer?,recent decades
"Like many other mainline Protestant denominations in the United States, the United Methodist Church has experienced significant membership losses in recent decades. At the time of its formation, the UMC had about 11 million members in nearly 42,000 congregations. In 1975, membership dropped below 10 million for the first time. In 2005, there were about 8 million members in over 34,000 congregations. Membership is concentrated primarily in the Midwest and in the South. Texas has the largest number of members, with about 1 million. The states with the highest membership rates are Oklahoma, Iowa, Mississippi, West Virginia, and North Carolina.",When was the largest number of members of the United Methodist Church?,At the time of its formation
"Like many other mainline Protestant denominations in the United States, the United Methodist Church has experienced significant membership losses in recent decades. At the time of its formation, the UMC had about 11 million members in nearly 42,000 congregations. In 1975, membership dropped below 10 million for the first time. In 2005, there were about 8 million members in over 34,000 congregations. Membership is concentrated primarily in the Midwest and in the South. Texas has the largest number of members, with about 1 million. The states with the highest membership rates are Oklahoma, Iowa, Mississippi, West Virginia, and North Carolina.",What is the largest number of congregations UMC ever had?,"42,000"
"Like many other mainline Protestant denominations in the United States, the United Methodist Church has experienced significant membership losses in recent decades. At the time of its formation, the UMC had about 11 million members in nearly 42,000 congregations. In 1975, membership dropped below 10 million for the first time. In 2005, there were about 8 million members in over 34,000 congregations. Membership is concentrated primarily in the Midwest and in the South. Texas has the largest number of members, with about 1 million. The states with the highest membership rates are Oklahoma, Iowa, Mississippi, West Virginia, and North Carolina.",What other churches are considered to have followed the same pattern UMC did?,many other mainline Protestant denominations
"The United Methodist Church, along with other Methodist churches, condemns capital punishment, saying that it cannot accept retribution or social vengeance as a reason for taking human life. The Church also holds that the death penalty falls unfairly and unequally upon marginalized persons including the poor, the uneducated, ethnic and religious minorities, and persons with mental and emotional illnesses. The United Methodist Church also believes that Jesus explicitly repudiated the lex talionis in Matthew 5:38-39 and abolished the death penalty in John 8:7. The General Conference of the United Methodist Church calls for its bishops to uphold opposition to capital punishment and for governments to enact an immediate moratorium on carrying out the death penalty sentence.",Singled out specifically among its Methodist brethren it says the Methodist doctrine does not accept the policy of an eye for an eye?,United Methodist Church
"The United Methodist Church, along with other Methodist churches, condemns capital punishment, saying that it cannot accept retribution or social vengeance as a reason for taking human life. The Church also holds that the death penalty falls unfairly and unequally upon marginalized persons including the poor, the uneducated, ethnic and religious minorities, and persons with mental and emotional illnesses. The United Methodist Church also believes that Jesus explicitly repudiated the lex talionis in Matthew 5:38-39 and abolished the death penalty in John 8:7. The General Conference of the United Methodist Church calls for its bishops to uphold opposition to capital punishment and for governments to enact an immediate moratorium on carrying out the death penalty sentence.",The Son of God distances himself ( in the book of Matthew) from this death policy explicitly in this chapter and verse?,5:38-39
"The United Methodist Church, along with other Methodist churches, condemns capital punishment, saying that it cannot accept retribution or social vengeance as a reason for taking human life. The Church also holds that the death penalty falls unfairly and unequally upon marginalized persons including the poor, the uneducated, ethnic and religious minorities, and persons with mental and emotional illnesses. The United Methodist Church also believes that Jesus explicitly repudiated the lex talionis in Matthew 5:38-39 and abolished the death penalty in John 8:7. The General Conference of the United Methodist Church calls for its bishops to uphold opposition to capital punishment and for governments to enact an immediate moratorium on carrying out the death penalty sentence.",This subset of the Church holds the policy that its ordained stand against the death penalty?,The General Conference
"The United Methodist Church, along with other Methodist churches, condemns capital punishment, saying that it cannot accept retribution or social vengeance as a reason for taking human life. The Church also holds that the death penalty falls unfairly and unequally upon marginalized persons including the poor, the uneducated, ethnic and religious minorities, and persons with mental and emotional illnesses. The United Methodist Church also believes that Jesus explicitly repudiated the lex talionis in Matthew 5:38-39 and abolished the death penalty in John 8:7. The General Conference of the United Methodist Church calls for its bishops to uphold opposition to capital punishment and for governments to enact an immediate moratorium on carrying out the death penalty sentence.",Their characterization on capital punishment as it applies to the less fortunate?,falls unfairly and unequally
"The United Methodist Church, along with other Methodist churches, condemns capital punishment, saying that it cannot accept retribution or social vengeance as a reason for taking human life. The Church also holds that the death penalty falls unfairly and unequally upon marginalized persons including the poor, the uneducated, ethnic and religious minorities, and persons with mental and emotional illnesses. The United Methodist Church also believes that Jesus explicitly repudiated the lex talionis in Matthew 5:38-39 and abolished the death penalty in John 8:7. The General Conference of the United Methodist Church calls for its bishops to uphold opposition to capital punishment and for governments to enact an immediate moratorium on carrying out the death penalty sentence.",They fought for the cessation of capital punishment being carried out by those in power?,General Conference of the United Methodist Church
"Justifying Grace or Accepting Grace is that grace, offered by God to all people, that we receive by faith and trust in Christ, through which God pardons the believer of sin. It is in justifying grace we are received by God, in spite of our sin. In this reception, we are forgiven through the atoning work of Jesus Christ on the cross. The justifying grace cancels our guilt and empowers us to resist the power of sin and to fully love God and neighbor. Today, justifying grace is also known as conversion, ""accepting Jesus as your personal Lord and Savior,"" or being ""born again"". John Wesley originally called this experience the New Birth. This experience can occur in different ways; it can be one transforming moment, such as an altar call experience, or it may involve a series of decisions across a period of time.",What is not grounds for exclusion?,sin
"Justifying Grace or Accepting Grace is that grace, offered by God to all people, that we receive by faith and trust in Christ, through which God pardons the believer of sin. It is in justifying grace we are received by God, in spite of our sin. In this reception, we are forgiven through the atoning work of Jesus Christ on the cross. The justifying grace cancels our guilt and empowers us to resist the power of sin and to fully love God and neighbor. Today, justifying grace is also known as conversion, ""accepting Jesus as your personal Lord and Savior,"" or being ""born again"". John Wesley originally called this experience the New Birth. This experience can occur in different ways; it can be one transforming moment, such as an altar call experience, or it may involve a series of decisions across a period of time.",What brings upon a sudden decision?,altar call experience
"St. George's United Methodist Church, located at the corner of 4th and New Streets, in the Old City neighborhood of Philadelphia, is the oldest Methodist church in continuous use in the United States, beginning in 1769. The congregation was founded in 1767, meeting initially in a sail loft on Dock Street, and in 1769 it purchased the shell of a building which had been erected in 1763 by a German Reformed congregation. At this time, Methodists had not yet broken away from the Anglican Church and the Methodist Episcopal Church was not founded until 1784.",Where is the oldest Methodist church at?,corner of 4th and New Streets
"St. George's United Methodist Church, located at the corner of 4th and New Streets, in the Old City neighborhood of Philadelphia, is the oldest Methodist church in continuous use in the United States, beginning in 1769. The congregation was founded in 1767, meeting initially in a sail loft on Dock Street, and in 1769 it purchased the shell of a building which had been erected in 1763 by a German Reformed congregation. At this time, Methodists had not yet broken away from the Anglican Church and the Methodist Episcopal Church was not founded until 1784.",What area is St. George in?,Old City neighborhood of Philadelphia
"St. George's United Methodist Church, located at the corner of 4th and New Streets, in the Old City neighborhood of Philadelphia, is the oldest Methodist church in continuous use in the United States, beginning in 1769. The congregation was founded in 1767, meeting initially in a sail loft on Dock Street, and in 1769 it purchased the shell of a building which had been erected in 1763 by a German Reformed congregation. At this time, Methodists had not yet broken away from the Anglican Church and the Methodist Episcopal Church was not founded until 1784.",When was St. George's UMC built?,1763
"St. George's United Methodist Church, located at the corner of 4th and New Streets, in the Old City neighborhood of Philadelphia, is the oldest Methodist church in continuous use in the United States, beginning in 1769. The congregation was founded in 1767, meeting initially in a sail loft on Dock Street, and in 1769 it purchased the shell of a building which had been erected in 1763 by a German Reformed congregation. At this time, Methodists had not yet broken away from the Anglican Church and the Methodist Episcopal Church was not founded until 1784.","Where did the church members meet before purchased, what is now, the church?",sail loft on Dock Street
"St. George's United Methodist Church, located at the corner of 4th and New Streets, in the Old City neighborhood of Philadelphia, is the oldest Methodist church in continuous use in the United States, beginning in 1769. The congregation was founded in 1767, meeting initially in a sail loft on Dock Street, and in 1769 it purchased the shell of a building which had been erected in 1763 by a German Reformed congregation. At this time, Methodists had not yet broken away from the Anglican Church and the Methodist Episcopal Church was not founded until 1784.",When was the Episcopal church created?,1784
"Wesleyan theology stands at a unique cross-roads between evangelical and sacramental, between liturgical and charismatic, and between Anglo-Catholic and Reformed theology and practice. It has been characterized as Arminian theology with an emphasis on the work of the Holy Spirit to bring holiness into the life of the participating believer. The United Methodist Church believes in prima scriptura, seeing the Holy Bible as the primary authority in the Church and using sacred tradition, reason, and experience to interpret it, with the aid of the Holy Spirit (see Wesleyan Quadrilateral). Therefore, according to The Book of Discipline, United Methodist theology is at once ""catholic, evangelical, and reformed."" Today, the UMC is generally considered one of the more moderate and tolerant denominations with respect to race, gender, and ideology, though the denomination itself actually includes a very wide spectrum of attitudes. Comparatively, the UMC stands to the right of liberal and progressive Protestant groups such as the United Church of Christ and the Episcopal Church on certain issues (especially regarding sexuality), but to the left of historically conservative evangelical traditions such as the Southern Baptists and Pentecostalism, in regard to theological matters such as social justice and Biblical interpretation. However, it should be noted that the UMC is made up of a broad diversity of thought, and so there are many clergy and laity within the UMC that hold differing viewpoints on such theological matters.",What methodology bases its teachings on four theological conclusions?,Wesleyan Quadrilateral
"Wesleyan theology stands at a unique cross-roads between evangelical and sacramental, between liturgical and charismatic, and between Anglo-Catholic and Reformed theology and practice. It has been characterized as Arminian theology with an emphasis on the work of the Holy Spirit to bring holiness into the life of the participating believer. The United Methodist Church believes in prima scriptura, seeing the Holy Bible as the primary authority in the Church and using sacred tradition, reason, and experience to interpret it, with the aid of the Holy Spirit (see Wesleyan Quadrilateral). Therefore, according to The Book of Discipline, United Methodist theology is at once ""catholic, evangelical, and reformed."" Today, the UMC is generally considered one of the more moderate and tolerant denominations with respect to race, gender, and ideology, though the denomination itself actually includes a very wide spectrum of attitudes. Comparatively, the UMC stands to the right of liberal and progressive Protestant groups such as the United Church of Christ and the Episcopal Church on certain issues (especially regarding sexuality), but to the left of historically conservative evangelical traditions such as the Southern Baptists and Pentecostalism, in regard to theological matters such as social justice and Biblical interpretation. However, it should be noted that the UMC is made up of a broad diversity of thought, and so there are many clergy and laity within the UMC that hold differing viewpoints on such theological matters.",What is of utmost importance to the UMC?,prima scriptura
"Wesleyan theology stands at a unique cross-roads between evangelical and sacramental, between liturgical and charismatic, and between Anglo-Catholic and Reformed theology and practice. It has been characterized as Arminian theology with an emphasis on the work of the Holy Spirit to bring holiness into the life of the participating believer. The United Methodist Church believes in prima scriptura, seeing the Holy Bible as the primary authority in the Church and using sacred tradition, reason, and experience to interpret it, with the aid of the Holy Spirit (see Wesleyan Quadrilateral). Therefore, according to The Book of Discipline, United Methodist theology is at once ""catholic, evangelical, and reformed."" Today, the UMC is generally considered one of the more moderate and tolerant denominations with respect to race, gender, and ideology, though the denomination itself actually includes a very wide spectrum of attitudes. Comparatively, the UMC stands to the right of liberal and progressive Protestant groups such as the United Church of Christ and the Episcopal Church on certain issues (especially regarding sexuality), but to the left of historically conservative evangelical traditions such as the Southern Baptists and Pentecostalism, in regard to theological matters such as social justice and Biblical interpretation. However, it should be noted that the UMC is made up of a broad diversity of thought, and so there are many clergy and laity within the UMC that hold differing viewpoints on such theological matters.",Who does the UMC seek guidance from?,the Holy Spirit
"Wesleyan theology stands at a unique cross-roads between evangelical and sacramental, between liturgical and charismatic, and between Anglo-Catholic and Reformed theology and practice. It has been characterized as Arminian theology with an emphasis on the work of the Holy Spirit to bring holiness into the life of the participating believer. The United Methodist Church believes in prima scriptura, seeing the Holy Bible as the primary authority in the Church and using sacred tradition, reason, and experience to interpret it, with the aid of the Holy Spirit (see Wesleyan Quadrilateral). Therefore, according to The Book of Discipline, United Methodist theology is at once ""catholic, evangelical, and reformed."" Today, the UMC is generally considered one of the more moderate and tolerant denominations with respect to race, gender, and ideology, though the denomination itself actually includes a very wide spectrum of attitudes. Comparatively, the UMC stands to the right of liberal and progressive Protestant groups such as the United Church of Christ and the Episcopal Church on certain issues (especially regarding sexuality), but to the left of historically conservative evangelical traditions such as the Southern Baptists and Pentecostalism, in regard to theological matters such as social justice and Biblical interpretation. However, it should be noted that the UMC is made up of a broad diversity of thought, and so there are many clergy and laity within the UMC that hold differing viewpoints on such theological matters.",What are the areas that UMC shows leniency?,"race, gender, and ideology"
"Prevenient grace, or the grace that ""goes before"" us, is given to all people. It is that power which enables us to love and motivates us to seek a relationship with God through Jesus Christ. This grace is the present work of God to turn us from our sin-corrupted human will to the loving will of the Father. In this work, God desires that we might sense both our sinfulness before God and God's offer of salvation. Prevenient grace allows those tainted by sin to nevertheless make a truly free choice to accept or reject God's salvation in Christ.",What are we considered to be before we receive prevenient grace?,sin-corrupted human
"Prevenient grace, or the grace that ""goes before"" us, is given to all people. It is that power which enables us to love and motivates us to seek a relationship with God through Jesus Christ. This grace is the present work of God to turn us from our sin-corrupted human will to the loving will of the Father. In this work, God desires that we might sense both our sinfulness before God and God's offer of salvation. Prevenient grace allows those tainted by sin to nevertheless make a truly free choice to accept or reject God's salvation in Christ.",What sort of will might we have after prevenient grace?,the loving will of the Father
"Prevenient grace, or the grace that ""goes before"" us, is given to all people. It is that power which enables us to love and motivates us to seek a relationship with God through Jesus Christ. This grace is the present work of God to turn us from our sin-corrupted human will to the loving will of the Father. In this work, God desires that we might sense both our sinfulness before God and God's offer of salvation. Prevenient grace allows those tainted by sin to nevertheless make a truly free choice to accept or reject God's salvation in Christ.",What does prevenient grace seek to rid of?,sin
"Throughout its history, the United Methodist Church has placed great emphasis on the importance of education. As such, the United Methodist Church established and is affiliated with around one hundred colleges and universities in the United States, including Syracuse University, Boston University, Emory University, Duke University, Drew University, University of Denver, University of Evansville, and Southern Methodist University. Most are members of the International Association of Methodist-related Schools, Colleges, and Universities. The church operates three hundred sixty schools and institutions overseas.",The United Methodist Church has how many schools internationally?,three hundred sixty
"Throughout its history, the United Methodist Church has placed great emphasis on the importance of education. As such, the United Methodist Church established and is affiliated with around one hundred colleges and universities in the United States, including Syracuse University, Boston University, Emory University, Duke University, Drew University, University of Denver, University of Evansville, and Southern Methodist University. Most are members of the International Association of Methodist-related Schools, Colleges, and Universities. The church operates three hundred sixty schools and institutions overseas.","Of the mentioned schools under the United Methodist Church in the US, which of them has a name similar to that of the church's?",Southern Methodist University
"Throughout its history, the United Methodist Church has placed great emphasis on the importance of education. As such, the United Methodist Church established and is affiliated with around one hundred colleges and universities in the United States, including Syracuse University, Boston University, Emory University, Duke University, Drew University, University of Denver, University of Evansville, and Southern Methodist University. Most are members of the International Association of Methodist-related Schools, Colleges, and Universities. The church operates three hundred sixty schools and institutions overseas.","Where does the United Methodist Church have more educational affiliates, in the US or overseas?",overseas
"Subordinate to the General Conference are the jurisdictional and central conferences which also meet every four years. The United States is divided into five jurisdictions: Northeastern, Southeastern, North Central, South Central and Western. Outside the United States the church is divided into seven central conferences: Africa, Congo, West Africa, Central & Southern Europe, Germany, Northern Europe and the Philippines. The main purpose of the jurisdictions and central conferences is to elect and appoint bishops, the chief administrators of the church. Bishops thus elected serve Episcopal Areas, which consist of one or more Annual Conferences.",Bishops are placed into position by what entities?,jurisdictions and central conferences
"Subordinate to the General Conference are the jurisdictional and central conferences which also meet every four years. The United States is divided into five jurisdictions: Northeastern, Southeastern, North Central, South Central and Western. Outside the United States the church is divided into seven central conferences: Africa, Congo, West Africa, Central & Southern Europe, Germany, Northern Europe and the Philippines. The main purpose of the jurisdictions and central conferences is to elect and appoint bishops, the chief administrators of the church. Bishops thus elected serve Episcopal Areas, which consist of one or more Annual Conferences.",Where are the chief administrators of the church placed after they appointed?,Episcopal Areas
"Subordinate to the General Conference are the jurisdictional and central conferences which also meet every four years. The United States is divided into five jurisdictions: Northeastern, Southeastern, North Central, South Central and Western. Outside the United States the church is divided into seven central conferences: Africa, Congo, West Africa, Central & Southern Europe, Germany, Northern Europe and the Philippines. The main purpose of the jurisdictions and central conferences is to elect and appoint bishops, the chief administrators of the church. Bishops thus elected serve Episcopal Areas, which consist of one or more Annual Conferences.",What type of conference is used in the US?,jurisdictional
"The United Methodist Church is organized into conferences. The highest level is called the General Conference and is the only organization which may speak officially for the church. The General Conference meets every four years (quadrennium). Legislative changes are recorded in The Book of Discipline which is revised after each General Conference. Non-legislative resolutions are recorded in the Book of Resolutions, which is published after each General Conference, and expire after eight years unless passed again by a subsequent session of General Conference. The last General Conference was held in Tampa, Florida, in 2012. The event is currently rotated between the U.S. jurisdictions of the church. The 2016 General Conference will be in Portland, Oregon. Bishops, Councils, Committees, Boards, Elders, etc., are not permitted to speak on behalf of The United Methodist Church as this authority is reserved solely for the General Conference in accordance with the Book of Discipline.",What is the separation of the Church?,conferences
"The United Methodist Church is organized into conferences. The highest level is called the General Conference and is the only organization which may speak officially for the church. The General Conference meets every four years (quadrennium). Legislative changes are recorded in The Book of Discipline which is revised after each General Conference. Non-legislative resolutions are recorded in the Book of Resolutions, which is published after each General Conference, and expire after eight years unless passed again by a subsequent session of General Conference. The last General Conference was held in Tampa, Florida, in 2012. The event is currently rotated between the U.S. jurisdictions of the church. The 2016 General Conference will be in Portland, Oregon. Bishops, Councils, Committees, Boards, Elders, etc., are not permitted to speak on behalf of The United Methodist Church as this authority is reserved solely for the General Conference in accordance with the Book of Discipline.",How is the Church grouped?,conferences
"The United Methodist Church is organized into conferences. The highest level is called the General Conference and is the only organization which may speak officially for the church. The General Conference meets every four years (quadrennium). Legislative changes are recorded in The Book of Discipline which is revised after each General Conference. Non-legislative resolutions are recorded in the Book of Resolutions, which is published after each General Conference, and expire after eight years unless passed again by a subsequent session of General Conference. The last General Conference was held in Tampa, Florida, in 2012. The event is currently rotated between the U.S. jurisdictions of the church. The 2016 General Conference will be in Portland, Oregon. Bishops, Councils, Committees, Boards, Elders, etc., are not permitted to speak on behalf of The United Methodist Church as this authority is reserved solely for the General Conference in accordance with the Book of Discipline.",What is rotated?,General Conference
"Sanctifying Grace is that grace of God which sustains the believers in the journey toward Christian Perfection: a genuine love of God with heart, soul, mind, and strength, and a genuine love of our neighbors as ourselves. Sanctifying grace enables us to respond to God by leading a Spirit-filled and Christ-like life aimed toward love. Wesley never claimed this state of perfection for himself but instead insisted the attainment of perfection was possible for all Christians. Here the English Reformer parted company with both Luther and Calvin, who denied that a man would ever reach a state in this life in which he could not fall into sin. Such a man can lose all inclination to evil and can gain perfection in this life.",Who must a believer love as themselves?,neighbors
"Sanctifying Grace is that grace of God which sustains the believers in the journey toward Christian Perfection: a genuine love of God with heart, soul, mind, and strength, and a genuine love of our neighbors as ourselves. Sanctifying grace enables us to respond to God by leading a Spirit-filled and Christ-like life aimed toward love. Wesley never claimed this state of perfection for himself but instead insisted the attainment of perfection was possible for all Christians. Here the English Reformer parted company with both Luther and Calvin, who denied that a man would ever reach a state in this life in which he could not fall into sin. Such a man can lose all inclination to evil and can gain perfection in this life.",Who thought perfection was possible?,Wesley
"Sanctifying Grace is that grace of God which sustains the believers in the journey toward Christian Perfection: a genuine love of God with heart, soul, mind, and strength, and a genuine love of our neighbors as ourselves. Sanctifying grace enables us to respond to God by leading a Spirit-filled and Christ-like life aimed toward love. Wesley never claimed this state of perfection for himself but instead insisted the attainment of perfection was possible for all Christians. Here the English Reformer parted company with both Luther and Calvin, who denied that a man would ever reach a state in this life in which he could not fall into sin. Such a man can lose all inclination to evil and can gain perfection in this life.",Who was considered to be an English Reformer that thought perfection was possible?,Wesley
"Studies on income inequality and growth have sometimes found evidence confirming the Kuznets curve hypothesis, which states that with economic development, inequality first increases, then decreases. Economist Thomas Piketty challenges this notion, claiming that from 1914 to 1945 wars and ""violent economic and political shocks"" reduced inequality. Moreover, Piketty argues that the ""magical"" Kuznets curve hypothesis, with its emphasis on the balancing of economic growth in the long run, cannot account for the significant increase in economic inequality throughout the developed world since the 1970s.",What gets worse before better?,"development, inequality"
"Studies on income inequality and growth have sometimes found evidence confirming the Kuznets curve hypothesis, which states that with economic development, inequality first increases, then decreases. Economist Thomas Piketty challenges this notion, claiming that from 1914 to 1945 wars and ""violent economic and political shocks"" reduced inequality. Moreover, Piketty argues that the ""magical"" Kuznets curve hypothesis, with its emphasis on the balancing of economic growth in the long run, cannot account for the significant increase in economic inequality throughout the developed world since the 1970s.",What is said to be unreasonable?,Kuznets curve hypothesis
"Studies on income inequality and growth have sometimes found evidence confirming the Kuznets curve hypothesis, which states that with economic development, inequality first increases, then decreases. Economist Thomas Piketty challenges this notion, claiming that from 1914 to 1945 wars and ""violent economic and political shocks"" reduced inequality. Moreover, Piketty argues that the ""magical"" Kuznets curve hypothesis, with its emphasis on the balancing of economic growth in the long run, cannot account for the significant increase in economic inequality throughout the developed world since the 1970s.",What refutes the accepted idea?,increase in economic inequality throughout the developed world since the 1970s
"For most of human history higher material living standards – full stomachs, access to clean water and warmth from fuel – led to better health and longer lives. This pattern of higher incomes-longer lives still holds among poorer countries, where life expectancy increases rapidly as per capita income increases, but in recent decades it has slowed down among middle income countries and plateaued among the richest thirty or so countries in the world. Americans live no longer on average (about 77 years in 2004) than Greeks (78 years) or New Zealanders (78), though the USA has a higher GDP per capita. Life expectancy in Sweden (80 years) and Japan (82) – where income was more equally distributed – was longer.",What kept humans from getting too cold?,fuel
"For most of human history higher material living standards – full stomachs, access to clean water and warmth from fuel – led to better health and longer lives. This pattern of higher incomes-longer lives still holds among poorer countries, where life expectancy increases rapidly as per capita income increases, but in recent decades it has slowed down among middle income countries and plateaued among the richest thirty or so countries in the world. Americans live no longer on average (about 77 years in 2004) than Greeks (78 years) or New Zealanders (78), though the USA has a higher GDP per capita. Life expectancy in Sweden (80 years) and Japan (82) – where income was more equally distributed – was longer.",Who was the highest life expectancy?,Japan
"For most of human history higher material living standards – full stomachs, access to clean water and warmth from fuel – led to better health and longer lives. This pattern of higher incomes-longer lives still holds among poorer countries, where life expectancy increases rapidly as per capita income increases, but in recent decades it has slowed down among middle income countries and plateaued among the richest thirty or so countries in the world. Americans live no longer on average (about 77 years in 2004) than Greeks (78 years) or New Zealanders (78), though the USA has a higher GDP per capita. Life expectancy in Sweden (80 years) and Japan (82) – where income was more equally distributed – was longer.",Which country mentioned has the lowest life expectancy rate?,Americans
"2013 Economics Nobel prize winner Robert J. Shiller said that rising inequality in the United States and elsewhere is the most important problem. Increasing inequality harms economic growth. High and persistent unemployment, in which inequality increases, has a negative effect on subsequent long-run economic growth. Unemployment can harm growth not only because it is a waste of resources, but also because it generates redistributive pressures and subsequent distortions, drives people to poverty, constrains liquidity limiting labor mobility, and erodes self-esteem promoting social dislocation, unrest and conflict. Policies aiming at controlling unemployment and in particular at reducing its inequality-associated effects support economic growth.",What directs people to poverty?,Unemployment
"2013 Economics Nobel prize winner Robert J. Shiller said that rising inequality in the United States and elsewhere is the most important problem. Increasing inequality harms economic growth. High and persistent unemployment, in which inequality increases, has a negative effect on subsequent long-run economic growth. Unemployment can harm growth not only because it is a waste of resources, but also because it generates redistributive pressures and subsequent distortions, drives people to poverty, constrains liquidity limiting labor mobility, and erodes self-esteem promoting social dislocation, unrest and conflict. Policies aiming at controlling unemployment and in particular at reducing its inequality-associated effects support economic growth.",What did the policies do?,reducing its inequality-associated effects support economic growth
"2013 Economics Nobel prize winner Robert J. Shiller said that rising inequality in the United States and elsewhere is the most important problem. Increasing inequality harms economic growth. High and persistent unemployment, in which inequality increases, has a negative effect on subsequent long-run economic growth. Unemployment can harm growth not only because it is a waste of resources, but also because it generates redistributive pressures and subsequent distortions, drives people to poverty, constrains liquidity limiting labor mobility, and erodes self-esteem promoting social dislocation, unrest and conflict. Policies aiming at controlling unemployment and in particular at reducing its inequality-associated effects support economic growth.",Giving more to what is more harm for our economy?,inequality
"2013 Economics Nobel prize winner Robert J. Shiller said that rising inequality in the United States and elsewhere is the most important problem. Increasing inequality harms economic growth. High and persistent unemployment, in which inequality increases, has a negative effect on subsequent long-run economic growth. Unemployment can harm growth not only because it is a waste of resources, but also because it generates redistributive pressures and subsequent distortions, drives people to poverty, constrains liquidity limiting labor mobility, and erodes self-esteem promoting social dislocation, unrest and conflict. Policies aiming at controlling unemployment and in particular at reducing its inequality-associated effects support economic growth.",What were they trying to reduce?,inequality
"Trade liberalization may shift economic inequality from a global to a domestic scale. When rich countries trade with poor countries, the low-skilled workers in the rich countries may see reduced wages as a result of the competition, while low-skilled workers in the poor countries may see increased wages. Trade economist Paul Krugman estimates that trade liberalisation has had a measurable effect on the rising inequality in the United States. He attributes this trend to increased trade with poor countries and the fragmentation of the means of production, resulting in low skilled jobs becoming more tradeable. However, he concedes that the effect of trade on inequality in America is minor when compared to other causes, such as technological innovation, a view shared by other experts. Empirical economists Max Roser and Jesus Crespo-Cuaresma find support in the data that international trade is increasing income inequality. They empirically confirm the predictions of the Stolper–Samuelson theorem regarding the effects of international trade on the distribution of incomes. Lawrence Katz estimates that trade has only accounted for 5-15% of rising income inequality. Robert Lawrence argues that technological innovation and automation has meant that low-skilled jobs have been replaced by machine labor in wealthier nations, and that wealthier countries no longer have significant numbers of low-skilled manufacturing workers that could be affected by competition from poor countries.",Why do wealthier countries no longer have large number of low-skilled manufacturing workers?,low-skilled jobs have been replaced by machine labor
"Trade liberalization may shift economic inequality from a global to a domestic scale. When rich countries trade with poor countries, the low-skilled workers in the rich countries may see reduced wages as a result of the competition, while low-skilled workers in the poor countries may see increased wages. Trade economist Paul Krugman estimates that trade liberalisation has had a measurable effect on the rising inequality in the United States. He attributes this trend to increased trade with poor countries and the fragmentation of the means of production, resulting in low skilled jobs becoming more tradeable. However, he concedes that the effect of trade on inequality in America is minor when compared to other causes, such as technological innovation, a view shared by other experts. Empirical economists Max Roser and Jesus Crespo-Cuaresma find support in the data that international trade is increasing income inequality. They empirically confirm the predictions of the Stolper–Samuelson theorem regarding the effects of international trade on the distribution of incomes. Lawrence Katz estimates that trade has only accounted for 5-15% of rising income inequality. Robert Lawrence argues that technological innovation and automation has meant that low-skilled jobs have been replaced by machine labor in wealthier nations, and that wealthier countries no longer have significant numbers of low-skilled manufacturing workers that could be affected by competition from poor countries.",What has helped to increase income inequality?,international trade
"Trade liberalization may shift economic inequality from a global to a domestic scale. When rich countries trade with poor countries, the low-skilled workers in the rich countries may see reduced wages as a result of the competition, while low-skilled workers in the poor countries may see increased wages. Trade economist Paul Krugman estimates that trade liberalisation has had a measurable effect on the rising inequality in the United States. He attributes this trend to increased trade with poor countries and the fragmentation of the means of production, resulting in low skilled jobs becoming more tradeable. However, he concedes that the effect of trade on inequality in America is minor when compared to other causes, such as technological innovation, a view shared by other experts. Empirical economists Max Roser and Jesus Crespo-Cuaresma find support in the data that international trade is increasing income inequality. They empirically confirm the predictions of the Stolper–Samuelson theorem regarding the effects of international trade on the distribution of incomes. Lawrence Katz estimates that trade has only accounted for 5-15% of rising income inequality. Robert Lawrence argues that technological innovation and automation has meant that low-skilled jobs have been replaced by machine labor in wealthier nations, and that wealthier countries no longer have significant numbers of low-skilled manufacturing workers that could be affected by competition from poor countries.",What accounts for 5-15% of rising income inequality?,trade
"Trade liberalization may shift economic inequality from a global to a domestic scale. When rich countries trade with poor countries, the low-skilled workers in the rich countries may see reduced wages as a result of the competition, while low-skilled workers in the poor countries may see increased wages. Trade economist Paul Krugman estimates that trade liberalisation has had a measurable effect on the rising inequality in the United States. He attributes this trend to increased trade with poor countries and the fragmentation of the means of production, resulting in low skilled jobs becoming more tradeable. However, he concedes that the effect of trade on inequality in America is minor when compared to other causes, such as technological innovation, a view shared by other experts. Empirical economists Max Roser and Jesus Crespo-Cuaresma find support in the data that international trade is increasing income inequality. They empirically confirm the predictions of the Stolper–Samuelson theorem regarding the effects of international trade on the distribution of incomes. Lawrence Katz estimates that trade has only accounted for 5-15% of rising income inequality. Robert Lawrence argues that technological innovation and automation has meant that low-skilled jobs have been replaced by machine labor in wealthier nations, and that wealthier countries no longer have significant numbers of low-skilled manufacturing workers that could be affected by competition from poor countries.",What is the effect of trade inequality in America compared to other causes?,minor
"Economist Joseph Stiglitz argues that rather than explaining concentrations of wealth and income, market forces should serve as a brake on such concentration, which may better be explained by the non-market force known as ""rent-seeking"". While the market will bid up compensation for rare and desired skills to reward wealth creation, greater productivity, etc., it will also prevent successful entrepreneurs from earning excess profits by fostering competition to cut prices, profits and large compensation. A better explainer of growing inequality, according to Stiglitz, is the use of political power generated by wealth by certain groups to shape government policies financially beneficial to them. This process, known to economists as rent-seeking, brings income not from creation of wealth but from ""grabbing a larger share of the wealth that would otherwise have been produced without their effort""",What is the concept of economic gain without any reciprocal contribution?,rent-seeking
"Economist Joseph Stiglitz argues that rather than explaining concentrations of wealth and income, market forces should serve as a brake on such concentration, which may better be explained by the non-market force known as ""rent-seeking"". While the market will bid up compensation for rare and desired skills to reward wealth creation, greater productivity, etc., it will also prevent successful entrepreneurs from earning excess profits by fostering competition to cut prices, profits and large compensation. A better explainer of growing inequality, according to Stiglitz, is the use of political power generated by wealth by certain groups to shape government policies financially beneficial to them. This process, known to economists as rent-seeking, brings income not from creation of wealth but from ""grabbing a larger share of the wealth that would otherwise have been produced without their effort""",What occupation theorizes on distribution and consumption of goods and services?,Economist
"Economist Joseph Stiglitz argues that rather than explaining concentrations of wealth and income, market forces should serve as a brake on such concentration, which may better be explained by the non-market force known as ""rent-seeking"". While the market will bid up compensation for rare and desired skills to reward wealth creation, greater productivity, etc., it will also prevent successful entrepreneurs from earning excess profits by fostering competition to cut prices, profits and large compensation. A better explainer of growing inequality, according to Stiglitz, is the use of political power generated by wealth by certain groups to shape government policies financially beneficial to them. This process, known to economists as rent-seeking, brings income not from creation of wealth but from ""grabbing a larger share of the wealth that would otherwise have been produced without their effort""",How does rent-seeking hurt businesses?,"by fostering competition to cut prices, profits and large compensation"
"In a purely capitalist mode of production (i.e. where professional and labor organizations cannot limit the number of workers) the workers wages will not be controlled by these organizations, or by the employer, but rather by the market. Wages work in the same way as prices for any other good. Thus, wages can be considered as a function of market price of skill. And therefore, inequality is driven by this price. Under the law of supply and demand, the price of skill is determined by a race between the demand for the skilled worker and the supply of the skilled worker. ""On the other hand, markets can also concentrate wealth, pass environmental costs on to society, and abuse workers and consumers."" ""Markets, by themselves, even when they are stable, often lead to high levels of inequality, outcomes that are widely viewed as unfair."" Employers who offer a below market wage will find that their business is chronically understaffed. Their competitors will take advantage of the situation by offering a higher wage the best of their labor. For a businessman who has the profit motive as the prime interest, it is a losing proposition to offer below or above market wages to workers.",What determines worker wages?,the market
"In a purely capitalist mode of production (i.e. where professional and labor organizations cannot limit the number of workers) the workers wages will not be controlled by these organizations, or by the employer, but rather by the market. Wages work in the same way as prices for any other good. Thus, wages can be considered as a function of market price of skill. And therefore, inequality is driven by this price. Under the law of supply and demand, the price of skill is determined by a race between the demand for the skilled worker and the supply of the skilled worker. ""On the other hand, markets can also concentrate wealth, pass environmental costs on to society, and abuse workers and consumers."" ""Markets, by themselves, even when they are stable, often lead to high levels of inequality, outcomes that are widely viewed as unfair."" Employers who offer a below market wage will find that their business is chronically understaffed. Their competitors will take advantage of the situation by offering a higher wage the best of their labor. For a businessman who has the profit motive as the prime interest, it is a losing proposition to offer below or above market wages to workers.",Market Price is set according to which factor?,skill
"In a purely capitalist mode of production (i.e. where professional and labor organizations cannot limit the number of workers) the workers wages will not be controlled by these organizations, or by the employer, but rather by the market. Wages work in the same way as prices for any other good. Thus, wages can be considered as a function of market price of skill. And therefore, inequality is driven by this price. Under the law of supply and demand, the price of skill is determined by a race between the demand for the skilled worker and the supply of the skilled worker. ""On the other hand, markets can also concentrate wealth, pass environmental costs on to society, and abuse workers and consumers."" ""Markets, by themselves, even when they are stable, often lead to high levels of inequality, outcomes that are widely viewed as unfair."" Employers who offer a below market wage will find that their business is chronically understaffed. Their competitors will take advantage of the situation by offering a higher wage the best of their labor. For a businessman who has the profit motive as the prime interest, it is a losing proposition to offer below or above market wages to workers.",What is a consequence of skill based market prices for labor?,inequality
"In a purely capitalist mode of production (i.e. where professional and labor organizations cannot limit the number of workers) the workers wages will not be controlled by these organizations, or by the employer, but rather by the market. Wages work in the same way as prices for any other good. Thus, wages can be considered as a function of market price of skill. And therefore, inequality is driven by this price. Under the law of supply and demand, the price of skill is determined by a race between the demand for the skilled worker and the supply of the skilled worker. ""On the other hand, markets can also concentrate wealth, pass environmental costs on to society, and abuse workers and consumers."" ""Markets, by themselves, even when they are stable, often lead to high levels of inequality, outcomes that are widely viewed as unfair."" Employers who offer a below market wage will find that their business is chronically understaffed. Their competitors will take advantage of the situation by offering a higher wage the best of their labor. For a businessman who has the profit motive as the prime interest, it is a losing proposition to offer below or above market wages to workers.",How are demand for skilled workers and supply of skilled workers related?,the price of skill is determined by a race between the demand for the skilled worker and the supply of the skilled worker
"In 2014, economists with the Standard & Poor's rating agency concluded that the widening disparity between the U.S.'s wealthiest citizens and the rest of the nation had slowed its recovery from the 2008-2009 recession and made it more prone to boom-and-bust cycles. To partially remedy the wealth gap and the resulting slow growth, S&P recommended increasing access to education. It estimated that if the average United States worker had completed just one more year of school, it would add an additional $105 billion in growth to the country's economy over five years.",How much more education would workers need to add billions to growth?,one more year of school
"In 2014, economists with the Standard & Poor's rating agency concluded that the widening disparity between the U.S.'s wealthiest citizens and the rest of the nation had slowed its recovery from the 2008-2009 recession and made it more prone to boom-and-bust cycles. To partially remedy the wealth gap and the resulting slow growth, S&P recommended increasing access to education. It estimated that if the average United States worker had completed just one more year of school, it would add an additional $105 billion in growth to the country's economy over five years.",What was S&P's idea on how to deal with disparity?,increasing access to education
"In 2014, economists with the Standard & Poor's rating agency concluded that the widening disparity between the U.S.'s wealthiest citizens and the rest of the nation had slowed its recovery from the 2008-2009 recession and made it more prone to boom-and-bust cycles. To partially remedy the wealth gap and the resulting slow growth, S&P recommended increasing access to education. It estimated that if the average United States worker had completed just one more year of school, it would add an additional $105 billion in growth to the country's economy over five years.",What does S&P stand for?,Standard & Poor
"In 2014, economists with the Standard & Poor's rating agency concluded that the widening disparity between the U.S.'s wealthiest citizens and the rest of the nation had slowed its recovery from the 2008-2009 recession and made it more prone to boom-and-bust cycles. To partially remedy the wealth gap and the resulting slow growth, S&P recommended increasing access to education. It estimated that if the average United States worker had completed just one more year of school, it would add an additional $105 billion in growth to the country's economy over five years.",What was the downside to the slow recovery of the recession?,more prone to boom-and-bust cycles
"In 2014, economists with the Standard & Poor's rating agency concluded that the widening disparity between the U.S.'s wealthiest citizens and the rest of the nation had slowed its recovery from the 2008-2009 recession and made it more prone to boom-and-bust cycles. To partially remedy the wealth gap and the resulting slow growth, S&P recommended increasing access to education. It estimated that if the average United States worker had completed just one more year of school, it would add an additional $105 billion in growth to the country's economy over five years.",Who would need to do something to add $105 billion to economy?,average United States worker
"During the mass high school education movement from 1910–1940, there was an increase in skilled workers, which led to a decrease in the price of skilled labor. High school education during the period was designed to equip students with necessary skill sets to be able to perform at work. In fact, it differs from the present high school education, which is regarded as a stepping-stone to acquire college and advanced degrees. This decrease in wages caused a period of compression and decreased inequality between skilled and unskilled workers. Education is very important for the growth of the economy, however educational inequality in gender also influence towards the economy. Lagerlof and Galor stated that gender inequality in education can result to low economic growth, and continued gender inequality in education, thus creating a poverty trap. It is suggested that a large gap in male and female education may indicate backwardness and so may be associated with lower economic growth, which can explain why there is economic inequality between countries.",What was education focused on during this time?,to equip students with necessary skill sets to be able to perform at work
"During the mass high school education movement from 1910–1940, there was an increase in skilled workers, which led to a decrease in the price of skilled labor. High school education during the period was designed to equip students with necessary skill sets to be able to perform at work. In fact, it differs from the present high school education, which is regarded as a stepping-stone to acquire college and advanced degrees. This decrease in wages caused a period of compression and decreased inequality between skilled and unskilled workers. Education is very important for the growth of the economy, however educational inequality in gender also influence towards the economy. Lagerlof and Galor stated that gender inequality in education can result to low economic growth, and continued gender inequality in education, thus creating a poverty trap. It is suggested that a large gap in male and female education may indicate backwardness and so may be associated with lower economic growth, which can explain why there is economic inequality between countries.",What is education focused on now?,a stepping-stone to acquire college and advanced degrees
"During the mass high school education movement from 1910–1940, there was an increase in skilled workers, which led to a decrease in the price of skilled labor. High school education during the period was designed to equip students with necessary skill sets to be able to perform at work. In fact, it differs from the present high school education, which is regarded as a stepping-stone to acquire college and advanced degrees. This decrease in wages caused a period of compression and decreased inequality between skilled and unskilled workers. Education is very important for the growth of the economy, however educational inequality in gender also influence towards the economy. Lagerlof and Galor stated that gender inequality in education can result to low economic growth, and continued gender inequality in education, thus creating a poverty trap. It is suggested that a large gap in male and female education may indicate backwardness and so may be associated with lower economic growth, which can explain why there is economic inequality between countries.",Why did we have so many skilled workers between 1910 and 1940?,the mass high school education movement
"Neoclassical economics views inequalities in the distribution of income as arising from differences in value added by labor, capital and land. Within labor income distribution is due to differences in value added by different classifications of workers. In this perspective, wages and profits are determined by the marginal value added of each economic actor (worker, capitalist/business owner, landlord). Thus, in a market economy, inequality is a reflection of the productivity gap between highly-paid professions and lower-paid professions.",Where does this theory originate from?,Neoclassical economics
"Sociologist Jake Rosenfield of the University of Washington asserts that the decline of organized labor in the United States has played a more significant role in expanding the income gap than technological changes and globalization, which were also experienced by other industrialized nations that didn't experience steep surges in inequality. He points out that nations with high rates of unionization, particularly in Scandinavia, have very low levels of inequality, and concludes ""the historical pattern is clear; the cross-national pattern is clear: high inequality goes hand-in-hand with weak labor movements and vice-versa.""",What field of study is Jake Rosenfield in?,Sociologist
"Sociologist Jake Rosenfield of the University of Washington asserts that the decline of organized labor in the United States has played a more significant role in expanding the income gap than technological changes and globalization, which were also experienced by other industrialized nations that didn't experience steep surges in inequality. He points out that nations with high rates of unionization, particularly in Scandinavia, have very low levels of inequality, and concludes ""the historical pattern is clear; the cross-national pattern is clear: high inequality goes hand-in-hand with weak labor movements and vice-versa.""",What might have played a less significant role in the income gap?,technological changes and globalization
"Sociologist Jake Rosenfield of the University of Washington asserts that the decline of organized labor in the United States has played a more significant role in expanding the income gap than technological changes and globalization, which were also experienced by other industrialized nations that didn't experience steep surges in inequality. He points out that nations with high rates of unionization, particularly in Scandinavia, have very low levels of inequality, and concludes ""the historical pattern is clear; the cross-national pattern is clear: high inequality goes hand-in-hand with weak labor movements and vice-versa.""",WHo did not experience steep surges in inequality?,Scandinavia
"A job where there are many workers willing to work a large amount of time (high supply) competing for a job that few require (low demand) will result in a low wage for that job. This is because competition between workers drives down the wage. An example of this would be jobs such as dish-washing or customer service. Competition amongst workers tends to drive down wages due to the expendable nature of the worker in relation to his or her particular job. A job where there are few able or willing workers (low supply), but a large need for the positions (high demand), will result in high wages for that job. This is because competition between employers for employees will drive up the wage. Examples of this would include jobs that require highly developed skills, rare abilities, or a high level of risk. Competition amongst employers tends to drive up wages due to the nature of the job, since there is a relative shortage of workers for the particular position. Professional and labor organizations may limit the supply of workers which results in higher demand and greater incomes for members. Members may also receive higher wages through collective bargaining, political influence, or corruption.",what will happen to wages when there are few workers and a lot of jobs?,high wages
"A job where there are many workers willing to work a large amount of time (high supply) competing for a job that few require (low demand) will result in a low wage for that job. This is because competition between workers drives down the wage. An example of this would be jobs such as dish-washing or customer service. Competition amongst workers tends to drive down wages due to the expendable nature of the worker in relation to his or her particular job. A job where there are few able or willing workers (low supply), but a large need for the positions (high demand), will result in high wages for that job. This is because competition between employers for employees will drive up the wage. Examples of this would include jobs that require highly developed skills, rare abilities, or a high level of risk. Competition amongst employers tends to drive up wages due to the nature of the job, since there is a relative shortage of workers for the particular position. Professional and labor organizations may limit the supply of workers which results in higher demand and greater incomes for members. Members may also receive higher wages through collective bargaining, political influence, or corruption.",when there are a lot of workers and few jobs what happens to wages?,low wage
"Some theories developed in the 1970s established possible avenues through which inequality may have a positive effect on economic development. According to a 1955 review, savings by the wealthy, if these increase with inequality, were thought to offset reduced consumer demand. A 2013 report on Nigeria suggests that growth has risen with increased income inequality. Some theories popular from the 1950s to 2011 incorrectly stated that inequality had a positive effect on economic development. Analyses based on comparing yearly equality figures to yearly growth rates were misleading because it takes several years for effects to manifest as changes to economic growth. IMF economists found a strong association between lower levels of inequality in developing countries and sustained periods of economic growth. Developing countries with high inequality have ""succeeded in initiating growth at high rates for a few years"" but ""longer growth spells are robustly associated with more equality in the income distribution.""",What is the profession of the individuals employed by the international financial organization mentioned here?,economists
"At the time of the Marburg Colloquy, Suleiman the Magnificent was besieging Vienna with a vast Ottoman army. Luther had argued against resisting the Turks in his 1518 Explanation of the Ninety-five Theses, provoking accusations of defeatism. He saw the Turks as a scourge sent to punish Christians by God, as agents of the Biblical apocalypse that would destroy the antichrist, whom Luther believed to be the papacy, and the Roman Church. He consistently rejected the idea of a Holy War, ""as though our people were an army of Christians against the Turks, who were enemies of Christ. This is absolutely contrary to Christ's doctrine and name"". On the other hand, in keeping with his doctrine of the two kingdoms, Luther did support non-religious war against the Turks. In 1526, he argued in Whether Soldiers can be in a State of Grace that national defence is reason for a just war. By 1529, in On War against the Turk, he was actively urging Emperor Charles V and the German people to fight a secular war against the Turks. He made clear, however, that the spiritual war against an alien faith was separate, to be waged through prayer and repentance. Around the time of the Siege of Vienna, Luther wrote a prayer for national deliverance from the Turks, asking God to ""give to our emperor perpetual victory over our enemies"".",In what year had Luther not yet published Whether Soldiers can be in a State of Grace?,1518
"At the time of the Marburg Colloquy, Suleiman the Magnificent was besieging Vienna with a vast Ottoman army. Luther had argued against resisting the Turks in his 1518 Explanation of the Ninety-five Theses, provoking accusations of defeatism. He saw the Turks as a scourge sent to punish Christians by God, as agents of the Biblical apocalypse that would destroy the antichrist, whom Luther believed to be the papacy, and the Roman Church. He consistently rejected the idea of a Holy War, ""as though our people were an army of Christians against the Turks, who were enemies of Christ. This is absolutely contrary to Christ's doctrine and name"". On the other hand, in keeping with his doctrine of the two kingdoms, Luther did support non-religious war against the Turks. In 1526, he argued in Whether Soldiers can be in a State of Grace that national defence is reason for a just war. By 1529, in On War against the Turk, he was actively urging Emperor Charles V and the German people to fight a secular war against the Turks. He made clear, however, that the spiritual war against an alien faith was separate, to be waged through prayer and repentance. Around the time of the Siege of Vienna, Luther wrote a prayer for national deliverance from the Turks, asking God to ""give to our emperor perpetual victory over our enemies"".","For Luther, what would justify war?",national defence
"Martin Luther married Katharina von Bora, one of 12 nuns he had helped escape from the Nimbschen Cistercian convent in April 1523, when he arranged for them to be smuggled out in herring barrels. ""Suddenly, and while I was occupied with far different thoughts,"" he wrote to Wenceslaus Link, ""the Lord has plunged me into marriage."" At the time of their marriage, Katharina was 26 years old and Luther was 41 years old.",What was Katharina's last name?,von Bora
"Martin Luther married Katharina von Bora, one of 12 nuns he had helped escape from the Nimbschen Cistercian convent in April 1523, when he arranged for them to be smuggled out in herring barrels. ""Suddenly, and while I was occupied with far different thoughts,"" he wrote to Wenceslaus Link, ""the Lord has plunged me into marriage."" At the time of their marriage, Katharina was 26 years old and Luther was 41 years old.",In a letter who did Luther credit for his union with Katharina?,the Lord
"Martin Luther married Katharina von Bora, one of 12 nuns he had helped escape from the Nimbschen Cistercian convent in April 1523, when he arranged for them to be smuggled out in herring barrels. ""Suddenly, and while I was occupied with far different thoughts,"" he wrote to Wenceslaus Link, ""the Lord has plunged me into marriage."" At the time of their marriage, Katharina was 26 years old and Luther was 41 years old.",What did Luther say he was engrossed in?,far different thoughts
"In October 1529, Philip I, Landgrave of Hesse, convoked an assembly of German and Swiss theologians at the Marburg Colloquy, to establish doctrinal unity in the emerging Protestant states. Agreement was achieved on fourteen points out of fifteen, the exception being the nature of the Eucharist – the sacrament of the Lord's Supper—an issue crucial to Luther.",Upon what was Philip I hoping the theologians could agree?,doctrinal unity
"In October 1529, Philip I, Landgrave of Hesse, convoked an assembly of German and Swiss theologians at the Marburg Colloquy, to establish doctrinal unity in the emerging Protestant states. Agreement was achieved on fourteen points out of fifteen, the exception being the nature of the Eucharist – the sacrament of the Lord's Supper—an issue crucial to Luther.",The Eucharist was one of how many issues debated by those in attendance of the meeting?,fifteen
"In October 1529, Philip I, Landgrave of Hesse, convoked an assembly of German and Swiss theologians at the Marburg Colloquy, to establish doctrinal unity in the emerging Protestant states. Agreement was achieved on fourteen points out of fifteen, the exception being the nature of the Eucharist – the sacrament of the Lord's Supper—an issue crucial to Luther.",Which issue was the most divisive amongst the doctrinal pillars established?,the Eucharist
"In October 1529, Philip I, Landgrave of Hesse, convoked an assembly of German and Swiss theologians at the Marburg Colloquy, to establish doctrinal unity in the emerging Protestant states. Agreement was achieved on fourteen points out of fifteen, the exception being the nature of the Eucharist – the sacrament of the Lord's Supper—an issue crucial to Luther.",For whom did the theologians hope to establish doctrinal unity?,emerging Protestant states
"On 17 December 1941, seven Protestant regional church confederations issued a statement agreeing with the policy of forcing Jews to wear the yellow badge, ""since after his bitter experience Luther had already suggested preventive measures against the Jews and their expulsion from German territory."" According to Daniel Goldhagen, Bishop Martin Sasse, a leading Protestant churchman, published a compendium of Luther's writings shortly after Kristallnacht, for which Diarmaid MacCulloch, Professor of the History of the Church in the University of Oxford argued that Luther's writing was a ""blueprint."" Sasse applauded the burning of the synagogues and the coincidence of the day, writing in the introduction, ""On 10 November 1938, on Luther's birthday, the synagogues are burning in Germany."" The German people, he urged, ought to heed these words ""of the greatest antisemite of his time, the warner of his people against the Jews.""",Who did the German Bishop encourage to head the words of Martin Luther when it came to the Jewish people?,The German people
"On 17 December 1941, seven Protestant regional church confederations issued a statement agreeing with the policy of forcing Jews to wear the yellow badge, ""since after his bitter experience Luther had already suggested preventive measures against the Jews and their expulsion from German territory."" According to Daniel Goldhagen, Bishop Martin Sasse, a leading Protestant churchman, published a compendium of Luther's writings shortly after Kristallnacht, for which Diarmaid MacCulloch, Professor of the History of the Church in the University of Oxford argued that Luther's writing was a ""blueprint."" Sasse applauded the burning of the synagogues and the coincidence of the day, writing in the introduction, ""On 10 November 1938, on Luther's birthday, the synagogues are burning in Germany."" The German people, he urged, ought to heed these words ""of the greatest antisemite of his time, the warner of his people against the Jews.""",In what month was Martin Luther born?,November
"On 17 December 1941, seven Protestant regional church confederations issued a statement agreeing with the policy of forcing Jews to wear the yellow badge, ""since after his bitter experience Luther had already suggested preventive measures against the Jews and their expulsion from German territory."" According to Daniel Goldhagen, Bishop Martin Sasse, a leading Protestant churchman, published a compendium of Luther's writings shortly after Kristallnacht, for which Diarmaid MacCulloch, Professor of the History of the Church in the University of Oxford argued that Luther's writing was a ""blueprint."" Sasse applauded the burning of the synagogues and the coincidence of the day, writing in the introduction, ""On 10 November 1938, on Luther's birthday, the synagogues are burning in Germany."" The German people, he urged, ought to heed these words ""of the greatest antisemite of his time, the warner of his people against the Jews.""",In what year did Kristallnacht occur?,1938
Luther is honoured on 18 February with a commemoration in the Lutheran Calendar of Saints and in the Episcopal (United States) Calendar of Saints. In the Church of England's Calendar of Saints he is commemorated on 31 October.,In the Church of England's calendar of what is Luther honored?,Saints
Luther is honoured on 18 February with a commemoration in the Lutheran Calendar of Saints and in the Episcopal (United States) Calendar of Saints. In the Church of England's Calendar of Saints he is commemorated on 31 October.,When is Luther honored in Calendar of Saints of England Church?,31 October
Luther is honoured on 18 February with a commemoration in the Lutheran Calendar of Saints and in the Episcopal (United States) Calendar of Saints. In the Church of England's Calendar of Saints he is commemorated on 31 October.,When is Luther honored in Calendar of England's Church?,31 October
Luther is honoured on 18 February with a commemoration in the Lutheran Calendar of Saints and in the Episcopal (United States) Calendar of Saints. In the Church of England's Calendar of Saints he is commemorated on 31 October.,Who is commemorated in the US Episcopal Church on 18th of Feb?,Luther
Luther is honoured on 18 February with a commemoration in the Lutheran Calendar of Saints and in the Episcopal (United States) Calendar of Saints. In the Church of England's Calendar of Saints he is commemorated on 31 October.,Who is commemorated in the England Church on 31st of October?,Luther
"Luther dedicated himself to the Augustinian order, devoting himself to fasting, long hours in prayer, pilgrimage, and frequent confession. Luther described this period of his life as one of deep spiritual despair. He said, ""I lost touch with Christ the Savior and Comforter, and made of him the jailer and hangman of my poor soul."" Johann von Staupitz, his superior, pointed Luther's mind away from continual reflection upon his sins toward the merits of Christ. He taught that true repentance does not involve self-inflicted penances and punishments but rather a change of heart.","Luther learned that in order to demonstrate sorrow and regret in ones life, what must not occur?",penances and punishments
"Luther dedicated himself to the Augustinian order, devoting himself to fasting, long hours in prayer, pilgrimage, and frequent confession. Luther described this period of his life as one of deep spiritual despair. He said, ""I lost touch with Christ the Savior and Comforter, and made of him the jailer and hangman of my poor soul."" Johann von Staupitz, his superior, pointed Luther's mind away from continual reflection upon his sins toward the merits of Christ. He taught that true repentance does not involve self-inflicted penances and punishments but rather a change of heart.","Under the Augustinian order, Martin Luther underwent several actions, one of which relating to consumption otherwise known as ?",fasting
"Luther dedicated himself to the Augustinian order, devoting himself to fasting, long hours in prayer, pilgrimage, and frequent confession. Luther described this period of his life as one of deep spiritual despair. He said, ""I lost touch with Christ the Savior and Comforter, and made of him the jailer and hangman of my poor soul."" Johann von Staupitz, his superior, pointed Luther's mind away from continual reflection upon his sins toward the merits of Christ. He taught that true repentance does not involve self-inflicted penances and punishments but rather a change of heart.","Martin Luther once he was dedicated to the Augustinian order, found himself undergoing travel and self-discovery, sometimes referred to as?",pilgrimage
"Luther dedicated himself to the Augustinian order, devoting himself to fasting, long hours in prayer, pilgrimage, and frequent confession. Luther described this period of his life as one of deep spiritual despair. He said, ""I lost touch with Christ the Savior and Comforter, and made of him the jailer and hangman of my poor soul."" Johann von Staupitz, his superior, pointed Luther's mind away from continual reflection upon his sins toward the merits of Christ. He taught that true repentance does not involve self-inflicted penances and punishments but rather a change of heart.",The time Luther spent to the Augustinian order is one he refers to as strongly exhibiting which human emotion as a result of losing touch with God?,despair
"Luther dedicated himself to the Augustinian order, devoting himself to fasting, long hours in prayer, pilgrimage, and frequent confession. Luther described this period of his life as one of deep spiritual despair. He said, ""I lost touch with Christ the Savior and Comforter, and made of him the jailer and hangman of my poor soul."" Johann von Staupitz, his superior, pointed Luther's mind away from continual reflection upon his sins toward the merits of Christ. He taught that true repentance does not involve self-inflicted penances and punishments but rather a change of heart.",Johann von Staupitz as the superior of Martin Luther might of heard what frequently from Martin Luther in regards to his regrets and despair?,confession
"Martin Luther (/ˈluːθər/ or /ˈluːðər/; German: [ˈmaɐ̯tiːn ˈlʊtɐ] ( listen); 10 November 1483 – 18 February 1546) was a German professor of theology, composer, priest, former monk and a seminal figure in the Protestant Reformation. Luther came to reject several teachings and practices of the Late Medieval Catholic Church. He strongly disputed the claim that freedom from God's punishment for sin could be purchased with money. He proposed an academic discussion of the power and usefulness of indulgences in his Ninety-Five Theses of 1517. His refusal to retract all of his writings at the demand of Pope Leo X in 1520 and the Holy Roman Emperor Charles V at the Diet of Worms in 1521 resulted in his excommunication by the Pope and condemnation as an outlaw by the Emperor.","Of all the positions Martin Luther had in his lifetime, which profession did he hold that is related to music?",composer
"Martin Luther (/ˈluːθər/ or /ˈluːðər/; German: [ˈmaɐ̯tiːn ˈlʊtɐ] ( listen); 10 November 1483 – 18 February 1546) was a German professor of theology, composer, priest, former monk and a seminal figure in the Protestant Reformation. Luther came to reject several teachings and practices of the Late Medieval Catholic Church. He strongly disputed the claim that freedom from God's punishment for sin could be purchased with money. He proposed an academic discussion of the power and usefulness of indulgences in his Ninety-Five Theses of 1517. His refusal to retract all of his writings at the demand of Pope Leo X in 1520 and the Holy Roman Emperor Charles V at the Diet of Worms in 1521 resulted in his excommunication by the Pope and condemnation as an outlaw by the Emperor.",Martin Luther was employed under what position for the Roman Catholic Church?,priest
"Martin Luther (/ˈluːθər/ or /ˈluːðər/; German: [ˈmaɐ̯tiːn ˈlʊtɐ] ( listen); 10 November 1483 – 18 February 1546) was a German professor of theology, composer, priest, former monk and a seminal figure in the Protestant Reformation. Luther came to reject several teachings and practices of the Late Medieval Catholic Church. He strongly disputed the claim that freedom from God's punishment for sin could be purchased with money. He proposed an academic discussion of the power and usefulness of indulgences in his Ninety-Five Theses of 1517. His refusal to retract all of his writings at the demand of Pope Leo X in 1520 and the Holy Roman Emperor Charles V at the Diet of Worms in 1521 resulted in his excommunication by the Pope and condemnation as an outlaw by the Emperor.",It is commonly accepted that Martin Luther sparked the Protestant Reformation of the 16th century with his creation of which written work?,Ninety-Five Theses
"Martin Luther (/ˈluːθər/ or /ˈluːðər/; German: [ˈmaɐ̯tiːn ˈlʊtɐ] ( listen); 10 November 1483 – 18 February 1546) was a German professor of theology, composer, priest, former monk and a seminal figure in the Protestant Reformation. Luther came to reject several teachings and practices of the Late Medieval Catholic Church. He strongly disputed the claim that freedom from God's punishment for sin could be purchased with money. He proposed an academic discussion of the power and usefulness of indulgences in his Ninety-Five Theses of 1517. His refusal to retract all of his writings at the demand of Pope Leo X in 1520 and the Holy Roman Emperor Charles V at the Diet of Worms in 1521 resulted in his excommunication by the Pope and condemnation as an outlaw by the Emperor.","A branch of Protestatism, referred to as Lutheranism is thought to have began its formation in which year?",1517
"Martin Luther (/ˈluːθər/ or /ˈluːðər/; German: [ˈmaɐ̯tiːn ˈlʊtɐ] ( listen); 10 November 1483 – 18 February 1546) was a German professor of theology, composer, priest, former monk and a seminal figure in the Protestant Reformation. Luther came to reject several teachings and practices of the Late Medieval Catholic Church. He strongly disputed the claim that freedom from God's punishment for sin could be purchased with money. He proposed an academic discussion of the power and usefulness of indulgences in his Ninety-Five Theses of 1517. His refusal to retract all of his writings at the demand of Pope Leo X in 1520 and the Holy Roman Emperor Charles V at the Diet of Worms in 1521 resulted in his excommunication by the Pope and condemnation as an outlaw by the Emperor.","Living to an age of 62, Martin Luther lived an acomplished life where he challenged the thoughts and policies of the Roman Catholic Church, in what year did he pass away?",1546
"The catechism is one of Luther's most personal works. ""Regarding the plan to collect my writings in volumes,"" he wrote, ""I am quite cool and not at all eager about it because, roused by a Saturnian hunger, I would rather see them all devoured. For I acknowledge none of them to be really a book of mine, except perhaps the Bondage of the Will and the Catechism."" The Small Catechism has earned a reputation as a model of clear religious teaching. It remains in use today, along with Luther's hymns and his translation of the Bible.",Why might Luther value the Catechism over other works?,most personal works
"The catechism is one of Luther's most personal works. ""Regarding the plan to collect my writings in volumes,"" he wrote, ""I am quite cool and not at all eager about it because, roused by a Saturnian hunger, I would rather see them all devoured. For I acknowledge none of them to be really a book of mine, except perhaps the Bondage of the Will and the Catechism."" The Small Catechism has earned a reputation as a model of clear religious teaching. It remains in use today, along with Luther's hymns and his translation of the Bible.",Why might Luther's works still be be valued presently?,as a model of clear religious teaching
"The Ten Commandments, and the beginnings of the renewed life of Christians accorded to them by the sacrament of baptism, are a present foreshadowing of the believers' future angel-like life in heaven in the midst of this life. Luther's teaching of the Ten Commandments, therefore, has clear eschatological overtones, which, characteristically for Luther, do not encourage world-flight but direct the Christian to service to the neighbor in the common, daily vocations of this perishing world.",What is not going to last?,world
"The Ten Commandments, and the beginnings of the renewed life of Christians accorded to them by the sacrament of baptism, are a present foreshadowing of the believers' future angel-like life in heaven in the midst of this life. Luther's teaching of the Ten Commandments, therefore, has clear eschatological overtones, which, characteristically for Luther, do not encourage world-flight but direct the Christian to service to the neighbor in the common, daily vocations of this perishing world.",Who should be helped?,the neighbor
"The Ten Commandments, and the beginnings of the renewed life of Christians accorded to them by the sacrament of baptism, are a present foreshadowing of the believers' future angel-like life in heaven in the midst of this life. Luther's teaching of the Ten Commandments, therefore, has clear eschatological overtones, which, characteristically for Luther, do not encourage world-flight but direct the Christian to service to the neighbor in the common, daily vocations of this perishing world.",Who is it important to minister to?,the neighbor
"In 1523, Luther wrote that Jesus Christ was born a Jew which discouraged mistreatment of the Jews and advocated their conversion by proving that the Old Testament could be shown to speak of Jesus Christ. However, as the Reformation continued, Luther began to lose hope in large-scale Jewish conversion to Christianity. In his later years, Luther grew more hostile toward the Jews, writing against them with the kind of venom he had already unleashed on the Anabaptists, Zwinglianism, and the papacy. His 1543 treatise Von den Juden und ihren Lügen (On the Jews and Their Lies) took its place among other anti-Jewish literature of the times, although historians acknowledge that this treatise was particularly extreme, even by the standards of sixteenth century Europe. In it, he takes a hardline against Judaism, writing that synagogues and Jewish homes should be destroyed, their money confiscated, and liberty curtailed. These statements and their influence on antisemitism have contributed to his controversial status.",Who was Luther hostile to aside from Jews?,"Anabaptists, Zwinglianism, and the papacy"
"In 1523, Luther wrote that Jesus Christ was born a Jew which discouraged mistreatment of the Jews and advocated their conversion by proving that the Old Testament could be shown to speak of Jesus Christ. However, as the Reformation continued, Luther began to lose hope in large-scale Jewish conversion to Christianity. In his later years, Luther grew more hostile toward the Jews, writing against them with the kind of venom he had already unleashed on the Anabaptists, Zwinglianism, and the papacy. His 1543 treatise Von den Juden und ihren Lügen (On the Jews and Their Lies) took its place among other anti-Jewish literature of the times, although historians acknowledge that this treatise was particularly extreme, even by the standards of sixteenth century Europe. In it, he takes a hardline against Judaism, writing that synagogues and Jewish homes should be destroyed, their money confiscated, and liberty curtailed. These statements and their influence on antisemitism have contributed to his controversial status.",How extreme was Luther's treatise Juden und ihren Lugen?,"particularly extreme, even by the standards of sixteenth century Europe"
"In 1523, Luther wrote that Jesus Christ was born a Jew which discouraged mistreatment of the Jews and advocated their conversion by proving that the Old Testament could be shown to speak of Jesus Christ. However, as the Reformation continued, Luther began to lose hope in large-scale Jewish conversion to Christianity. In his later years, Luther grew more hostile toward the Jews, writing against them with the kind of venom he had already unleashed on the Anabaptists, Zwinglianism, and the papacy. His 1543 treatise Von den Juden und ihren Lügen (On the Jews and Their Lies) took its place among other anti-Jewish literature of the times, although historians acknowledge that this treatise was particularly extreme, even by the standards of sixteenth century Europe. In it, he takes a hardline against Judaism, writing that synagogues and Jewish homes should be destroyed, their money confiscated, and liberty curtailed. These statements and their influence on antisemitism have contributed to his controversial status.",What does the tract argue say should happen to the Jews freedom wise?,liberty curtailed
"In 1523, Luther wrote that Jesus Christ was born a Jew which discouraged mistreatment of the Jews and advocated their conversion by proving that the Old Testament could be shown to speak of Jesus Christ. However, as the Reformation continued, Luther began to lose hope in large-scale Jewish conversion to Christianity. In his later years, Luther grew more hostile toward the Jews, writing against them with the kind of venom he had already unleashed on the Anabaptists, Zwinglianism, and the papacy. His 1543 treatise Von den Juden und ihren Lügen (On the Jews and Their Lies) took its place among other anti-Jewish literature of the times, although historians acknowledge that this treatise was particularly extreme, even by the standards of sixteenth century Europe. In it, he takes a hardline against Judaism, writing that synagogues and Jewish homes should be destroyed, their money confiscated, and liberty curtailed. These statements and their influence on antisemitism have contributed to his controversial status.",In what time period and place did Luther write his treatise On the Jews and Their Lies?,sixteenth century Europe
"Other scholars argue that, even if his views were merely anti-Judaic—that is, opposed to Judaism and its adherence rather than the Jews as an ethnic group—their violence lent a new element to the standard Christian suspicion of Judaism. Ronald Berger writes that Luther is credited with ""Germanizing the Christian critique of Judaism and establishing anti-Semitism as a key element of German culture and national identity."" Paul Rose argues that he caused a ""hysterical and demonizing mentality"" about Jews to enter German thought and discourse, a mentality that might otherwise have been absent. Christopher J. Probst in his book Demonizing the Jews: Luther and the Protestant Church in Nazi Germany (2012), shows that a large number of German Lutheran clergy and theologians during the Nazi Third Reich used Luther's hostile publications towards the Jews and their Jewish religion to justify at least in part the anti-Semitic policies of the National Socialists.",who is credited with germanizing the christian critique of judaism?,Luther
"Other scholars argue that, even if his views were merely anti-Judaic—that is, opposed to Judaism and its adherence rather than the Jews as an ethnic group—their violence lent a new element to the standard Christian suspicion of Judaism. Ronald Berger writes that Luther is credited with ""Germanizing the Christian critique of Judaism and establishing anti-Semitism as a key element of German culture and national identity."" Paul Rose argues that he caused a ""hysterical and demonizing mentality"" about Jews to enter German thought and discourse, a mentality that might otherwise have been absent. Christopher J. Probst in his book Demonizing the Jews: Luther and the Protestant Church in Nazi Germany (2012), shows that a large number of German Lutheran clergy and theologians during the Nazi Third Reich used Luther's hostile publications towards the Jews and their Jewish religion to justify at least in part the anti-Semitic policies of the National Socialists.",who caused a hysterical and demonizing mentality about Jews?,Luther
"Other scholars argue that, even if his views were merely anti-Judaic—that is, opposed to Judaism and its adherence rather than the Jews as an ethnic group—their violence lent a new element to the standard Christian suspicion of Judaism. Ronald Berger writes that Luther is credited with ""Germanizing the Christian critique of Judaism and establishing anti-Semitism as a key element of German culture and national identity."" Paul Rose argues that he caused a ""hysterical and demonizing mentality"" about Jews to enter German thought and discourse, a mentality that might otherwise have been absent. Christopher J. Probst in his book Demonizing the Jews: Luther and the Protestant Church in Nazi Germany (2012), shows that a large number of German Lutheran clergy and theologians during the Nazi Third Reich used Luther's hostile publications towards the Jews and their Jewish religion to justify at least in part the anti-Semitic policies of the National Socialists.",who used luther's hostile publications towards the jews and their jewish religion to justify anti semetic policies?,German Lutheran clergy and theologians
"Other scholars argue that, even if his views were merely anti-Judaic—that is, opposed to Judaism and its adherence rather than the Jews as an ethnic group—their violence lent a new element to the standard Christian suspicion of Judaism. Ronald Berger writes that Luther is credited with ""Germanizing the Christian critique of Judaism and establishing anti-Semitism as a key element of German culture and national identity."" Paul Rose argues that he caused a ""hysterical and demonizing mentality"" about Jews to enter German thought and discourse, a mentality that might otherwise have been absent. Christopher J. Probst in his book Demonizing the Jews: Luther and the Protestant Church in Nazi Germany (2012), shows that a large number of German Lutheran clergy and theologians during the Nazi Third Reich used Luther's hostile publications towards the Jews and their Jewish religion to justify at least in part the anti-Semitic policies of the National Socialists.",who established anti-semitism as a key element of german culture and national identity?,Luther
"Other scholars argue that, even if his views were merely anti-Judaic—that is, opposed to Judaism and its adherence rather than the Jews as an ethnic group—their violence lent a new element to the standard Christian suspicion of Judaism. Ronald Berger writes that Luther is credited with ""Germanizing the Christian critique of Judaism and establishing anti-Semitism as a key element of German culture and national identity."" Paul Rose argues that he caused a ""hysterical and demonizing mentality"" about Jews to enter German thought and discourse, a mentality that might otherwise have been absent. Christopher J. Probst in his book Demonizing the Jews: Luther and the Protestant Church in Nazi Germany (2012), shows that a large number of German Lutheran clergy and theologians during the Nazi Third Reich used Luther's hostile publications towards the Jews and their Jewish religion to justify at least in part the anti-Semitic policies of the National Socialists.",when did german lutheran clergy and theologians use Luther's hostile publications towards the Jews?,Nazi Third Reich
"Luther spoke out against the Jews in Saxony, Brandenburg, and Silesia. Josel of Rosheim, the Jewish spokesman who tried to help the Jews of Saxony in 1537, later blamed their plight on ""that priest whose name was Martin Luther—may his body and soul be bound up in hell!—who wrote and issued many heretical books in which he said that whoever would help the Jews was doomed to perdition."" Josel asked the city of Strasbourg to forbid the sale of Luther's anti-Jewish works: they refused initially, but did so when a Lutheran pastor in Hochfelden used a sermon to urge his parishioners to murder Jews. Luther's influence persisted after his death. Throughout the 1580s, riots led to the expulsion of Jews from several German Lutheran states.",What religion did Luther speak out against?,Jewish
"Luther spoke out against the Jews in Saxony, Brandenburg, and Silesia. Josel of Rosheim, the Jewish spokesman who tried to help the Jews of Saxony in 1537, later blamed their plight on ""that priest whose name was Martin Luther—may his body and soul be bound up in hell!—who wrote and issued many heretical books in which he said that whoever would help the Jews was doomed to perdition."" Josel asked the city of Strasbourg to forbid the sale of Luther's anti-Jewish works: they refused initially, but did so when a Lutheran pastor in Hochfelden used a sermon to urge his parishioners to murder Jews. Luther's influence persisted after his death. Throughout the 1580s, riots led to the expulsion of Jews from several German Lutheran states.",What was the occupation of Martin Luther?,priest
"Luther spoke out against the Jews in Saxony, Brandenburg, and Silesia. Josel of Rosheim, the Jewish spokesman who tried to help the Jews of Saxony in 1537, later blamed their plight on ""that priest whose name was Martin Luther—may his body and soul be bound up in hell!—who wrote and issued many heretical books in which he said that whoever would help the Jews was doomed to perdition."" Josel asked the city of Strasbourg to forbid the sale of Luther's anti-Jewish works: they refused initially, but did so when a Lutheran pastor in Hochfelden used a sermon to urge his parishioners to murder Jews. Luther's influence persisted after his death. Throughout the 1580s, riots led to the expulsion of Jews from several German Lutheran states.",Who was the Jew from France?,Josel of Rosheim
"Luther spoke out against the Jews in Saxony, Brandenburg, and Silesia. Josel of Rosheim, the Jewish spokesman who tried to help the Jews of Saxony in 1537, later blamed their plight on ""that priest whose name was Martin Luther—may his body and soul be bound up in hell!—who wrote and issued many heretical books in which he said that whoever would help the Jews was doomed to perdition."" Josel asked the city of Strasbourg to forbid the sale of Luther's anti-Jewish works: they refused initially, but did so when a Lutheran pastor in Hochfelden used a sermon to urge his parishioners to murder Jews. Luther's influence persisted after his death. Throughout the 1580s, riots led to the expulsion of Jews from several German Lutheran states.",Who preached about murdering the Jewish?,Lutheran pastor in Hochfelden
"Luther secretly returned to Wittenberg on 6 March 1522. He wrote to the Elector: ""During my absence, Satan has entered my sheepfold, and committed ravages which I cannot repair by writing, but only by my personal presence and living word."" For eight days in Lent, beginning on Invocavit Sunday, 9 March, Luther preached eight sermons, which became known as the ""Invocavit Sermons"". In these sermons, he hammered home the primacy of core Christian values such as love, patience, charity, and freedom, and reminded the citizens to trust God's word rather than violence to bring about necessary change.",It is implied that Martin Luther preached his eight sermons in response to the use of what by Christians?,violence
"Luther secretly returned to Wittenberg on 6 March 1522. He wrote to the Elector: ""During my absence, Satan has entered my sheepfold, and committed ravages which I cannot repair by writing, but only by my personal presence and living word."" For eight days in Lent, beginning on Invocavit Sunday, 9 March, Luther preached eight sermons, which became known as the ""Invocavit Sermons"". In these sermons, he hammered home the primacy of core Christian values such as love, patience, charity, and freedom, and reminded the citizens to trust God's word rather than violence to bring about necessary change.","According to the eight sermons of Martin Luther, what would occur if Christians were to follow the teachings of God?",necessary change
"Luther secretly returned to Wittenberg on 6 March 1522. He wrote to the Elector: ""During my absence, Satan has entered my sheepfold, and committed ravages which I cannot repair by writing, but only by my personal presence and living word."" For eight days in Lent, beginning on Invocavit Sunday, 9 March, Luther preached eight sermons, which became known as the ""Invocavit Sermons"". In these sermons, he hammered home the primacy of core Christian values such as love, patience, charity, and freedom, and reminded the citizens to trust God's word rather than violence to bring about necessary change.","Of the core Christian values that Martin Luther mentioned in his eight sermons, which one was likely in conflict with the ongoing use of violence at the time?",love
"The negotiations were successfully concluded on 17 February 1546. After 8 a.m., he experienced chest pains. When he went to his bed, he prayed, ""Into your hand I commit my spirit; you have redeemed me, O Lord, faithful God"" (Ps. 31:5), the common prayer of the dying. At 1 a.m. he awoke with more chest pain and was warmed with hot towels. He thanked God for revealing his Son to him in whom he had believed. His companions, Justus Jonas and Michael Coelius, shouted loudly, ""Reverend father, are you ready to die trusting in your Lord Jesus Christ and to confess the doctrine which you have taught in his name?"" A distinct ""Yes"" was Luther's reply.",Who did the prayers come from?,Luther
"The negotiations were successfully concluded on 17 February 1546. After 8 a.m., he experienced chest pains. When he went to his bed, he prayed, ""Into your hand I commit my spirit; you have redeemed me, O Lord, faithful God"" (Ps. 31:5), the common prayer of the dying. At 1 a.m. he awoke with more chest pain and was warmed with hot towels. He thanked God for revealing his Son to him in whom he had believed. His companions, Justus Jonas and Michael Coelius, shouted loudly, ""Reverend father, are you ready to die trusting in your Lord Jesus Christ and to confess the doctrine which you have taught in his name?"" A distinct ""Yes"" was Luther's reply.",Who did Luther pray to?,God
"The negotiations were successfully concluded on 17 February 1546. After 8 a.m., he experienced chest pains. When he went to his bed, he prayed, ""Into your hand I commit my spirit; you have redeemed me, O Lord, faithful God"" (Ps. 31:5), the common prayer of the dying. At 1 a.m. he awoke with more chest pain and was warmed with hot towels. He thanked God for revealing his Son to him in whom he had believed. His companions, Justus Jonas and Michael Coelius, shouted loudly, ""Reverend father, are you ready to die trusting in your Lord Jesus Christ and to confess the doctrine which you have taught in his name?"" A distinct ""Yes"" was Luther's reply.","What happened to the negotiations in February 17, 1546?",concluded
"The negotiations were successfully concluded on 17 February 1546. After 8 a.m., he experienced chest pains. When he went to his bed, he prayed, ""Into your hand I commit my spirit; you have redeemed me, O Lord, faithful God"" (Ps. 31:5), the common prayer of the dying. At 1 a.m. he awoke with more chest pain and was warmed with hot towels. He thanked God for revealing his Son to him in whom he had believed. His companions, Justus Jonas and Michael Coelius, shouted loudly, ""Reverend father, are you ready to die trusting in your Lord Jesus Christ and to confess the doctrine which you have taught in his name?"" A distinct ""Yes"" was Luther's reply.",What did Luther's answer to his companions as he was dying?,Yes
"The negotiations were successfully concluded on 17 February 1546. After 8 a.m., he experienced chest pains. When he went to his bed, he prayed, ""Into your hand I commit my spirit; you have redeemed me, O Lord, faithful God"" (Ps. 31:5), the common prayer of the dying. At 1 a.m. he awoke with more chest pain and was warmed with hot towels. He thanked God for revealing his Son to him in whom he had believed. His companions, Justus Jonas and Michael Coelius, shouted loudly, ""Reverend father, are you ready to die trusting in your Lord Jesus Christ and to confess the doctrine which you have taught in his name?"" A distinct ""Yes"" was Luther's reply.",What did Luther teach?,doctrine
"Luther's Commentary on Genesis contains a passage which concludes that ""the soul does not sleep (anima non sic dormit), but wakes (sed vigilat) and experiences visions"". Francis Blackburne in 1765 argued that John Jortin misread this and other passages from Luther, while Gottfried Fritschel pointed out in 1867 that it actually refers to the soul of a man ""in this life"" (homo enim in hac vita) tired from his daily labour (defatigus diurno labore) who at night enters his bedchamber (sub noctem intrat in cubiculum suum) and whose sleep is interrupted by dreams.",What is intangible but given a human quality?,the soul
"Luther's Commentary on Genesis contains a passage which concludes that ""the soul does not sleep (anima non sic dormit), but wakes (sed vigilat) and experiences visions"". Francis Blackburne in 1765 argued that John Jortin misread this and other passages from Luther, while Gottfried Fritschel pointed out in 1867 that it actually refers to the soul of a man ""in this life"" (homo enim in hac vita) tired from his daily labour (defatigus diurno labore) who at night enters his bedchamber (sub noctem intrat in cubiculum suum) and whose sleep is interrupted by dreams.",What is had by something without physical eyes?,visions
"Luther's Commentary on Genesis contains a passage which concludes that ""the soul does not sleep (anima non sic dormit), but wakes (sed vigilat) and experiences visions"". Francis Blackburne in 1765 argued that John Jortin misread this and other passages from Luther, while Gottfried Fritschel pointed out in 1867 that it actually refers to the soul of a man ""in this life"" (homo enim in hac vita) tired from his daily labour (defatigus diurno labore) who at night enters his bedchamber (sub noctem intrat in cubiculum suum) and whose sleep is interrupted by dreams.",What can be considered premonitions?,visions
"In 1542, Luther read a Latin translation of the Qur'an. He went on to produce several critical pamphlets on Islam, which he called ""Mohammedanism"" or ""the Turk"". Though Luther saw the Muslim faith as a tool of the devil, he was indifferent to its practice: ""Let the Turk believe and live as he will, just as one lets the papacy and other false Christians live."" He opposed banning the publication of the Qur'an, wanting it exposed to scrutiny.",Why was Luther in favor of the Latin translation of the Qur'an,wanting it exposed to scrutiny
"In 1542, Luther read a Latin translation of the Qur'an. He went on to produce several critical pamphlets on Islam, which he called ""Mohammedanism"" or ""the Turk"". Though Luther saw the Muslim faith as a tool of the devil, he was indifferent to its practice: ""Let the Turk believe and live as he will, just as one lets the papacy and other false Christians live."" He opposed banning the publication of the Qur'an, wanting it exposed to scrutiny.",How did Luther perceive the Muslin Qur'an as,tool of the devil
"In 1542, Luther read a Latin translation of the Qur'an. He went on to produce several critical pamphlets on Islam, which he called ""Mohammedanism"" or ""the Turk"". Though Luther saw the Muslim faith as a tool of the devil, he was indifferent to its practice: ""Let the Turk believe and live as he will, just as one lets the papacy and other false Christians live."" He opposed banning the publication of the Qur'an, wanting it exposed to scrutiny.",Why did Luther start doubting the practice of the Islam religion,Luther saw the Muslim faith as a tool of the devil
"Luther's rediscovery of ""Christ and His salvation"" was the first of two points that became the foundation for the Reformation. His railing against the sale of indulgences was based on it.",What was it about indulgences that Luther was so vehemently opposed to?,sale
"Luther's rediscovery of ""Christ and His salvation"" was the first of two points that became the foundation for the Reformation. His railing against the sale of indulgences was based on it.","It was the salvation of whom that Luther rediscovered, leading to his railing against the sale of indulgences?",Christ
"Luther's rediscovery of ""Christ and His salvation"" was the first of two points that became the foundation for the Reformation. His railing against the sale of indulgences was based on it.",What else was based upon the first of two points that became the foundation for the Reformation?,His railing against the sale of indulgences
"Luther's rediscovery of ""Christ and His salvation"" was the first of two points that became the foundation for the Reformation. His railing against the sale of indulgences was based on it.",What did the movement based on Luther's rediscovery come to be called?,the Reformation
"Luther's rediscovery of ""Christ and His salvation"" was the first of two points that became the foundation for the Reformation. His railing against the sale of indulgences was based on it.",What crucial thing did Luther reencounter that lead him to understand the problem with indulgences?,Christ and His salvation
"Luther's disappearance during his return trip back to Wittenberg was planned. Frederick III had him intercepted on his way home in the forest near Wittenberg by masked horsemen who were made to appear as armed highwaymen. They escorted Luther to the security of the Wartburg Castle at Eisenach. During his stay at Wartburg, which he referred to as ""my Patmos"", Luther translated the New Testament from Greek into German and poured out doctrinal and polemical writings. These included a renewed attack on Archbishop Albrecht of Mainz, whom he shamed into halting the sale of indulgences in his episcopates, and a ""Refutation of the Argument of Latomus,"" in which he expounded the principle of justification to Jacobus Latomus, an orthodox theologian from Louvain.",During this time what were those who robbed and killed those traveling through the woods?,highwaymen
"Luther's 1538 hymnic version of the Lord's Prayer, ""Vater unser im Himmelreich"", corresponds exactly to Luther's explanation of the prayer in the Small Catechism, with one stanza for each of the seven prayer petitions, plus opening and closing stanzas. The hymn functioned both as a liturgical setting of the Lord's Prayer and as a means of examining candidates on specific catechism questions. The extant manuscript shows multiple revisions, demonstrating Luther's concern to clarify and strengthen the text and to provide an appropriately prayerful tune. Other 16th- and 20th-century versifications of the Lord's Prayer have adopted Luther's tune, although modern texts are considerably shorter.",How many stanzas were in the Lord's Prayer?,"one stanza for each of the seven prayer petitions, plus opening and closing stanzas"
"Luther's 1538 hymnic version of the Lord's Prayer, ""Vater unser im Himmelreich"", corresponds exactly to Luther's explanation of the prayer in the Small Catechism, with one stanza for each of the seven prayer petitions, plus opening and closing stanzas. The hymn functioned both as a liturgical setting of the Lord's Prayer and as a means of examining candidates on specific catechism questions. The extant manuscript shows multiple revisions, demonstrating Luther's concern to clarify and strengthen the text and to provide an appropriately prayerful tune. Other 16th- and 20th-century versifications of the Lord's Prayer have adopted Luther's tune, although modern texts are considerably shorter.",How many corrections did the extent manual show?,multiple
"Luther's 1538 hymnic version of the Lord's Prayer, ""Vater unser im Himmelreich"", corresponds exactly to Luther's explanation of the prayer in the Small Catechism, with one stanza for each of the seven prayer petitions, plus opening and closing stanzas. The hymn functioned both as a liturgical setting of the Lord's Prayer and as a means of examining candidates on specific catechism questions. The extant manuscript shows multiple revisions, demonstrating Luther's concern to clarify and strengthen the text and to provide an appropriately prayerful tune. Other 16th- and 20th-century versifications of the Lord's Prayer have adopted Luther's tune, although modern texts are considerably shorter.",What was smaller in length to Luther's melody?,modern texts
"Luther's 1538 hymnic version of the Lord's Prayer, ""Vater unser im Himmelreich"", corresponds exactly to Luther's explanation of the prayer in the Small Catechism, with one stanza for each of the seven prayer petitions, plus opening and closing stanzas. The hymn functioned both as a liturgical setting of the Lord's Prayer and as a means of examining candidates on specific catechism questions. The extant manuscript shows multiple revisions, demonstrating Luther's concern to clarify and strengthen the text and to provide an appropriately prayerful tune. Other 16th- and 20th-century versifications of the Lord's Prayer have adopted Luther's tune, although modern texts are considerably shorter.",What was Luther worried about clarifying?,text
"Luther devised the catechism as a method of imparting the basics of Christianity to the congregations. In 1529, he wrote the Large Catechism, a manual for pastors and teachers, as well as a synopsis, the Small Catechism, to be memorised by the people themselves. The catechisms provided easy-to-understand instructional and devotional material on the Ten Commandments, the Apostles' Creed, the Lord's Prayer, baptism, and the Lord's Supper. Luther incorporated questions and answers in the catechism so that the basics of Christian faith would not just be learned by rote, ""the way monkeys do it"", but understood.",who did Luther want to communicate with in the first sentence?,congregations
"Luther devised the catechism as a method of imparting the basics of Christianity to the congregations. In 1529, he wrote the Large Catechism, a manual for pastors and teachers, as well as a synopsis, the Small Catechism, to be memorised by the people themselves. The catechisms provided easy-to-understand instructional and devotional material on the Ten Commandments, the Apostles' Creed, the Lord's Prayer, baptism, and the Lord's Supper. Luther incorporated questions and answers in the catechism so that the basics of Christian faith would not just be learned by rote, ""the way monkeys do it"", but understood.",what religion is mentioned last?,Christian faith
"Luther devised the catechism as a method of imparting the basics of Christianity to the congregations. In 1529, he wrote the Large Catechism, a manual for pastors and teachers, as well as a synopsis, the Small Catechism, to be memorised by the people themselves. The catechisms provided easy-to-understand instructional and devotional material on the Ten Commandments, the Apostles' Creed, the Lord's Prayer, baptism, and the Lord's Supper. Luther incorporated questions and answers in the catechism so that the basics of Christian faith would not just be learned by rote, ""the way monkeys do it"", but understood.",what faith is first mentioned?,Christianity
"Luther devised the catechism as a method of imparting the basics of Christianity to the congregations. In 1529, he wrote the Large Catechism, a manual for pastors and teachers, as well as a synopsis, the Small Catechism, to be memorised by the people themselves. The catechisms provided easy-to-understand instructional and devotional material on the Ten Commandments, the Apostles' Creed, the Lord's Prayer, baptism, and the Lord's Supper. Luther incorporated questions and answers in the catechism so that the basics of Christian faith would not just be learned by rote, ""the way monkeys do it"", but understood.",how complicated were the catechisms that he gave out?,easy-to-understand
"Luther devised the catechism as a method of imparting the basics of Christianity to the congregations. In 1529, he wrote the Large Catechism, a manual for pastors and teachers, as well as a synopsis, the Small Catechism, to be memorised by the people themselves. The catechisms provided easy-to-understand instructional and devotional material on the Ten Commandments, the Apostles' Creed, the Lord's Prayer, baptism, and the Lord's Supper. Luther incorporated questions and answers in the catechism so that the basics of Christian faith would not just be learned by rote, ""the way monkeys do it"", but understood.",what did Luther involve in the catechism to provide further understanding?,questions and answers
"He insisted that, since forgiveness was God's alone to grant, those who claimed that indulgences absolved buyers from all punishments and granted them salvation were in error. Christians, he said, must not slacken in following Christ on account of such false assurances.",Another name for a mistake is..?,error
"He insisted that, since forgiveness was God's alone to grant, those who claimed that indulgences absolved buyers from all punishments and granted them salvation were in error. Christians, he said, must not slacken in following Christ on account of such false assurances.",Luxury items such as material goods or commodities that a person takes part in or consumes are considered what?,indulgences
"He insisted that, since forgiveness was God's alone to grant, those who claimed that indulgences absolved buyers from all punishments and granted them salvation were in error. Christians, he said, must not slacken in following Christ on account of such false assurances.",Being saved from harm or loss is referred to as which term?,salvation
"He insisted that, since forgiveness was God's alone to grant, those who claimed that indulgences absolved buyers from all punishments and granted them salvation were in error. Christians, he said, must not slacken in following Christ on account of such false assurances.",A group of people that believe in the religion of Christianity are called?,Christians
"He insisted that, since forgiveness was God's alone to grant, those who claimed that indulgences absolved buyers from all punishments and granted them salvation were in error. Christians, he said, must not slacken in following Christ on account of such false assurances.",To loosen in one's responsibilities is also called?,slacken
"He insisted that, since forgiveness was God's alone to grant, those who claimed that indulgences absolved buyers from all punishments and granted them salvation were in error. Christians, he said, must not slacken in following Christ on account of such false assurances.",What can God alone do?,forgiveness
"He insisted that, since forgiveness was God's alone to grant, those who claimed that indulgences absolved buyers from all punishments and granted them salvation were in error. Christians, he said, must not slacken in following Christ on account of such false assurances.",Who was the one insisting a claim?,He
"He insisted that, since forgiveness was God's alone to grant, those who claimed that indulgences absolved buyers from all punishments and granted them salvation were in error. Christians, he said, must not slacken in following Christ on account of such false assurances.","What was the second thing that ""He"" claimed should be done?",must not slacken in following Christ
"Martin Luther was born to Hans Luder (or Ludher, later Luther) and his wife Margarethe (née Lindemann) on 10 November 1483 in Eisleben, Saxony, then part of the Holy Roman Empire. He was baptized as a Catholic the next morning on the feast day of St. Martin of Tours. His family moved to Mansfeld in 1484, where his father was a leaseholder of copper mines and smelters and served as one of four citizen representatives on the local council. The religious scholar Martin Marty describes Luther's mother as a hard-working woman of ""trading-class stock and middling means"" and notes that Luther's enemies later wrongly described her as a whore and bath attendant. He had several brothers and sisters, and is known to have been close to one of them, Jacob. Hans Luther was ambitious for himself and his family, and he was determined to see Martin, his eldest son, become a lawyer. He sent Martin to Latin schools in Mansfeld, then Magdeburg in 1497, where he attended a school operated by a lay group called the Brethren of the Common Life, and Eisenach in 1498. The three schools focused on the so-called ""trivium"": grammar, rhetoric, and logic. Luther later compared his education there to purgatory and hell.",What was Martin Luther's dads called?,Hans Luder
"Martin Luther was born to Hans Luder (or Ludher, later Luther) and his wife Margarethe (née Lindemann) on 10 November 1483 in Eisleben, Saxony, then part of the Holy Roman Empire. He was baptized as a Catholic the next morning on the feast day of St. Martin of Tours. His family moved to Mansfeld in 1484, where his father was a leaseholder of copper mines and smelters and served as one of four citizen representatives on the local council. The religious scholar Martin Marty describes Luther's mother as a hard-working woman of ""trading-class stock and middling means"" and notes that Luther's enemies later wrongly described her as a whore and bath attendant. He had several brothers and sisters, and is known to have been close to one of them, Jacob. Hans Luther was ambitious for himself and his family, and he was determined to see Martin, his eldest son, become a lawyer. He sent Martin to Latin schools in Mansfeld, then Magdeburg in 1497, where he attended a school operated by a lay group called the Brethren of the Common Life, and Eisenach in 1498. The three schools focused on the so-called ""trivium"": grammar, rhetoric, and logic. Luther later compared his education there to purgatory and hell.",What two variations are mentioned regarding the spelling of Martin Luther's dads last name?,"Ludher, later Luther)"
"Martin Luther was born to Hans Luder (or Ludher, later Luther) and his wife Margarethe (née Lindemann) on 10 November 1483 in Eisleben, Saxony, then part of the Holy Roman Empire. He was baptized as a Catholic the next morning on the feast day of St. Martin of Tours. His family moved to Mansfeld in 1484, where his father was a leaseholder of copper mines and smelters and served as one of four citizen representatives on the local council. The religious scholar Martin Marty describes Luther's mother as a hard-working woman of ""trading-class stock and middling means"" and notes that Luther's enemies later wrongly described her as a whore and bath attendant. He had several brothers and sisters, and is known to have been close to one of them, Jacob. Hans Luther was ambitious for himself and his family, and he was determined to see Martin, his eldest son, become a lawyer. He sent Martin to Latin schools in Mansfeld, then Magdeburg in 1497, where he attended a school operated by a lay group called the Brethren of the Common Life, and Eisenach in 1498. The three schools focused on the so-called ""trivium"": grammar, rhetoric, and logic. Luther later compared his education there to purgatory and hell.",What is significant about where Martin Luther was born?,then part of the Holy Roman Empire
"A piece of paper was later found on which Luther had written his last statement. The statement was in Latin, apart from ""We are beggars,"" which was in German.",What was not written in German?,his last statement
"A piece of paper was later found on which Luther had written his last statement. The statement was in Latin, apart from ""We are beggars,"" which was in German.",Where can you read Luther's last statement?,A piece of paper
"A piece of paper was later found on which Luther had written his last statement. The statement was in Latin, apart from ""We are beggars,"" which was in German.",In what form of communication did Luther leave his last statement?,written
"It was not until January 1518 that friends of Luther translated the 95 Theses from Latin into German and printed and widely copied them, making the controversy one of the first in history to be aided by the printing press. Within two weeks, copies of the theses had spread throughout Germany; within two months, they had spread throughout Europe.",What unit of time did it take for Luther's 95 Theses to reach all corners of the country it originated from?,two weeks
"It was not until January 1518 that friends of Luther translated the 95 Theses from Latin into German and printed and widely copied them, making the controversy one of the first in history to be aided by the printing press. Within two weeks, copies of the theses had spread throughout Germany; within two months, they had spread throughout Europe.",Which individuals in relation to the original author were responsibile for translating the 95 Theses from Latin into Germany?,friends
"It was not until January 1518 that friends of Luther translated the 95 Theses from Latin into German and printed and widely copied them, making the controversy one of the first in history to be aided by the printing press. Within two weeks, copies of the theses had spread throughout Germany; within two months, they had spread throughout Europe.",The language that is the official language of the Roman Catholic Church is?,Latin
"It was not until January 1518 that friends of Luther translated the 95 Theses from Latin into German and printed and widely copied them, making the controversy one of the first in history to be aided by the printing press. Within two weeks, copies of the theses had spread throughout Germany; within two months, they had spread throughout Europe.",An occurence is considered to be a long-standing disagreement or debate that is referred to as today as a what?,controversy
"On the other hand, Luther also points out that the Ten Commandments – when considered not as God's condemning judgment but as an expression of his eternal will, that is, of the natural law – also positively teach how the Christian ought to live. This has traditionally been called the ""third use of the law."" For Luther, also Christ's life, when understood as an example, is nothing more than an illustration of the Ten Commandments, which a Christian should follow in his or her vocations on a daily basis.",WHat can the ten commandments be considered as?,an expression of his eternal will
"On the other hand, Luther also points out that the Ten Commandments – when considered not as God's condemning judgment but as an expression of his eternal will, that is, of the natural law – also positively teach how the Christian ought to live. This has traditionally been called the ""third use of the law."" For Luther, also Christ's life, when understood as an example, is nothing more than an illustration of the Ten Commandments, which a Christian should follow in his or her vocations on a daily basis.",What can teach how Christians ought to live?,Ten Commandments
"At the end of this speech, Luther raised his arm ""in the traditional salute of a knight winning a bout."" Michael Mullett considers this speech as a ""world classic of epoch-making oratory.""",Who delivered the oratory,Luther
"At the end of this speech, Luther raised his arm ""in the traditional salute of a knight winning a bout."" Michael Mullett considers this speech as a ""world classic of epoch-making oratory.""",Who gave the speech,Luther
"At the end of this speech, Luther raised his arm ""in the traditional salute of a knight winning a bout."" Michael Mullett considers this speech as a ""world classic of epoch-making oratory.""",How did Luther act like a knight?,raised his arm
"At the end of this speech, Luther raised his arm ""in the traditional salute of a knight winning a bout."" Michael Mullett considers this speech as a ""world classic of epoch-making oratory.""",Who gave the salute,Luther
"In January 1519, at Altenburg in Saxony, the papal nuncio Karl von Miltitz adopted a more conciliatory approach. Luther made certain concessions to the Saxon, who was a relative of the Elector, and promised to remain silent if his opponents did. The theologian Johann Eck, however, was determined to expose Luther's doctrine in a public forum. In June and July 1519, he staged a disputation with Luther's colleague Andreas Karlstadt at Leipzig and invited Luther to speak. Luther's boldest assertion in the debate was that Matthew 16:18 does not confer on popes the exclusive right to interpret scripture, and that therefore neither popes nor church councils were infallible. For this, Eck branded Luther a new Jan Hus, referring to the Czech reformer and heretic burned at the stake in 1415. From that moment, he devoted himself to Luther's defeat.",Who compromised?,Luther
"In January 1519, at Altenburg in Saxony, the papal nuncio Karl von Miltitz adopted a more conciliatory approach. Luther made certain concessions to the Saxon, who was a relative of the Elector, and promised to remain silent if his opponents did. The theologian Johann Eck, however, was determined to expose Luther's doctrine in a public forum. In June and July 1519, he staged a disputation with Luther's colleague Andreas Karlstadt at Leipzig and invited Luther to speak. Luther's boldest assertion in the debate was that Matthew 16:18 does not confer on popes the exclusive right to interpret scripture, and that therefore neither popes nor church councils were infallible. For this, Eck branded Luther a new Jan Hus, referring to the Czech reformer and heretic burned at the stake in 1415. From that moment, he devoted himself to Luther's defeat.",Who tried to get along?,Luther
"In January 1519, at Altenburg in Saxony, the papal nuncio Karl von Miltitz adopted a more conciliatory approach. Luther made certain concessions to the Saxon, who was a relative of the Elector, and promised to remain silent if his opponents did. The theologian Johann Eck, however, was determined to expose Luther's doctrine in a public forum. In June and July 1519, he staged a disputation with Luther's colleague Andreas Karlstadt at Leipzig and invited Luther to speak. Luther's boldest assertion in the debate was that Matthew 16:18 does not confer on popes the exclusive right to interpret scripture, and that therefore neither popes nor church councils were infallible. For this, Eck branded Luther a new Jan Hus, referring to the Czech reformer and heretic burned at the stake in 1415. From that moment, he devoted himself to Luther's defeat.",Who did Luther find a middle ground with?,the Saxon
"In January 1519, at Altenburg in Saxony, the papal nuncio Karl von Miltitz adopted a more conciliatory approach. Luther made certain concessions to the Saxon, who was a relative of the Elector, and promised to remain silent if his opponents did. The theologian Johann Eck, however, was determined to expose Luther's doctrine in a public forum. In June and July 1519, he staged a disputation with Luther's colleague Andreas Karlstadt at Leipzig and invited Luther to speak. Luther's boldest assertion in the debate was that Matthew 16:18 does not confer on popes the exclusive right to interpret scripture, and that therefore neither popes nor church councils were infallible. For this, Eck branded Luther a new Jan Hus, referring to the Czech reformer and heretic burned at the stake in 1415. From that moment, he devoted himself to Luther's defeat.",What agreement was reached?,to remain silent if his opponents did
"In January 1519, at Altenburg in Saxony, the papal nuncio Karl von Miltitz adopted a more conciliatory approach. Luther made certain concessions to the Saxon, who was a relative of the Elector, and promised to remain silent if his opponents did. The theologian Johann Eck, however, was determined to expose Luther's doctrine in a public forum. In June and July 1519, he staged a disputation with Luther's colleague Andreas Karlstadt at Leipzig and invited Luther to speak. Luther's boldest assertion in the debate was that Matthew 16:18 does not confer on popes the exclusive right to interpret scripture, and that therefore neither popes nor church councils were infallible. For this, Eck branded Luther a new Jan Hus, referring to the Czech reformer and heretic burned at the stake in 1415. From that moment, he devoted himself to Luther's defeat.",What were the terms of the agreement?,to remain silent if his opponents did
"Despite the disagreements on the Eucharist, the Marburg Colloquy paved the way for the signing in 1530 of the Augsburg Confession, and for the formation of the Schmalkaldic League the following year by leading Protestant nobles such as John of Saxony, Philip of Hesse, and George, Margrave of Brandenburg-Ansbach. The Swiss cities, however, did not sign these agreements.",What happened in 1530,Augsburg Confession
"Despite the disagreements on the Eucharist, the Marburg Colloquy paved the way for the signing in 1530 of the Augsburg Confession, and for the formation of the Schmalkaldic League the following year by leading Protestant nobles such as John of Saxony, Philip of Hesse, and George, Margrave of Brandenburg-Ansbach. The Swiss cities, however, did not sign these agreements.",Who formed a league,"by leading Protestant nobles such as John of Saxony, Philip of Hesse, and George, Margrave of Brandenburg-Ansbach"
"Despite the disagreements on the Eucharist, the Marburg Colloquy paved the way for the signing in 1530 of the Augsburg Confession, and for the formation of the Schmalkaldic League the following year by leading Protestant nobles such as John of Saxony, Philip of Hesse, and George, Margrave of Brandenburg-Ansbach. The Swiss cities, however, did not sign these agreements.",What could not keep the Augsburg confession from being signed?,disagreements on the Eucharist
"Luther was a prolific hymn-writer, authoring hymns such as ""Ein feste Burg ist unser Gott"" (""A Mighty Fortress Is Our God""), based on Psalm 46, and ""Vom Himmel hoch, da komm ich her"" (""From Heaven Above to Earth I Come""), based on Luke 2:11–12. Luther connected high art and folk music, also all classes, clergy and laity, men, women and children. His tool of choice for this connection was the singing of German hymns in connection with worship, school, home, and the public arena. He often accompanied the sung hymns with a lute, later recreated as the waldzither that became a national instrument of Germany in the 20th century.",what did he write that was inspired by pslam forty six?,"Ein feste Burg ist unser Gott"" (""A Mighty Fortress Is Our God"")"
"Luther was a prolific hymn-writer, authoring hymns such as ""Ein feste Burg ist unser Gott"" (""A Mighty Fortress Is Our God""), based on Psalm 46, and ""Vom Himmel hoch, da komm ich her"" (""From Heaven Above to Earth I Come""), based on Luke 2:11–12. Luther connected high art and folk music, also all classes, clergy and laity, men, women and children. His tool of choice for this connection was the singing of German hymns in connection with worship, school, home, and the public arena. He often accompanied the sung hymns with a lute, later recreated as the waldzither that became a national instrument of Germany in the 20th century.","what was the inspiration for Vom Himmel hoch, da komm ich her?",Luke 2:11–12
"Luther was a prolific hymn-writer, authoring hymns such as ""Ein feste Burg ist unser Gott"" (""A Mighty Fortress Is Our God""), based on Psalm 46, and ""Vom Himmel hoch, da komm ich her"" (""From Heaven Above to Earth I Come""), based on Luke 2:11–12. Luther connected high art and folk music, also all classes, clergy and laity, men, women and children. His tool of choice for this connection was the singing of German hymns in connection with worship, school, home, and the public arena. He often accompanied the sung hymns with a lute, later recreated as the waldzither that became a national instrument of Germany in the 20th century.",what social structure did Luther bring together?,all classes
"Luther was a prolific hymn-writer, authoring hymns such as ""Ein feste Burg ist unser Gott"" (""A Mighty Fortress Is Our God""), based on Psalm 46, and ""Vom Himmel hoch, da komm ich her"" (""From Heaven Above to Earth I Come""), based on Luke 2:11–12. Luther connected high art and folk music, also all classes, clergy and laity, men, women and children. His tool of choice for this connection was the singing of German hymns in connection with worship, school, home, and the public arena. He often accompanied the sung hymns with a lute, later recreated as the waldzither that became a national instrument of Germany in the 20th century.",where did Luther bring unity with worship?,"school, home, and the public arena"
"On 15 June 1520, the Pope warned Luther with the papal bull (edict) Exsurge Domine that he risked excommunication unless he recanted 41 sentences drawn from his writings, including the 95 Theses, within 60 days. That autumn, Johann Eck proclaimed the bull in Meissen and other towns. Karl von Miltitz, a papal nuncio, attempted to broker a solution, but Luther, who had sent the Pope a copy of On the Freedom of a Christian in October, publicly set fire to the bull and decretals at Wittenberg on 10 December 1520, an act he defended in Why the Pope and his Recent Book are Burned and Assertions Concerning All Articles. As a consequence, Luther was excommunicated by Pope Leo X on 3 January 1521, in the bull Decet Romanum Pontificem.",How did Luther provoke the Pope?,publicly set fire to the bull and decretals at Wittenberg
"Cyanobacteria are considered the ancestors of chloroplasts. They are sometimes called blue-green algae even though they are prokaryotes. They are a diverse phylum of bacteria capable of carrying out photosynthesis, and are gram-negative, meaning that they have two cell membranes. Cyanobacteria also contain a peptidoglycan cell wall, which is thicker than in other gram-negative bacteria, and which is located between their two cell membranes. Like chloroplasts, they have thylakoids within. On the thylakoid membranes are photosynthetic pigments, including chlorophyll a. Phycobilins are also common cyanobacterial pigments, usually organized into hemispherical phycobilisomes attached to the outside of the thylakoid membranes (phycobilins are not shared with all chloroplasts though).",What shapes are Phycobilins shaped?,hemispherical
"Cyanobacteria are considered the ancestors of chloroplasts. They are sometimes called blue-green algae even though they are prokaryotes. They are a diverse phylum of bacteria capable of carrying out photosynthesis, and are gram-negative, meaning that they have two cell membranes. Cyanobacteria also contain a peptidoglycan cell wall, which is thicker than in other gram-negative bacteria, and which is located between their two cell membranes. Like chloroplasts, they have thylakoids within. On the thylakoid membranes are photosynthetic pigments, including chlorophyll a. Phycobilins are also common cyanobacterial pigments, usually organized into hemispherical phycobilisomes attached to the outside of the thylakoid membranes (phycobilins are not shared with all chloroplasts though).",What mixture of bacteria can implement photosynthesis?,diverse phylum
"Cyanobacteria are considered the ancestors of chloroplasts. They are sometimes called blue-green algae even though they are prokaryotes. They are a diverse phylum of bacteria capable of carrying out photosynthesis, and are gram-negative, meaning that they have two cell membranes. Cyanobacteria also contain a peptidoglycan cell wall, which is thicker than in other gram-negative bacteria, and which is located between their two cell membranes. Like chloroplasts, they have thylakoids within. On the thylakoid membranes are photosynthetic pigments, including chlorophyll a. Phycobilins are also common cyanobacterial pigments, usually organized into hemispherical phycobilisomes attached to the outside of the thylakoid membranes (phycobilins are not shared with all chloroplasts though).",What connotates a two-celled membrane?,gram-negative
"Cyanobacteria are considered the ancestors of chloroplasts. They are sometimes called blue-green algae even though they are prokaryotes. They are a diverse phylum of bacteria capable of carrying out photosynthesis, and are gram-negative, meaning that they have two cell membranes. Cyanobacteria also contain a peptidoglycan cell wall, which is thicker than in other gram-negative bacteria, and which is located between their two cell membranes. Like chloroplasts, they have thylakoids within. On the thylakoid membranes are photosynthetic pigments, including chlorophyll a. Phycobilins are also common cyanobacterial pigments, usually organized into hemispherical phycobilisomes attached to the outside of the thylakoid membranes (phycobilins are not shared with all chloroplasts though).",What directional attributes do Psychobilisomes use when attaching to the thylakoid membrane?,hemispherical
"Like mitochondria, chloroplasts use the potential energy stored in an H+, or hydrogen ion gradient to generate ATP energy. The two photosystems capture light energy to energize electrons taken from water, and release them down an electron transport chain. The molecules between the photosystems harness the electrons' energy to pump hydrogen ions into the thylakoid space, creating a concentration gradient, with more hydrogen ions (up to a thousand times as many) inside the thylakoid system than in the stroma. The hydrogen ions in the thylakoid space then diffuse back down their concentration gradient, flowing back out into the stroma through ATP synthase. ATP synthase uses the energy from the flowing hydrogen ions to phosphorylate adenosine diphosphate into adenosine triphosphate, or ATP. Because chloroplast ATP synthase projects out into the stroma, the ATP is synthesized there, in position to be used in the dark reactions.","In relation to energy generation, chloroplasts are similar to what in animals?",mitochondria
"Like mitochondria, chloroplasts use the potential energy stored in an H+, or hydrogen ion gradient to generate ATP energy. The two photosystems capture light energy to energize electrons taken from water, and release them down an electron transport chain. The molecules between the photosystems harness the electrons' energy to pump hydrogen ions into the thylakoid space, creating a concentration gradient, with more hydrogen ions (up to a thousand times as many) inside the thylakoid system than in the stroma. The hydrogen ions in the thylakoid space then diffuse back down their concentration gradient, flowing back out into the stroma through ATP synthase. ATP synthase uses the energy from the flowing hydrogen ions to phosphorylate adenosine diphosphate into adenosine triphosphate, or ATP. Because chloroplast ATP synthase projects out into the stroma, the ATP is synthesized there, in position to be used in the dark reactions.",The energy from the movement of what particles is harnessed to create ATP energy in chloroplasts?,hydrogen ions
"Like mitochondria, chloroplasts use the potential energy stored in an H+, or hydrogen ion gradient to generate ATP energy. The two photosystems capture light energy to energize electrons taken from water, and release them down an electron transport chain. The molecules between the photosystems harness the electrons' energy to pump hydrogen ions into the thylakoid space, creating a concentration gradient, with more hydrogen ions (up to a thousand times as many) inside the thylakoid system than in the stroma. The hydrogen ions in the thylakoid space then diffuse back down their concentration gradient, flowing back out into the stroma through ATP synthase. ATP synthase uses the energy from the flowing hydrogen ions to phosphorylate adenosine diphosphate into adenosine triphosphate, or ATP. Because chloroplast ATP synthase projects out into the stroma, the ATP is synthesized there, in position to be used in the dark reactions.",What causes the hydrogen ions in the thylakoid space to move back to the stroma?,a concentration gradient
"Like mitochondria, chloroplasts use the potential energy stored in an H+, or hydrogen ion gradient to generate ATP energy. The two photosystems capture light energy to energize electrons taken from water, and release them down an electron transport chain. The molecules between the photosystems harness the electrons' energy to pump hydrogen ions into the thylakoid space, creating a concentration gradient, with more hydrogen ions (up to a thousand times as many) inside the thylakoid system than in the stroma. The hydrogen ions in the thylakoid space then diffuse back down their concentration gradient, flowing back out into the stroma through ATP synthase. ATP synthase uses the energy from the flowing hydrogen ions to phosphorylate adenosine diphosphate into adenosine triphosphate, or ATP. Because chloroplast ATP synthase projects out into the stroma, the ATP is synthesized there, in position to be used in the dark reactions.","To create a concentration gradient, hydrogen ions are moved to where?",the thylakoid space
"Like mitochondria, chloroplasts use the potential energy stored in an H+, or hydrogen ion gradient to generate ATP energy. The two photosystems capture light energy to energize electrons taken from water, and release them down an electron transport chain. The molecules between the photosystems harness the electrons' energy to pump hydrogen ions into the thylakoid space, creating a concentration gradient, with more hydrogen ions (up to a thousand times as many) inside the thylakoid system than in the stroma. The hydrogen ions in the thylakoid space then diffuse back down their concentration gradient, flowing back out into the stroma through ATP synthase. ATP synthase uses the energy from the flowing hydrogen ions to phosphorylate adenosine diphosphate into adenosine triphosphate, or ATP. Because chloroplast ATP synthase projects out into the stroma, the ATP is synthesized there, in position to be used in the dark reactions.",The concentration gradient runs between the thylakoid space and what?,the stroma
"Chloroplasts' main role is to conduct photosynthesis, where the photosynthetic pigment chlorophyll captures the energy from sunlight and converts it and stores it in the energy-storage molecules ATP and NADPH while freeing oxygen from water. They then use the ATP and NADPH to make organic molecules from carbon dioxide in a process known as the Calvin cycle. Chloroplasts carry out a number of other functions, including fatty acid synthesis, much amino acid synthesis, and the immune response in plants. The number of chloroplasts per cell varies from 1 in algae up to 100 in plants like Arabidopsis and wheat.",What is the term for capturing the sun's energy and converting it to ATP and NADPH?,photosynthesis
"Chloroplasts' main role is to conduct photosynthesis, where the photosynthetic pigment chlorophyll captures the energy from sunlight and converts it and stores it in the energy-storage molecules ATP and NADPH while freeing oxygen from water. They then use the ATP and NADPH to make organic molecules from carbon dioxide in a process known as the Calvin cycle. Chloroplasts carry out a number of other functions, including fatty acid synthesis, much amino acid synthesis, and the immune response in plants. The number of chloroplasts per cell varies from 1 in algae up to 100 in plants like Arabidopsis and wheat.",What part of a plant is the immune response carried out in?,Chloroplasts
"Chloroplasts' main role is to conduct photosynthesis, where the photosynthetic pigment chlorophyll captures the energy from sunlight and converts it and stores it in the energy-storage molecules ATP and NADPH while freeing oxygen from water. They then use the ATP and NADPH to make organic molecules from carbon dioxide in a process known as the Calvin cycle. Chloroplasts carry out a number of other functions, including fatty acid synthesis, much amino acid synthesis, and the immune response in plants. The number of chloroplasts per cell varies from 1 in algae up to 100 in plants like Arabidopsis and wheat.",What type of molecule is chlorophyll?,pigment
"Chloroplasts' main role is to conduct photosynthesis, where the photosynthetic pigment chlorophyll captures the energy from sunlight and converts it and stores it in the energy-storage molecules ATP and NADPH while freeing oxygen from water. They then use the ATP and NADPH to make organic molecules from carbon dioxide in a process known as the Calvin cycle. Chloroplasts carry out a number of other functions, including fatty acid synthesis, much amino acid synthesis, and the immune response in plants. The number of chloroplasts per cell varies from 1 in algae up to 100 in plants like Arabidopsis and wheat.",What can chloroplasts do besides carrying out photosynthesis?,"fatty acid synthesis, much amino acid synthesis, and the immune response"
"Some chloroplasts contain a structure called the chloroplast peripheral reticulum. It is often found in the chloroplasts of C4 plants, though it has also been found in some C3 angiosperms, and even some gymnosperms. The chloroplast peripheral reticulum consists of a maze of membranous tubes and vesicles continuous with the inner chloroplast membrane that extends into the internal stromal fluid of the chloroplast. Its purpose is thought to be to increase the chloroplast's surface area for cross-membrane transport between its stroma and the cell cytoplasm. The small vesicles sometimes observed may serve as transport vesicles to shuttle stuff between the thylakoids and intermembrane space.",Are angiosperms C3 or C4 plants?,C3
"Some chloroplasts contain a structure called the chloroplast peripheral reticulum. It is often found in the chloroplasts of C4 plants, though it has also been found in some C3 angiosperms, and even some gymnosperms. The chloroplast peripheral reticulum consists of a maze of membranous tubes and vesicles continuous with the inner chloroplast membrane that extends into the internal stromal fluid of the chloroplast. Its purpose is thought to be to increase the chloroplast's surface area for cross-membrane transport between its stroma and the cell cytoplasm. The small vesicles sometimes observed may serve as transport vesicles to shuttle stuff between the thylakoids and intermembrane space.",What feature of the chloroplast is the chloroplast peripheral reticulum connected to?,inner chloroplast membrane
"Some chloroplasts contain a structure called the chloroplast peripheral reticulum. It is often found in the chloroplasts of C4 plants, though it has also been found in some C3 angiosperms, and even some gymnosperms. The chloroplast peripheral reticulum consists of a maze of membranous tubes and vesicles continuous with the inner chloroplast membrane that extends into the internal stromal fluid of the chloroplast. Its purpose is thought to be to increase the chloroplast's surface area for cross-membrane transport between its stroma and the cell cytoplasm. The small vesicles sometimes observed may serve as transport vesicles to shuttle stuff between the thylakoids and intermembrane space.",What is the liquid inside the chloroplast called?,stromal fluid
"Some chloroplasts contain a structure called the chloroplast peripheral reticulum. It is often found in the chloroplasts of C4 plants, though it has also been found in some C3 angiosperms, and even some gymnosperms. The chloroplast peripheral reticulum consists of a maze of membranous tubes and vesicles continuous with the inner chloroplast membrane that extends into the internal stromal fluid of the chloroplast. Its purpose is thought to be to increase the chloroplast's surface area for cross-membrane transport between its stroma and the cell cytoplasm. The small vesicles sometimes observed may serve as transport vesicles to shuttle stuff between the thylakoids and intermembrane space.",What are the locations that things being transported within the chloroplast are moving between?,thylakoids and intermembrane space
"Photorespiration can occur when the oxygen concentration is too high. Rubisco cannot distinguish between oxygen and carbon dioxide very well, so it can accidentally add O2 instead of CO2 to RuBP. This process reduces the efficiency of photosynthesis—it consumes ATP and oxygen, releases CO2, and produces no sugar. It can waste up to half the carbon fixed by the Calvin cycle. Several mechanisms have evolved in different lineages that raise the carbon dioxide concentration relative to oxygen within the chloroplast, increasing the efficiency of photosynthesis. These mechanisms are called carbon dioxide concentrating mechanisms, or CCMs. These include Crassulacean acid metabolism, C4 carbon fixation, and pyrenoids. Chloroplasts in C4 plants are notable as they exhibit a distinct chloroplast dimorphism.",What have plants developed to improve photosynthesis?,carbon dioxide concentrating mechanisms
"Photorespiration can occur when the oxygen concentration is too high. Rubisco cannot distinguish between oxygen and carbon dioxide very well, so it can accidentally add O2 instead of CO2 to RuBP. This process reduces the efficiency of photosynthesis—it consumes ATP and oxygen, releases CO2, and produces no sugar. It can waste up to half the carbon fixed by the Calvin cycle. Several mechanisms have evolved in different lineages that raise the carbon dioxide concentration relative to oxygen within the chloroplast, increasing the efficiency of photosynthesis. These mechanisms are called carbon dioxide concentrating mechanisms, or CCMs. These include Crassulacean acid metabolism, C4 carbon fixation, and pyrenoids. Chloroplasts in C4 plants are notable as they exhibit a distinct chloroplast dimorphism.",Why does adding oxygen to ribulose waste energy?,reduces the efficiency of photosynthesis
"Photorespiration can occur when the oxygen concentration is too high. Rubisco cannot distinguish between oxygen and carbon dioxide very well, so it can accidentally add O2 instead of CO2 to RuBP. This process reduces the efficiency of photosynthesis—it consumes ATP and oxygen, releases CO2, and produces no sugar. It can waste up to half the carbon fixed by the Calvin cycle. Several mechanisms have evolved in different lineages that raise the carbon dioxide concentration relative to oxygen within the chloroplast, increasing the efficiency of photosynthesis. These mechanisms are called carbon dioxide concentrating mechanisms, or CCMs. These include Crassulacean acid metabolism, C4 carbon fixation, and pyrenoids. Chloroplasts in C4 plants are notable as they exhibit a distinct chloroplast dimorphism.",What do pyrenoids improve?,efficiency of photosynthesis
"Endosymbiotic gene transfer is how we know about the lost chloroplasts in many chromalveolate lineages. Even if a chloroplast is eventually lost, the genes it donated to the former host's nucleus persist, providing evidence for the lost chloroplast's existence. For example, while diatoms (a heterokontophyte) now have a red algal derived chloroplast, the presence of many green algal genes in the diatom nucleus provide evidence that the diatom ancestor (probably the ancestor of all chromalveolates too) had a green algal derived chloroplast at some point, which was subsequently replaced by the red chloroplast.",what part of the chlorplast is left in the host,the genes
"Endosymbiotic gene transfer is how we know about the lost chloroplasts in many chromalveolate lineages. Even if a chloroplast is eventually lost, the genes it donated to the former host's nucleus persist, providing evidence for the lost chloroplast's existence. For example, while diatoms (a heterokontophyte) now have a red algal derived chloroplast, the presence of many green algal genes in the diatom nucleus provide evidence that the diatom ancestor (probably the ancestor of all chromalveolates too) had a green algal derived chloroplast at some point, which was subsequently replaced by the red chloroplast.",what has green and red chloroplasts genes,diatoms
"Endosymbiotic gene transfer is how we know about the lost chloroplasts in many chromalveolate lineages. Even if a chloroplast is eventually lost, the genes it donated to the former host's nucleus persist, providing evidence for the lost chloroplast's existence. For example, while diatoms (a heterokontophyte) now have a red algal derived chloroplast, the presence of many green algal genes in the diatom nucleus provide evidence that the diatom ancestor (probably the ancestor of all chromalveolates too) had a green algal derived chloroplast at some point, which was subsequently replaced by the red chloroplast.",where are the diatom genes located,diatom nucleus
"Endosymbiotic gene transfer is how we know about the lost chloroplasts in many chromalveolate lineages. Even if a chloroplast is eventually lost, the genes it donated to the former host's nucleus persist, providing evidence for the lost chloroplast's existence. For example, while diatoms (a heterokontophyte) now have a red algal derived chloroplast, the presence of many green algal genes in the diatom nucleus provide evidence that the diatom ancestor (probably the ancestor of all chromalveolates too) had a green algal derived chloroplast at some point, which was subsequently replaced by the red chloroplast.",where do chloroplasts leave the genes they donate to an organism,host's nucleus
"Endosymbiotic gene transfer is how we know about the lost chloroplasts in many chromalveolate lineages. Even if a chloroplast is eventually lost, the genes it donated to the former host's nucleus persist, providing evidence for the lost chloroplast's existence. For example, while diatoms (a heterokontophyte) now have a red algal derived chloroplast, the presence of many green algal genes in the diatom nucleus provide evidence that the diatom ancestor (probably the ancestor of all chromalveolates too) had a green algal derived chloroplast at some point, which was subsequently replaced by the red chloroplast.",what did the diatom ancester have before the red chloroplast,green algal derived chloroplast
"The chloroplast double membrane is also often compared to the mitochondrial double membrane. This is not a valid comparison—the inner mitochondria membrane is used to run proton pumps and carry out oxidative phosphorylation across to generate ATP energy. The only chloroplast structure that can considered analogous to it is the internal thylakoid system. Even so, in terms of ""in-out"", the direction of chloroplast H+ ion flow is in the opposite direction compared to oxidative phosphorylation in mitochondria. In addition, in terms of function, the inner chloroplast membrane, which regulates metabolite passage and synthesizes some materials, has no counterpart in the mitochondrion.",Which is the relationship between the direction of ion flow in the thylakoid and ion flow across the mitochondrial membrane?,opposite
"The chloroplast double membrane is also often compared to the mitochondrial double membrane. This is not a valid comparison—the inner mitochondria membrane is used to run proton pumps and carry out oxidative phosphorylation across to generate ATP energy. The only chloroplast structure that can considered analogous to it is the internal thylakoid system. Even so, in terms of ""in-out"", the direction of chloroplast H+ ion flow is in the opposite direction compared to oxidative phosphorylation in mitochondria. In addition, in terms of function, the inner chloroplast membrane, which regulates metabolite passage and synthesizes some materials, has no counterpart in the mitochondrion.",Which of the chloroplast's membranes cannot really be correlated with a mitochondrial membrane at all?,inner chloroplast membrane
"The chloroplast double membrane is also often compared to the mitochondrial double membrane. This is not a valid comparison—the inner mitochondria membrane is used to run proton pumps and carry out oxidative phosphorylation across to generate ATP energy. The only chloroplast structure that can considered analogous to it is the internal thylakoid system. Even so, in terms of ""in-out"", the direction of chloroplast H+ ion flow is in the opposite direction compared to oxidative phosphorylation in mitochondria. In addition, in terms of function, the inner chloroplast membrane, which regulates metabolite passage and synthesizes some materials, has no counterpart in the mitochondrion.",Where are thylakoids found in the cell?,chloroplast
"The chloroplast double membrane is also often compared to the mitochondrial double membrane. This is not a valid comparison—the inner mitochondria membrane is used to run proton pumps and carry out oxidative phosphorylation across to generate ATP energy. The only chloroplast structure that can considered analogous to it is the internal thylakoid system. Even so, in terms of ""in-out"", the direction of chloroplast H+ ion flow is in the opposite direction compared to oxidative phosphorylation in mitochondria. In addition, in terms of function, the inner chloroplast membrane, which regulates metabolite passage and synthesizes some materials, has no counterpart in the mitochondrion.",What processes are carried out by the inner membrane of the chloroplast's double membrane?,regulates metabolite passage and synthesizes some materials
"The chloroplast double membrane is also often compared to the mitochondrial double membrane. This is not a valid comparison—the inner mitochondria membrane is used to run proton pumps and carry out oxidative phosphorylation across to generate ATP energy. The only chloroplast structure that can considered analogous to it is the internal thylakoid system. Even so, in terms of ""in-out"", the direction of chloroplast H+ ion flow is in the opposite direction compared to oxidative phosphorylation in mitochondria. In addition, in terms of function, the inner chloroplast membrane, which regulates metabolite passage and synthesizes some materials, has no counterpart in the mitochondrion.",Is it considered reasonable to compare the double membrane found in the chloroplast to the double membrane of the mitochondria?,This is not a valid comparison
"The alga Cyanophora, a glaucophyte, is thought to be one of the first organisms to contain a chloroplast. The glaucophyte chloroplast group is the smallest of the three primary chloroplast lineages, being found in only 13 species, and is thought to be the one that branched off the earliest. Glaucophytes have chloroplasts that retain a peptidoglycan wall between their double membranes, like their cyanobacterial parent. For this reason, glaucophyte chloroplasts are also known as muroplasts. Glaucophyte chloroplasts also contain concentric unstacked thylakoids, which surround a carboxysome - an icosahedral structure that glaucophyte chloroplasts and cyanobacteria keep their carbon fixation enzyme rubisco in. The starch that they synthesize collects outside the chloroplast. Like cyanobacteria, glaucophyte chloroplast thylakoids are studded with light collecting structures called phycobilisomes. For these reasons, glaucophyte chloroplasts are considered a primitive intermediate between cyanobacteria and the more evolved chloroplasts in red algae and plants.",What is Cyanophora considered?,glaucophyte
"The alga Cyanophora, a glaucophyte, is thought to be one of the first organisms to contain a chloroplast. The glaucophyte chloroplast group is the smallest of the three primary chloroplast lineages, being found in only 13 species, and is thought to be the one that branched off the earliest. Glaucophytes have chloroplasts that retain a peptidoglycan wall between their double membranes, like their cyanobacterial parent. For this reason, glaucophyte chloroplasts are also known as muroplasts. Glaucophyte chloroplasts also contain concentric unstacked thylakoids, which surround a carboxysome - an icosahedral structure that glaucophyte chloroplasts and cyanobacteria keep their carbon fixation enzyme rubisco in. The starch that they synthesize collects outside the chloroplast. Like cyanobacteria, glaucophyte chloroplast thylakoids are studded with light collecting structures called phycobilisomes. For these reasons, glaucophyte chloroplasts are considered a primitive intermediate between cyanobacteria and the more evolved chloroplasts in red algae and plants.",What is found within a Cyanophora?,chloroplast
"The alga Cyanophora, a glaucophyte, is thought to be one of the first organisms to contain a chloroplast. The glaucophyte chloroplast group is the smallest of the three primary chloroplast lineages, being found in only 13 species, and is thought to be the one that branched off the earliest. Glaucophytes have chloroplasts that retain a peptidoglycan wall between their double membranes, like their cyanobacterial parent. For this reason, glaucophyte chloroplasts are also known as muroplasts. Glaucophyte chloroplasts also contain concentric unstacked thylakoids, which surround a carboxysome - an icosahedral structure that glaucophyte chloroplasts and cyanobacteria keep their carbon fixation enzyme rubisco in. The starch that they synthesize collects outside the chloroplast. Like cyanobacteria, glaucophyte chloroplast thylakoids are studded with light collecting structures called phycobilisomes. For these reasons, glaucophyte chloroplasts are considered a primitive intermediate between cyanobacteria and the more evolved chloroplasts in red algae and plants.",What do glaucophyte chloroplast thylakoids have that cyanobacteria also have?,phycobilisomes
"The alga Cyanophora, a glaucophyte, is thought to be one of the first organisms to contain a chloroplast. The glaucophyte chloroplast group is the smallest of the three primary chloroplast lineages, being found in only 13 species, and is thought to be the one that branched off the earliest. Glaucophytes have chloroplasts that retain a peptidoglycan wall between their double membranes, like their cyanobacterial parent. For this reason, glaucophyte chloroplasts are also known as muroplasts. Glaucophyte chloroplasts also contain concentric unstacked thylakoids, which surround a carboxysome - an icosahedral structure that glaucophyte chloroplasts and cyanobacteria keep their carbon fixation enzyme rubisco in. The starch that they synthesize collects outside the chloroplast. Like cyanobacteria, glaucophyte chloroplast thylakoids are studded with light collecting structures called phycobilisomes. For these reasons, glaucophyte chloroplasts are considered a primitive intermediate between cyanobacteria and the more evolved chloroplasts in red algae and plants.",Glaucophyte chloroplasts are considered to be an intermediate between what?,cyanobacteria and the more evolved chloroplasts in red algae and plants
"The alga Cyanophora, a glaucophyte, is thought to be one of the first organisms to contain a chloroplast. The glaucophyte chloroplast group is the smallest of the three primary chloroplast lineages, being found in only 13 species, and is thought to be the one that branched off the earliest. Glaucophytes have chloroplasts that retain a peptidoglycan wall between their double membranes, like their cyanobacterial parent. For this reason, glaucophyte chloroplasts are also known as muroplasts. Glaucophyte chloroplasts also contain concentric unstacked thylakoids, which surround a carboxysome - an icosahedral structure that glaucophyte chloroplasts and cyanobacteria keep their carbon fixation enzyme rubisco in. The starch that they synthesize collects outside the chloroplast. Like cyanobacteria, glaucophyte chloroplast thylakoids are studded with light collecting structures called phycobilisomes. For these reasons, glaucophyte chloroplasts are considered a primitive intermediate between cyanobacteria and the more evolved chloroplasts in red algae and plants.",Where are glaucophyte chloroplasts a primitive intermediate?,red algae and plants
"Apicomplexans are another group of chromalveolates. Like the helicosproidia, they're parasitic, and have a nonphotosynthetic chloroplast. They were once thought to be related to the helicosproidia, but it is now known that the helicosproida are green algae rather than chromalveolates. The apicomplexans include Plasmodium, the malaria parasite. Many apicomplexans keep a vestigial red algal derived chloroplast called an apicoplast, which they inherited from their ancestors. Other apicomplexans like Cryptosporidium have lost the chloroplast completely. Apicomplexans store their energy in amylopectin starch granules that are located in their cytoplasm, even though they are nonphotosynthetic.",What type of molecule stores Apicomplexans' energy?,starch
"Apicomplexans are another group of chromalveolates. Like the helicosproidia, they're parasitic, and have a nonphotosynthetic chloroplast. They were once thought to be related to the helicosproidia, but it is now known that the helicosproida are green algae rather than chromalveolates. The apicomplexans include Plasmodium, the malaria parasite. Many apicomplexans keep a vestigial red algal derived chloroplast called an apicoplast, which they inherited from their ancestors. Other apicomplexans like Cryptosporidium have lost the chloroplast completely. Apicomplexans store their energy in amylopectin starch granules that are located in their cytoplasm, even though they are nonphotosynthetic.",Which of these is not a chromalveolate: Plasmodium or helicosproida?,helicosproida
"After a chloroplast polypeptide is synthesized on a ribosome in the cytosol, an enzyme specific to chloroplast proteins phosphorylates, or adds a phosphate group to many (but not all) of them in their transit sequences. Phosphorylation helps many proteins bind the polypeptide, keeping it from folding prematurely. This is important because it prevents chloroplast proteins from assuming their active form and carrying out their chloroplast functions in the wrong place—the cytosol. At the same time, they have to keep just enough shape so that they can be recognized by the chloroplast. These proteins also help the polypeptide get imported into the chloroplast.",What does folding prematurely do?,prevents chloroplast proteins from assuming their active form and carrying out their chloroplast functions in the wrong place—the cytosol
"After a chloroplast polypeptide is synthesized on a ribosome in the cytosol, an enzyme specific to chloroplast proteins phosphorylates, or adds a phosphate group to many (but not all) of them in their transit sequences. Phosphorylation helps many proteins bind the polypeptide, keeping it from folding prematurely. This is important because it prevents chloroplast proteins from assuming their active form and carrying out their chloroplast functions in the wrong place—the cytosol. At the same time, they have to keep just enough shape so that they can be recognized by the chloroplast. These proteins also help the polypeptide get imported into the chloroplast.",What helps the polypeptide get into the cholorplast?,proteins
"After a chloroplast polypeptide is synthesized on a ribosome in the cytosol, an enzyme specific to chloroplast proteins phosphorylates, or adds a phosphate group to many (but not all) of them in their transit sequences. Phosphorylation helps many proteins bind the polypeptide, keeping it from folding prematurely. This is important because it prevents chloroplast proteins from assuming their active form and carrying out their chloroplast functions in the wrong place—the cytosol. At the same time, they have to keep just enough shape so that they can be recognized by the chloroplast. These proteins also help the polypeptide get imported into the chloroplast.",What do the proteins have to so the chloroplast knows what they are?,keep just enough shape
"After a chloroplast polypeptide is synthesized on a ribosome in the cytosol, an enzyme specific to chloroplast proteins phosphorylates, or adds a phosphate group to many (but not all) of them in their transit sequences. Phosphorylation helps many proteins bind the polypeptide, keeping it from folding prematurely. This is important because it prevents chloroplast proteins from assuming their active form and carrying out their chloroplast functions in the wrong place—the cytosol. At the same time, they have to keep just enough shape so that they can be recognized by the chloroplast. These proteins also help the polypeptide get imported into the chloroplast.",Why is it essential the proteins bind the polypeptide?,keeping it from folding prematurely
"After a chloroplast polypeptide is synthesized on a ribosome in the cytosol, an enzyme specific to chloroplast proteins phosphorylates, or adds a phosphate group to many (but not all) of them in their transit sequences. Phosphorylation helps many proteins bind the polypeptide, keeping it from folding prematurely. This is important because it prevents chloroplast proteins from assuming their active form and carrying out their chloroplast functions in the wrong place—the cytosol. At the same time, they have to keep just enough shape so that they can be recognized by the chloroplast. These proteins also help the polypeptide get imported into the chloroplast.",Where doesn't the chloroplast want to carry out their functions?,the cytosol
"Plastoglobuli were once thought to be free-floating in the stroma, but it is now thought that they are permanently attached either to a thylakoid or to another plastoglobulus attached to a thylakoid, a configuration that allows a plastoglobulus to exchange its contents with the thylakoid network. In normal green chloroplasts, the vast majority of plastoglobuli occur singularly, attached directly to their parent thylakoid. In old or stressed chloroplasts, plastoglobuli tend to occur in linked groups or chains, still always anchored to a thylakoid.",Why are plastoglobuli attached to thylakoid?,exchange its contents with the thylakoid network
"Plastoglobuli were once thought to be free-floating in the stroma, but it is now thought that they are permanently attached either to a thylakoid or to another plastoglobulus attached to a thylakoid, a configuration that allows a plastoglobulus to exchange its contents with the thylakoid network. In normal green chloroplasts, the vast majority of plastoglobuli occur singularly, attached directly to their parent thylakoid. In old or stressed chloroplasts, plastoglobuli tend to occur in linked groups or chains, still always anchored to a thylakoid.",What would a singlular plastoglobuli attached to their parent thylakoid be called?,plastoglobulus
"If angiosperm shoots are not exposed to the required light for chloroplast formation, proplastids may develop into an etioplast stage before becoming chloroplasts. An etioplast is a plastid that lacks chlorophyll, and has inner membrane invaginations that form a lattice of tubes in their stroma, called a prolamellar body. While etioplasts lack chlorophyll, they have a yellow chlorophyll precursor stocked. Within a few minutes of light exposure, the prolamellar body begins to reorganize into stacks of thylakoids, and chlorophyll starts to be produced. This process, where the etioplast becomes a chloroplast, takes several hours. Gymnosperms do not require light to form chloroplasts.",What do angiosperm shoots need to become chloroplasts?,light
"If angiosperm shoots are not exposed to the required light for chloroplast formation, proplastids may develop into an etioplast stage before becoming chloroplasts. An etioplast is a plastid that lacks chlorophyll, and has inner membrane invaginations that form a lattice of tubes in their stroma, called a prolamellar body. While etioplasts lack chlorophyll, they have a yellow chlorophyll precursor stocked. Within a few minutes of light exposure, the prolamellar body begins to reorganize into stacks of thylakoids, and chlorophyll starts to be produced. This process, where the etioplast becomes a chloroplast, takes several hours. Gymnosperms do not require light to form chloroplasts.",If angiosperm shoots don't get the required light what will they be lacking?,chlorophyll
"If angiosperm shoots are not exposed to the required light for chloroplast formation, proplastids may develop into an etioplast stage before becoming chloroplasts. An etioplast is a plastid that lacks chlorophyll, and has inner membrane invaginations that form a lattice of tubes in their stroma, called a prolamellar body. While etioplasts lack chlorophyll, they have a yellow chlorophyll precursor stocked. Within a few minutes of light exposure, the prolamellar body begins to reorganize into stacks of thylakoids, and chlorophyll starts to be produced. This process, where the etioplast becomes a chloroplast, takes several hours. Gymnosperms do not require light to form chloroplasts.",What do angiosperms need that gymnosperms don't in order for chloroplast formation?,light
"If angiosperm shoots are not exposed to the required light for chloroplast formation, proplastids may develop into an etioplast stage before becoming chloroplasts. An etioplast is a plastid that lacks chlorophyll, and has inner membrane invaginations that form a lattice of tubes in their stroma, called a prolamellar body. While etioplasts lack chlorophyll, they have a yellow chlorophyll precursor stocked. Within a few minutes of light exposure, the prolamellar body begins to reorganize into stacks of thylakoids, and chlorophyll starts to be produced. This process, where the etioplast becomes a chloroplast, takes several hours. Gymnosperms do not require light to form chloroplasts.",When given light what happens to the lattice of tubes in the stroma?,reorganize into stacks of thylakoids
"If angiosperm shoots are not exposed to the required light for chloroplast formation, proplastids may develop into an etioplast stage before becoming chloroplasts. An etioplast is a plastid that lacks chlorophyll, and has inner membrane invaginations that form a lattice of tubes in their stroma, called a prolamellar body. While etioplasts lack chlorophyll, they have a yellow chlorophyll precursor stocked. Within a few minutes of light exposure, the prolamellar body begins to reorganize into stacks of thylakoids, and chlorophyll starts to be produced. This process, where the etioplast becomes a chloroplast, takes several hours. Gymnosperms do not require light to form chloroplasts.",What happens to the inner membrane invaginations when the etioplast is exposed to a light source?,begins to reorganize into stacks of thylakoids
"Recently, chloroplasts have caught attention by developers of genetically modified crops. Since, in most flowering plants, chloroplasts are not inherited from the male parent, transgenes in these plastids cannot be disseminated by pollen. This makes plastid transformation a valuable tool for the creation and cultivation of genetically modified plants that are biologically contained, thus posing significantly lower environmental risks. This biological containment strategy is therefore suitable for establishing the coexistence of conventional and organic agriculture. While the reliability of this mechanism has not yet been studied for all relevant crop species, recent results in tobacco plants are promising, showing a failed containment rate of transplastomic plants at 3 in 1,000,000.",How can change come upon plants?,plastid transformation
"Recently, chloroplasts have caught attention by developers of genetically modified crops. Since, in most flowering plants, chloroplasts are not inherited from the male parent, transgenes in these plastids cannot be disseminated by pollen. This makes plastid transformation a valuable tool for the creation and cultivation of genetically modified plants that are biologically contained, thus posing significantly lower environmental risks. This biological containment strategy is therefore suitable for establishing the coexistence of conventional and organic agriculture. While the reliability of this mechanism has not yet been studied for all relevant crop species, recent results in tobacco plants are promising, showing a failed containment rate of transplastomic plants at 3 in 1,000,000.",How often doesn't the mechanism work?,"at 3 in 1,000,000"
"Lepidodinium viride and its close relatives are dinophytes that lost their original peridinin chloroplast and replaced it with a green algal derived chloroplast (more specifically, a prasinophyte). Lepidodinium is the only dinophyte that has a chloroplast that's not from the rhodoplast lineage. The chloroplast is surrounded by two membranes and has no nucleomorph—all the nucleomorph genes have been transferred to the dinophyte nucleus. The endosymbiotic event that led to this chloroplast was serial secondary endosymbiosis rather than tertiary endosymbiosis—the endosymbiont was a green alga containing a primary chloroplast (making a secondary chloroplast).",Which of the following describes the endosymbiont: serial secondary endosymbiosis or tertiary endosymbiosis?,serial secondary endosymbiosis
"Lepidodinium viride and its close relatives are dinophytes that lost their original peridinin chloroplast and replaced it with a green algal derived chloroplast (more specifically, a prasinophyte). Lepidodinium is the only dinophyte that has a chloroplast that's not from the rhodoplast lineage. The chloroplast is surrounded by two membranes and has no nucleomorph—all the nucleomorph genes have been transferred to the dinophyte nucleus. The endosymbiotic event that led to this chloroplast was serial secondary endosymbiosis rather than tertiary endosymbiosis—the endosymbiont was a green alga containing a primary chloroplast (making a secondary chloroplast).",What does Lepidodinium viride have that most most dinophytes lack?,green algal derived chloroplast
"Lepidodinium viride and its close relatives are dinophytes that lost their original peridinin chloroplast and replaced it with a green algal derived chloroplast (more specifically, a prasinophyte). Lepidodinium is the only dinophyte that has a chloroplast that's not from the rhodoplast lineage. The chloroplast is surrounded by two membranes and has no nucleomorph—all the nucleomorph genes have been transferred to the dinophyte nucleus. The endosymbiotic event that led to this chloroplast was serial secondary endosymbiosis rather than tertiary endosymbiosis—the endosymbiont was a green alga containing a primary chloroplast (making a secondary chloroplast).",Where do most dinophytes get their chloroplast?,rhodoplast lineage
"Plastoglobuli (singular plastoglobulus, sometimes spelled plastoglobule(s)), are spherical bubbles of lipids and proteins about 45–60 nanometers across. They are surrounded by a lipid monolayer. Plastoglobuli are found in all chloroplasts, but become more common when the chloroplast is under oxidative stress, or when it ages and transitions into a gerontoplast. Plastoglobuli also exhibit a greater size variation under these conditions. They are also common in etioplasts, but decrease in number as the etioplasts mature into chloroplasts.",How many layers of lipids surround a plastoglobulus?,monolayer
"Plastoglobuli (singular plastoglobulus, sometimes spelled plastoglobule(s)), are spherical bubbles of lipids and proteins about 45–60 nanometers across. They are surrounded by a lipid monolayer. Plastoglobuli are found in all chloroplasts, but become more common when the chloroplast is under oxidative stress, or when it ages and transitions into a gerontoplast. Plastoglobuli also exhibit a greater size variation under these conditions. They are also common in etioplasts, but decrease in number as the etioplasts mature into chloroplasts.",What is the name for a chloroplast after it gets old and changes form?,gerontoplast
"Plastoglobuli (singular plastoglobulus, sometimes spelled plastoglobule(s)), are spherical bubbles of lipids and proteins about 45–60 nanometers across. They are surrounded by a lipid monolayer. Plastoglobuli are found in all chloroplasts, but become more common when the chloroplast is under oxidative stress, or when it ages and transitions into a gerontoplast. Plastoglobuli also exhibit a greater size variation under these conditions. They are also common in etioplasts, but decrease in number as the etioplasts mature into chloroplasts.",What would be observed about plastoglobuli in a chloroplast that is under oxidative stress?,greater size variation
"Plastoglobuli (singular plastoglobulus, sometimes spelled plastoglobule(s)), are spherical bubbles of lipids and proteins about 45–60 nanometers across. They are surrounded by a lipid monolayer. Plastoglobuli are found in all chloroplasts, but become more common when the chloroplast is under oxidative stress, or when it ages and transitions into a gerontoplast. Plastoglobuli also exhibit a greater size variation under these conditions. They are also common in etioplasts, but decrease in number as the etioplasts mature into chloroplasts.",What is the term for an immature chloroplast?,etioplasts
"Plastoglobuli (singular plastoglobulus, sometimes spelled plastoglobule(s)), are spherical bubbles of lipids and proteins about 45–60 nanometers across. They are surrounded by a lipid monolayer. Plastoglobuli are found in all chloroplasts, but become more common when the chloroplast is under oxidative stress, or when it ages and transitions into a gerontoplast. Plastoglobuli also exhibit a greater size variation under these conditions. They are also common in etioplasts, but decrease in number as the etioplasts mature into chloroplasts.",What is the main component of a plastoglobulus?,lipids
"In the helical thylakoid model, grana consist of a stack of flattened circular granal thylakoids that resemble pancakes. Each granum can contain anywhere from two to a hundred thylakoids, though grana with 10–20 thylakoids are most common. Wrapped around the grana are helicoid stromal thylakoids, also known as frets or lamellar thylakoids. The helices ascend at an angle of 20–25°, connecting to each granal thylakoid at a bridge-like slit junction. The helicoids may extend as large sheets that link multiple grana, or narrow to tube-like bridges between grana. While different parts of the thylakoid system contain different membrane proteins, the thylakoid membranes are continuous and the thylakoid space they enclose form a single continuous labyrinth.",What is not unusual?,grana with 10–20 thylakoids
"The division process starts when the proteins FtsZ1 and FtsZ2 assemble into filaments, and with the help of a protein ARC6, form a structure called a Z-ring within the chloroplast's stroma. The Min system manages the placement of the Z-ring, ensuring that the chloroplast is cleaved more or less evenly. The protein MinD prevents FtsZ from linking up and forming filaments. Another protein ARC3 may also be involved, but it is not very well understood. These proteins are active at the poles of the chloroplast, preventing Z-ring formation there, but near the center of the chloroplast, MinE inhibits them, allowing the Z-ring to form.",What happens in the process of division?,"the proteins FtsZ1 and FtsZ2 assemble into filaments, and with the help of a protein ARC6, form a structure called a Z-ring within the chloroplast's stroma"
"The division process starts when the proteins FtsZ1 and FtsZ2 assemble into filaments, and with the help of a protein ARC6, form a structure called a Z-ring within the chloroplast's stroma. The Min system manages the placement of the Z-ring, ensuring that the chloroplast is cleaved more or less evenly. The protein MinD prevents FtsZ from linking up and forming filaments. Another protein ARC3 may also be involved, but it is not very well understood. These proteins are active at the poles of the chloroplast, preventing Z-ring formation there, but near the center of the chloroplast, MinE inhibits them, allowing the Z-ring to form.",What do the proteins NOT want to form?,filaments
"The chloroplasts of plant and algal cells can orient themselves to best suit the available light. In low-light conditions, they will spread out in a sheet—maximizing the surface area to absorb light. Under intense light, they will seek shelter by aligning in vertical columns along the plant cell's cell wall or turning sideways so that light strikes them edge-on. This reduces exposure and protects them from photooxidative damage. This ability to distribute chloroplasts so that they can take shelter behind each other or spread out may be the reason why land plants evolved to have many small chloroplasts instead of a few big ones. Chloroplast movement is considered one of the most closely regulated stimulus-response systems that can be found in plants. Mitochondria have also been observed to follow chloroplasts as they move.",Why do chloroplasts spread out in a sheet?,maximizing the surface area to absorb light
"The chloroplasts of plant and algal cells can orient themselves to best suit the available light. In low-light conditions, they will spread out in a sheet—maximizing the surface area to absorb light. Under intense light, they will seek shelter by aligning in vertical columns along the plant cell's cell wall or turning sideways so that light strikes them edge-on. This reduces exposure and protects them from photooxidative damage. This ability to distribute chloroplasts so that they can take shelter behind each other or spread out may be the reason why land plants evolved to have many small chloroplasts instead of a few big ones. Chloroplast movement is considered one of the most closely regulated stimulus-response systems that can be found in plants. Mitochondria have also been observed to follow chloroplasts as they move.",What do chloroplasts do under intense light?,seek shelter by aligning in vertical columns along the plant cell's cell wall or turning sideways so that light strikes them edge-on
"The chloroplasts of plant and algal cells can orient themselves to best suit the available light. In low-light conditions, they will spread out in a sheet—maximizing the surface area to absorb light. Under intense light, they will seek shelter by aligning in vertical columns along the plant cell's cell wall or turning sideways so that light strikes them edge-on. This reduces exposure and protects them from photooxidative damage. This ability to distribute chloroplasts so that they can take shelter behind each other or spread out may be the reason why land plants evolved to have many small chloroplasts instead of a few big ones. Chloroplast movement is considered one of the most closely regulated stimulus-response systems that can be found in plants. Mitochondria have also been observed to follow chloroplasts as they move.",Why do chloroplasts seek shelter?,reduces exposure and protects them from photooxidative damage
"The chloroplasts of plant and algal cells can orient themselves to best suit the available light. In low-light conditions, they will spread out in a sheet—maximizing the surface area to absorb light. Under intense light, they will seek shelter by aligning in vertical columns along the plant cell's cell wall or turning sideways so that light strikes them edge-on. This reduces exposure and protects them from photooxidative damage. This ability to distribute chloroplasts so that they can take shelter behind each other or spread out may be the reason why land plants evolved to have many small chloroplasts instead of a few big ones. Chloroplast movement is considered one of the most closely regulated stimulus-response systems that can be found in plants. Mitochondria have also been observed to follow chloroplasts as they move.",How do chloroplast cells align?,vertical columns along the plant cell's cell wall or turning sideways so that light strikes them edge-on
"The chloroplasts of plant and algal cells can orient themselves to best suit the available light. In low-light conditions, they will spread out in a sheet—maximizing the surface area to absorb light. Under intense light, they will seek shelter by aligning in vertical columns along the plant cell's cell wall or turning sideways so that light strikes them edge-on. This reduces exposure and protects them from photooxidative damage. This ability to distribute chloroplasts so that they can take shelter behind each other or spread out may be the reason why land plants evolved to have many small chloroplasts instead of a few big ones. Chloroplast movement is considered one of the most closely regulated stimulus-response systems that can be found in plants. Mitochondria have also been observed to follow chloroplasts as they move.",What do chloroplasts do in low light conditions?,maximizing the surface area to absorb light
"Chloroplasts are one of many types of organelles in the plant cell. They are considered to have originated from cyanobacteria through endosymbiosis—when a eukaryotic cell engulfed a photosynthesizing cyanobacterium that became a permanent resident in the cell. Mitochondria are thought to have come from a similar event, where an aerobic prokaryote was engulfed. This origin of chloroplasts was first suggested by the Russian biologist Konstantin Mereschkowski in 1905 after Andreas Schimper observed in 1883 that chloroplasts closely resemble cyanobacteria. Chloroplasts are only found in plants and algae.",What process is happening to the cyanobacterium as it is engulfed?,photosynthesizing
"Chloroplasts are one of many types of organelles in the plant cell. They are considered to have originated from cyanobacteria through endosymbiosis—when a eukaryotic cell engulfed a photosynthesizing cyanobacterium that became a permanent resident in the cell. Mitochondria are thought to have come from a similar event, where an aerobic prokaryote was engulfed. This origin of chloroplasts was first suggested by the Russian biologist Konstantin Mereschkowski in 1905 after Andreas Schimper observed in 1883 that chloroplasts closely resemble cyanobacteria. Chloroplasts are only found in plants and algae.",What process are chloroplasts thought to have developed from?,endosymbiosis
"Chloroplasts are one of many types of organelles in the plant cell. They are considered to have originated from cyanobacteria through endosymbiosis—when a eukaryotic cell engulfed a photosynthesizing cyanobacterium that became a permanent resident in the cell. Mitochondria are thought to have come from a similar event, where an aerobic prokaryote was engulfed. This origin of chloroplasts was first suggested by the Russian biologist Konstantin Mereschkowski in 1905 after Andreas Schimper observed in 1883 that chloroplasts closely resemble cyanobacteria. Chloroplasts are only found in plants and algae.",What else has an origin that is similar to the origin of chloroplasts?,Mitochondria
"Chloroplasts are one of many types of organelles in the plant cell. They are considered to have originated from cyanobacteria through endosymbiosis—when a eukaryotic cell engulfed a photosynthesizing cyanobacterium that became a permanent resident in the cell. Mitochondria are thought to have come from a similar event, where an aerobic prokaryote was engulfed. This origin of chloroplasts was first suggested by the Russian biologist Konstantin Mereschkowski in 1905 after Andreas Schimper observed in 1883 that chloroplasts closely resemble cyanobacteria. Chloroplasts are only found in plants and algae.",Who was the biologist that noticed that cyanobacteria and chloroplasts are similar?,Andreas Schimper
"One of the main functions of the chloroplast is its role in photosynthesis, the process by which light is transformed into chemical energy, to subsequently produce food in the form of sugars. Water (H2O) and carbon dioxide (CO2) are used in photosynthesis, and sugar and oxygen (O2) is made, using light energy. Photosynthesis is divided into two stages—the light reactions, where water is split to produce oxygen, and the dark reactions, or Calvin cycle, which builds sugar molecules from carbon dioxide. The two phases are linked by the energy carriers adenosine triphosphate (ATP) and nicotinamide adenine dinucleotide phosphate (NADP+).",What is instrumental to photosynthesis?,chloroplast
"One of the main functions of the chloroplast is its role in photosynthesis, the process by which light is transformed into chemical energy, to subsequently produce food in the form of sugars. Water (H2O) and carbon dioxide (CO2) are used in photosynthesis, and sugar and oxygen (O2) is made, using light energy. Photosynthesis is divided into two stages—the light reactions, where water is split to produce oxygen, and the dark reactions, or Calvin cycle, which builds sugar molecules from carbon dioxide. The two phases are linked by the energy carriers adenosine triphosphate (ATP) and nicotinamide adenine dinucleotide phosphate (NADP+).",What has an important role in photosynthesis?,chloroplast
"Plastid differentiation is not permanent, in fact many interconversions are possible. Chloroplasts may be converted to chromoplasts, which are pigment-filled plastids responsible for the bright colors seen in flowers and ripe fruit. Starch storing amyloplasts can also be converted to chromoplasts, and it is possible for proplastids to develop straight into chromoplasts. Chromoplasts and amyloplasts can also become chloroplasts, like what happens when a carrot or a potato is illuminated. If a plant is injured, or something else causes a plant cell to revert to a meristematic state, chloroplasts and other plastids can turn back into proplastids. Chloroplast, amyloplast, chromoplast, proplast, etc., are not absolute states—intermediate forms are common.",Flowers are colorful because of what?,chromoplasts
"Plastid differentiation is not permanent, in fact many interconversions are possible. Chloroplasts may be converted to chromoplasts, which are pigment-filled plastids responsible for the bright colors seen in flowers and ripe fruit. Starch storing amyloplasts can also be converted to chromoplasts, and it is possible for proplastids to develop straight into chromoplasts. Chromoplasts and amyloplasts can also become chloroplasts, like what happens when a carrot or a potato is illuminated. If a plant is injured, or something else causes a plant cell to revert to a meristematic state, chloroplasts and other plastids can turn back into proplastids. Chloroplast, amyloplast, chromoplast, proplast, etc., are not absolute states—intermediate forms are common.",What would cause a plant cell to revert?,If a plant is injured
"Plastid differentiation is not permanent, in fact many interconversions are possible. Chloroplasts may be converted to chromoplasts, which are pigment-filled plastids responsible for the bright colors seen in flowers and ripe fruit. Starch storing amyloplasts can also be converted to chromoplasts, and it is possible for proplastids to develop straight into chromoplasts. Chromoplasts and amyloplasts can also become chloroplasts, like what happens when a carrot or a potato is illuminated. If a plant is injured, or something else causes a plant cell to revert to a meristematic state, chloroplasts and other plastids can turn back into proplastids. Chloroplast, amyloplast, chromoplast, proplast, etc., are not absolute states—intermediate forms are common.",What was a chromoplast before it was changed?,Chloroplasts
"The chloroplast membranes sometimes protrude out into the cytoplasm, forming a stromule, or stroma-containing tubule. Stromules are very rare in chloroplasts, and are much more common in other plastids like chromoplasts and amyloplasts in petals and roots, respectively. They may exist to increase the chloroplast's surface area for cross-membrane transport, because they are often branched and tangled with the endoplasmic reticulum. When they were first observed in 1962, some plant biologists dismissed the structures as artifactual, claiming that stromules were just oddly shaped chloroplasts with constricted regions or dividing chloroplasts. However, there is a growing body of evidence that stromules are functional, integral features of plant cell plastids, not merely artifacts.",Who thought that stroma-containing tubules were insignificant?,some plant biologists
"The chloroplast membranes sometimes protrude out into the cytoplasm, forming a stromule, or stroma-containing tubule. Stromules are very rare in chloroplasts, and are much more common in other plastids like chromoplasts and amyloplasts in petals and roots, respectively. They may exist to increase the chloroplast's surface area for cross-membrane transport, because they are often branched and tangled with the endoplasmic reticulum. When they were first observed in 1962, some plant biologists dismissed the structures as artifactual, claiming that stromules were just oddly shaped chloroplasts with constricted regions or dividing chloroplasts. However, there is a growing body of evidence that stromules are functional, integral features of plant cell plastids, not merely artifacts.",What did plant biologist consider stroma-containing tubules to be?,oddly shaped chloroplasts
"The chloroplast membranes sometimes protrude out into the cytoplasm, forming a stromule, or stroma-containing tubule. Stromules are very rare in chloroplasts, and are much more common in other plastids like chromoplasts and amyloplasts in petals and roots, respectively. They may exist to increase the chloroplast's surface area for cross-membrane transport, because they are often branched and tangled with the endoplasmic reticulum. When they were first observed in 1962, some plant biologists dismissed the structures as artifactual, claiming that stromules were just oddly shaped chloroplasts with constricted regions or dividing chloroplasts. However, there is a growing body of evidence that stromules are functional, integral features of plant cell plastids, not merely artifacts.",How do stroma-containing tubules interact with the endoplasmic reticulum?,branched and tangled with
"The chloroplast membranes sometimes protrude out into the cytoplasm, forming a stromule, or stroma-containing tubule. Stromules are very rare in chloroplasts, and are much more common in other plastids like chromoplasts and amyloplasts in petals and roots, respectively. They may exist to increase the chloroplast's surface area for cross-membrane transport, because they are often branched and tangled with the endoplasmic reticulum. When they were first observed in 1962, some plant biologists dismissed the structures as artifactual, claiming that stromules were just oddly shaped chloroplasts with constricted regions or dividing chloroplasts. However, there is a growing body of evidence that stromules are functional, integral features of plant cell plastids, not merely artifacts.",Plant biologists ignored stromule-containing tubules as what?,artifactual
"Some dinophytes, like Kryptoperidinium and Durinskia have a diatom (heterokontophyte) derived chloroplast. These chloroplasts are bounded by up to five membranes, (depending on whether you count the entire diatom endosymbiont as the chloroplast, or just the red algal derived chloroplast inside it). The diatom endosymbiont has been reduced relatively little—it still retains its original mitochondria, and has endoplasmic reticulum, ribosomes, a nucleus, and of course, red algal derived chloroplasts—practically a complete cell, all inside the host's endoplasmic reticulum lumen. However the diatom endosymbiont can't store its own food—its starch is found in granules in the dinophyte host's cytoplasm instead. The diatom endosymbiont's nucleus is present, but it probably can't be called a nucleomorph because it shows no sign of genome reduction, and might have even been expanded. Diatoms have been engulfed by dinoflagellates at least three times.",What is a Durinskia?,dinophytes
"Some dinophytes, like Kryptoperidinium and Durinskia have a diatom (heterokontophyte) derived chloroplast. These chloroplasts are bounded by up to five membranes, (depending on whether you count the entire diatom endosymbiont as the chloroplast, or just the red algal derived chloroplast inside it). The diatom endosymbiont has been reduced relatively little—it still retains its original mitochondria, and has endoplasmic reticulum, ribosomes, a nucleus, and of course, red algal derived chloroplasts—practically a complete cell, all inside the host's endoplasmic reticulum lumen. However the diatom endosymbiont can't store its own food—its starch is found in granules in the dinophyte host's cytoplasm instead. The diatom endosymbiont's nucleus is present, but it probably can't be called a nucleomorph because it shows no sign of genome reduction, and might have even been expanded. Diatoms have been engulfed by dinoflagellates at least three times.",What are diatoms also called?,heterokontophyte
"Some dinophytes, like Kryptoperidinium and Durinskia have a diatom (heterokontophyte) derived chloroplast. These chloroplasts are bounded by up to five membranes, (depending on whether you count the entire diatom endosymbiont as the chloroplast, or just the red algal derived chloroplast inside it). The diatom endosymbiont has been reduced relatively little—it still retains its original mitochondria, and has endoplasmic reticulum, ribosomes, a nucleus, and of course, red algal derived chloroplasts—practically a complete cell, all inside the host's endoplasmic reticulum lumen. However the diatom endosymbiont can't store its own food—its starch is found in granules in the dinophyte host's cytoplasm instead. The diatom endosymbiont's nucleus is present, but it probably can't be called a nucleomorph because it shows no sign of genome reduction, and might have even been expanded. Diatoms have been engulfed by dinoflagellates at least three times.",What has a nucleus?,diatom endosymbiont
"Some dinophytes, like Kryptoperidinium and Durinskia have a diatom (heterokontophyte) derived chloroplast. These chloroplasts are bounded by up to five membranes, (depending on whether you count the entire diatom endosymbiont as the chloroplast, or just the red algal derived chloroplast inside it). The diatom endosymbiont has been reduced relatively little—it still retains its original mitochondria, and has endoplasmic reticulum, ribosomes, a nucleus, and of course, red algal derived chloroplasts—practically a complete cell, all inside the host's endoplasmic reticulum lumen. However the diatom endosymbiont can't store its own food—its starch is found in granules in the dinophyte host's cytoplasm instead. The diatom endosymbiont's nucleus is present, but it probably can't be called a nucleomorph because it shows no sign of genome reduction, and might have even been expanded. Diatoms have been engulfed by dinoflagellates at least three times.",Where is a diatom endosymbiont's food found?,in granules in the dinophyte host's cytoplasm
"On May 3, 1901, downtown Jacksonville was ravaged by a fire that started as a kitchen fire. Spanish moss at a nearby mattress factory was quickly engulfed in flames and enabling the fire to spread rapidly. In just eight hours, it swept through 146 city blocks, destroyed over 2,000 buildings, left about 10,000 homeless and killed 7 residents. The Confederate Monument in Hemming Park was one of the only landmarks to survive the fire. Governor Jennings declare martial law and sent the state militia to maintain order. On May 17 municipal authority resumed in Jacksonville. It is said the glow from the flames could be seen in Savannah, Georgia, and the smoke plumes seen in Raleigh, North Carolina. Known as the ""Great Fire of 1901"", it was one of the worst disasters in Florida history and the largest urban fire in the southeastern United States. Architect Henry John Klutho was a primary figure in the reconstruction of the city. The first multi-story structure built by Klutho was the Dyal-Upchurch Building in 1902. The St. James Building, built on the previous site of the St. James Hotel that burned down, was built in 1912 as Klutho's crowning achievement.",How did the great fire spread more rapidly?,Spanish moss at a nearby mattress factory was quickly engulfed in flames and enabling the fire to spread rapidly
"On May 3, 1901, downtown Jacksonville was ravaged by a fire that started as a kitchen fire. Spanish moss at a nearby mattress factory was quickly engulfed in flames and enabling the fire to spread rapidly. In just eight hours, it swept through 146 city blocks, destroyed over 2,000 buildings, left about 10,000 homeless and killed 7 residents. The Confederate Monument in Hemming Park was one of the only landmarks to survive the fire. Governor Jennings declare martial law and sent the state militia to maintain order. On May 17 municipal authority resumed in Jacksonville. It is said the glow from the flames could be seen in Savannah, Georgia, and the smoke plumes seen in Raleigh, North Carolina. Known as the ""Great Fire of 1901"", it was one of the worst disasters in Florida history and the largest urban fire in the southeastern United States. Architect Henry John Klutho was a primary figure in the reconstruction of the city. The first multi-story structure built by Klutho was the Dyal-Upchurch Building in 1902. The St. James Building, built on the previous site of the St. James Hotel that burned down, was built in 1912 as Klutho's crowning achievement.",How many people died in the great fire of 1901?,7
"The area of the modern city of Jacksonville has been inhabited for thousands of years. On Black Hammock Island in the national Timucuan Ecological and Historic Preserve, a University of North Florida team discovered some of the oldest remnants of pottery in the United States, dating to 2500 BC. In the 16th century, the beginning of the historical era, the region was inhabited by the Mocama, a coastal subgroup of the Timucua people. At the time of contact with Europeans, all Mocama villages in present-day Jacksonville were part of the powerful chiefdom known as the Saturiwa, centered around the mouth of the St. Johns River. One early map shows a village called Ossachite at the site of what is now downtown Jacksonville; this may be the earliest recorded name for that area.",Who did the Timucua meet?,Europeans
"In the mid-1960s, corruption scandals began to arise among many of the city's officials, who were mainly elected through the traditional old boy network. After a grand jury was convened to investigate, 11 officials were indicted and more were forced to resign. Jacksonville Consolidation, led by J. J. Daniel and Claude Yates, began to win more support during this period, from both inner city blacks, who wanted more involvement in government, and whites in the suburbs, who wanted more services and more control over the central city. In 1964 all 15 of Duval County's public high schools lost their accreditation. This added momentum to proposals for government reform. Lower taxes, increased economic development, unification of the community, better public spending and effective administration by a more central authority were all cited as reasons for a new consolidated government.",Political reforms in Jacksonville and Duval County were spearheaded by what organization?,Jacksonville Consolidation
"In the mid-1960s, corruption scandals began to arise among many of the city's officials, who were mainly elected through the traditional old boy network. After a grand jury was convened to investigate, 11 officials were indicted and more were forced to resign. Jacksonville Consolidation, led by J. J. Daniel and Claude Yates, began to win more support during this period, from both inner city blacks, who wanted more involvement in government, and whites in the suburbs, who wanted more services and more control over the central city. In 1964 all 15 of Duval County's public high schools lost their accreditation. This added momentum to proposals for government reform. Lower taxes, increased economic development, unification of the community, better public spending and effective administration by a more central authority were all cited as reasons for a new consolidated government.",The government reform movement was ultimately an attempt create a consolidated government between Jacksonville and what?,Duval County
"In the mid-1960s, corruption scandals began to arise among many of the city's officials, who were mainly elected through the traditional old boy network. After a grand jury was convened to investigate, 11 officials were indicted and more were forced to resign. Jacksonville Consolidation, led by J. J. Daniel and Claude Yates, began to win more support during this period, from both inner city blacks, who wanted more involvement in government, and whites in the suburbs, who wanted more services and more control over the central city. In 1964 all 15 of Duval County's public high schools lost their accreditation. This added momentum to proposals for government reform. Lower taxes, increased economic development, unification of the community, better public spending and effective administration by a more central authority were all cited as reasons for a new consolidated government.",When did a political reform movement begin in Jacksonville and Duval County?,mid-1960s
"In the mid-1960s, corruption scandals began to arise among many of the city's officials, who were mainly elected through the traditional old boy network. After a grand jury was convened to investigate, 11 officials were indicted and more were forced to resign. Jacksonville Consolidation, led by J. J. Daniel and Claude Yates, began to win more support during this period, from both inner city blacks, who wanted more involvement in government, and whites in the suburbs, who wanted more services and more control over the central city. In 1964 all 15 of Duval County's public high schools lost their accreditation. This added momentum to proposals for government reform. Lower taxes, increased economic development, unification of the community, better public spending and effective administration by a more central authority were all cited as reasons for a new consolidated government.",Suburban whites joined with what other group to get political reform in Duval County in the mid-1960s?,inner city blacks
"Like much of the south Atlantic region of the United States, Jacksonville has a humid subtropical climate (Köppen Cfa), with mild weather during winters and hot and humid weather during summers. Seasonal rainfall is concentrated in the warmest months from May through September, while the driest months are from November through April. Due to Jacksonville's low latitude and coastal location, the city sees very little cold weather, and winters are typically mild and sunny. Summers can be hot and wet, and summer thunderstorms with torrential but brief downpours are common.",Jacksonville's climate is typical of what area?,much of the south Atlantic region of the United States
"Like much of the south Atlantic region of the United States, Jacksonville has a humid subtropical climate (Köppen Cfa), with mild weather during winters and hot and humid weather during summers. Seasonal rainfall is concentrated in the warmest months from May through September, while the driest months are from November through April. Due to Jacksonville's low latitude and coastal location, the city sees very little cold weather, and winters are typically mild and sunny. Summers can be hot and wet, and summer thunderstorms with torrential but brief downpours are common.",What is summer like in Jacksonville?,hot and humid
"Like much of the south Atlantic region of the United States, Jacksonville has a humid subtropical climate (Köppen Cfa), with mild weather during winters and hot and humid weather during summers. Seasonal rainfall is concentrated in the warmest months from May through September, while the driest months are from November through April. Due to Jacksonville's low latitude and coastal location, the city sees very little cold weather, and winters are typically mild and sunny. Summers can be hot and wet, and summer thunderstorms with torrential but brief downpours are common.",When will rainy weather typically end in Jacksonville?,September
"Like much of the south Atlantic region of the United States, Jacksonville has a humid subtropical climate (Köppen Cfa), with mild weather during winters and hot and humid weather during summers. Seasonal rainfall is concentrated in the warmest months from May through September, while the driest months are from November through April. Due to Jacksonville's low latitude and coastal location, the city sees very little cold weather, and winters are typically mild and sunny. Summers can be hot and wet, and summer thunderstorms with torrential but brief downpours are common.",What is winter like in Jacksonville?,mild
"The tallest building in Downtown Jacksonville's skyline is the Bank of America Tower, constructed in 1990 as the Barnett Center. It has a height of 617 ft (188 m) and includes 42 floors. Other notable structures include the 37-story Wells Fargo Center (with its distinctive flared base making it the defining building in the Jacksonville skyline), originally built in 1972-74 by the Independent Life and Accident Insurance Company, and the 28 floor Riverplace Tower which, when completed in 1967, was the tallest precast, post-tensioned concrete structure in the world.",Which building is now in the space that is now the tallest building in Downtown Jacksonville?,the Bank of America Tower
"The tallest building in Downtown Jacksonville's skyline is the Bank of America Tower, constructed in 1990 as the Barnett Center. It has a height of 617 ft (188 m) and includes 42 floors. Other notable structures include the 37-story Wells Fargo Center (with its distinctive flared base making it the defining building in the Jacksonville skyline), originally built in 1972-74 by the Independent Life and Accident Insurance Company, and the 28 floor Riverplace Tower which, when completed in 1967, was the tallest precast, post-tensioned concrete structure in the world.","Of all buildings mentioned, which has the shortest height?",Riverplace Tower
"The tallest building in Downtown Jacksonville's skyline is the Bank of America Tower, constructed in 1990 as the Barnett Center. It has a height of 617 ft (188 m) and includes 42 floors. Other notable structures include the 37-story Wells Fargo Center (with its distinctive flared base making it the defining building in the Jacksonville skyline), originally built in 1972-74 by the Independent Life and Accident Insurance Company, and the 28 floor Riverplace Tower which, when completed in 1967, was the tallest precast, post-tensioned concrete structure in the world.","Of all buildings mentioned, which has an odd-numbered amount of floors?",Wells Fargo Center
"The tallest building in Downtown Jacksonville's skyline is the Bank of America Tower, constructed in 1990 as the Barnett Center. It has a height of 617 ft (188 m) and includes 42 floors. Other notable structures include the 37-story Wells Fargo Center (with its distinctive flared base making it the defining building in the Jacksonville skyline), originally built in 1972-74 by the Independent Life and Accident Insurance Company, and the 28 floor Riverplace Tower which, when completed in 1967, was the tallest precast, post-tensioned concrete structure in the world.","Which came first in history, of all structures mentioned??",Riverplace Tower
"The tallest building in Downtown Jacksonville's skyline is the Bank of America Tower, constructed in 1990 as the Barnett Center. It has a height of 617 ft (188 m) and includes 42 floors. Other notable structures include the 37-story Wells Fargo Center (with its distinctive flared base making it the defining building in the Jacksonville skyline), originally built in 1972-74 by the Independent Life and Accident Insurance Company, and the 28 floor Riverplace Tower which, when completed in 1967, was the tallest precast, post-tensioned concrete structure in the world.",Which building might stand out to you most when looking at the Jacksonville skyline and why?,Wells Fargo Center (with its distinctive flared base
"In the 1970s, the city was the subject of a song, ""Walking Into Fresno"", written by Hall Of Fame guitarist Bill Aken and recorded by Bob Gallion of the world-famous ""WWVA Jamboree"" radio and television show in Wheeling, West Virginia. Aken, adopted by Mexican movie actress Lupe Mayorga, grew up in the neighboring town of Madera and his song chronicled the hardships faced by the migrant farm workers he saw as a child. Aken also made his first TV appearance playing guitar on the old country-western show at The Fresno Barn.","It served as inspiration and reference for the song ""Walking Into Fresno""?",Fresno
"In the 1970s, the city was the subject of a song, ""Walking Into Fresno"", written by Hall Of Fame guitarist Bill Aken and recorded by Bob Gallion of the world-famous ""WWVA Jamboree"" radio and television show in Wheeling, West Virginia. Aken, adopted by Mexican movie actress Lupe Mayorga, grew up in the neighboring town of Madera and his song chronicled the hardships faced by the migrant farm workers he saw as a child. Aken also made his first TV appearance playing guitar on the old country-western show at The Fresno Barn.","""Walking Into Fresno"" was recorded by this famous group?","""WWVA"
"In the 1970s, the city was the subject of a song, ""Walking Into Fresno"", written by Hall Of Fame guitarist Bill Aken and recorded by Bob Gallion of the world-famous ""WWVA Jamboree"" radio and television show in Wheeling, West Virginia. Aken, adopted by Mexican movie actress Lupe Mayorga, grew up in the neighboring town of Madera and his song chronicled the hardships faced by the migrant farm workers he saw as a child. Aken also made his first TV appearance playing guitar on the old country-western show at The Fresno Barn.",Hall of Fame guitarist was raised by?,Lupe Mayorga
"In the 1970s, the city was the subject of a song, ""Walking Into Fresno"", written by Hall Of Fame guitarist Bill Aken and recorded by Bob Gallion of the world-famous ""WWVA Jamboree"" radio and television show in Wheeling, West Virginia. Aken, adopted by Mexican movie actress Lupe Mayorga, grew up in the neighboring town of Madera and his song chronicled the hardships faced by the migrant farm workers he saw as a child. Aken also made his first TV appearance playing guitar on the old country-western show at The Fresno Barn.",He strummed an instrument in WWVA Jamboree?,Bill Aken
"In the 1970s, the city was the subject of a song, ""Walking Into Fresno"", written by Hall Of Fame guitarist Bill Aken and recorded by Bob Gallion of the world-famous ""WWVA Jamboree"" radio and television show in Wheeling, West Virginia. Aken, adopted by Mexican movie actress Lupe Mayorga, grew up in the neighboring town of Madera and his song chronicled the hardships faced by the migrant farm workers he saw as a child. Aken also made his first TV appearance playing guitar on the old country-western show at The Fresno Barn.","Witnessed in his youth, the hardships faced by migrant farm workers were chronicled here?",Walking Into Fresno
"In the 1970s, the city was the subject of a song, ""Walking Into Fresno"", written by Hall Of Fame guitarist Bill Aken and recorded by Bob Gallion of the world-famous ""WWVA Jamboree"" radio and television show in Wheeling, West Virginia. Aken, adopted by Mexican movie actress Lupe Mayorga, grew up in the neighboring town of Madera and his song chronicled the hardships faced by the migrant farm workers he saw as a child. Aken also made his first TV appearance playing guitar on the old country-western show at The Fresno Barn.",The instrument played by Bill AKen was primarily what?,guitar
"In the 1970s, the city was the subject of a song, ""Walking Into Fresno"", written by Hall Of Fame guitarist Bill Aken and recorded by Bob Gallion of the world-famous ""WWVA Jamboree"" radio and television show in Wheeling, West Virginia. Aken, adopted by Mexican movie actress Lupe Mayorga, grew up in the neighboring town of Madera and his song chronicled the hardships faced by the migrant farm workers he saw as a child. Aken also made his first TV appearance playing guitar on the old country-western show at The Fresno Barn.",The city that neighbors Fresno is called?,Madera
"In the 1970s, the city was the subject of a song, ""Walking Into Fresno"", written by Hall Of Fame guitarist Bill Aken and recorded by Bob Gallion of the world-famous ""WWVA Jamboree"" radio and television show in Wheeling, West Virginia. Aken, adopted by Mexican movie actress Lupe Mayorga, grew up in the neighboring town of Madera and his song chronicled the hardships faced by the migrant farm workers he saw as a child. Aken also made his first TV appearance playing guitar on the old country-western show at The Fresno Barn.",A notable member of Mexican cinema from the past was?,Lupe Mayorga
"The 2010 United States Census reported that Fresno had a population of 494,665. The population density was 4,404.5 people per square mile (1,700.6/km²). The racial makeup of Fresno was 245,306 (49.6%) White, 40,960 (8.3%) African American, 8,525 (1.7%) Native American, 62,528 (12.6%) Asian (3.6% Hmong, 1.7% Indian, 1.2% Filipino, 1.2% Laotian, 1.0% Thai, 0.8% Cambodian, 0.7% Chinese, 0.5% Japanese, 0.4% Vietnamese, 0.2% Korean), 849 (0.2%) Pacific Islander, 111,984 (22.6%) from other races, and 24,513 (5.0%) from two or more races. Hispanic or Latino of any race were 232,055 persons (46.9%). Among the Hispanic population, 42.7% of the total population are Mexican, 0.4% Salvadoran, and 0.4% Puerto Rican. Non-Hispanic Whites were 30.0% of the population in 2010, down from 72.6% in 1970.",What was the population density in square km?,"1,700.6"
"The 2010 United States Census reported that Fresno had a population of 494,665. The population density was 4,404.5 people per square mile (1,700.6/km²). The racial makeup of Fresno was 245,306 (49.6%) White, 40,960 (8.3%) African American, 8,525 (1.7%) Native American, 62,528 (12.6%) Asian (3.6% Hmong, 1.7% Indian, 1.2% Filipino, 1.2% Laotian, 1.0% Thai, 0.8% Cambodian, 0.7% Chinese, 0.5% Japanese, 0.4% Vietnamese, 0.2% Korean), 849 (0.2%) Pacific Islander, 111,984 (22.6%) from other races, and 24,513 (5.0%) from two or more races. Hispanic or Latino of any race were 232,055 persons (46.9%). Among the Hispanic population, 42.7% of the total population are Mexican, 0.4% Salvadoran, and 0.4% Puerto Rican. Non-Hispanic Whites were 30.0% of the population in 2010, down from 72.6% in 1970.",What percent was from the Pacific Islands?,0.2%
"The 2010 United States Census reported that Fresno had a population of 494,665. The population density was 4,404.5 people per square mile (1,700.6/km²). The racial makeup of Fresno was 245,306 (49.6%) White, 40,960 (8.3%) African American, 8,525 (1.7%) Native American, 62,528 (12.6%) Asian (3.6% Hmong, 1.7% Indian, 1.2% Filipino, 1.2% Laotian, 1.0% Thai, 0.8% Cambodian, 0.7% Chinese, 0.5% Japanese, 0.4% Vietnamese, 0.2% Korean), 849 (0.2%) Pacific Islander, 111,984 (22.6%) from other races, and 24,513 (5.0%) from two or more races. Hispanic or Latino of any race were 232,055 persons (46.9%). Among the Hispanic population, 42.7% of the total population are Mexican, 0.4% Salvadoran, and 0.4% Puerto Rican. Non-Hispanic Whites were 30.0% of the population in 2010, down from 72.6% in 1970.",What percent was from an unspecified race?,22.6%
"The 2010 United States Census reported that Fresno had a population of 494,665. The population density was 4,404.5 people per square mile (1,700.6/km²). The racial makeup of Fresno was 245,306 (49.6%) White, 40,960 (8.3%) African American, 8,525 (1.7%) Native American, 62,528 (12.6%) Asian (3.6% Hmong, 1.7% Indian, 1.2% Filipino, 1.2% Laotian, 1.0% Thai, 0.8% Cambodian, 0.7% Chinese, 0.5% Japanese, 0.4% Vietnamese, 0.2% Korean), 849 (0.2%) Pacific Islander, 111,984 (22.6%) from other races, and 24,513 (5.0%) from two or more races. Hispanic or Latino of any race were 232,055 persons (46.9%). Among the Hispanic population, 42.7% of the total population are Mexican, 0.4% Salvadoran, and 0.4% Puerto Rican. Non-Hispanic Whites were 30.0% of the population in 2010, down from 72.6% in 1970.",What percent were bi-racial?,5.0%
"The 2010 United States Census reported that Fresno had a population of 494,665. The population density was 4,404.5 people per square mile (1,700.6/km²). The racial makeup of Fresno was 245,306 (49.6%) White, 40,960 (8.3%) African American, 8,525 (1.7%) Native American, 62,528 (12.6%) Asian (3.6% Hmong, 1.7% Indian, 1.2% Filipino, 1.2% Laotian, 1.0% Thai, 0.8% Cambodian, 0.7% Chinese, 0.5% Japanese, 0.4% Vietnamese, 0.2% Korean), 849 (0.2%) Pacific Islander, 111,984 (22.6%) from other races, and 24,513 (5.0%) from two or more races. Hispanic or Latino of any race were 232,055 persons (46.9%). Among the Hispanic population, 42.7% of the total population are Mexican, 0.4% Salvadoran, and 0.4% Puerto Rican. Non-Hispanic Whites were 30.0% of the population in 2010, down from 72.6% in 1970.",Was the percentage of non-hispanic whites up or down from 1970?,down
"The ""West Side"" of Fresno, also often called ""Southwest Fresno"", is one of the oldest neighborhoods in the city. The neighborhood lies southwest of the 99 freeway (which divides it from Downtown Fresno), west of the 41 freeway and south of Nielsen Ave (or the newly constructed 180 Freeway), and extends to the city limits to the west and south. The neighborhood is traditionally considered to be the center of Fresno's African-American community. It is culturally diverse and also includes significant Mexican-American and Asian-American (principally Hmong or Laotian) populations.",What beltway divides Fresno?,99 freeway
"The ""West Side"" of Fresno, also often called ""Southwest Fresno"", is one of the oldest neighborhoods in the city. The neighborhood lies southwest of the 99 freeway (which divides it from Downtown Fresno), west of the 41 freeway and south of Nielsen Ave (or the newly constructed 180 Freeway), and extends to the city limits to the west and south. The neighborhood is traditionally considered to be the center of Fresno's African-American community. It is culturally diverse and also includes significant Mexican-American and Asian-American (principally Hmong or Laotian) populations.",What is the newest beltway in Fresno?,180 Freeway
"The ""West Side"" of Fresno, also often called ""Southwest Fresno"", is one of the oldest neighborhoods in the city. The neighborhood lies southwest of the 99 freeway (which divides it from Downtown Fresno), west of the 41 freeway and south of Nielsen Ave (or the newly constructed 180 Freeway), and extends to the city limits to the west and south. The neighborhood is traditionally considered to be the center of Fresno's African-American community. It is culturally diverse and also includes significant Mexican-American and Asian-American (principally Hmong or Laotian) populations.",Where do the Hmong live?,West Side
"The ""West Side"" of Fresno, also often called ""Southwest Fresno"", is one of the oldest neighborhoods in the city. The neighborhood lies southwest of the 99 freeway (which divides it from Downtown Fresno), west of the 41 freeway and south of Nielsen Ave (or the newly constructed 180 Freeway), and extends to the city limits to the west and south. The neighborhood is traditionally considered to be the center of Fresno's African-American community. It is culturally diverse and also includes significant Mexican-American and Asian-American (principally Hmong or Laotian) populations.",Where do the Laotian live?,West Side
"The ""West Side"" of Fresno, also often called ""Southwest Fresno"", is one of the oldest neighborhoods in the city. The neighborhood lies southwest of the 99 freeway (which divides it from Downtown Fresno), west of the 41 freeway and south of Nielsen Ave (or the newly constructed 180 Freeway), and extends to the city limits to the west and south. The neighborhood is traditionally considered to be the center of Fresno's African-American community. It is culturally diverse and also includes significant Mexican-American and Asian-American (principally Hmong or Laotian) populations.",Why is the west side also called southwest Fresno?,southwest of the 99 freeway
"The area is also known for its early twentieth century homes, many of which have been restored in recent decades. The area includes many California Bungalow and American Craftsman style homes, Spanish Colonial Revival Style architecture, Mediterranean Revival Style architecture, Mission Revival Style architecture, and many Storybook houses designed by Fresno architects, Hilliard, Taylor & Wheeler. The residential architecture of the Tower District contrasts with the newer areas of tract homes urban sprawl in north and east areas of Fresno.","Where were Hilliard, Taylor & Wheeler from?",Fresno
"The area is also known for its early twentieth century homes, many of which have been restored in recent decades. The area includes many California Bungalow and American Craftsman style homes, Spanish Colonial Revival Style architecture, Mediterranean Revival Style architecture, Mission Revival Style architecture, and many Storybook houses designed by Fresno architects, Hilliard, Taylor & Wheeler. The residential architecture of the Tower District contrasts with the newer areas of tract homes urban sprawl in north and east areas of Fresno.",What did Hilliard do for a living?,architects
"The area is also known for its early twentieth century homes, many of which have been restored in recent decades. The area includes many California Bungalow and American Craftsman style homes, Spanish Colonial Revival Style architecture, Mediterranean Revival Style architecture, Mission Revival Style architecture, and many Storybook houses designed by Fresno architects, Hilliard, Taylor & Wheeler. The residential architecture of the Tower District contrasts with the newer areas of tract homes urban sprawl in north and east areas of Fresno.",What had been done to the twentieth century homes?,restored
"The area is also known for its early twentieth century homes, many of which have been restored in recent decades. The area includes many California Bungalow and American Craftsman style homes, Spanish Colonial Revival Style architecture, Mediterranean Revival Style architecture, Mission Revival Style architecture, and many Storybook houses designed by Fresno architects, Hilliard, Taylor & Wheeler. The residential architecture of the Tower District contrasts with the newer areas of tract homes urban sprawl in north and east areas of Fresno.",What style architectures did the area of Fresno include?,"Spanish Colonial Revival Style architecture, Mediterranean Revival Style architecture, Mission Revival Style architecture"
"The area is also known for its early twentieth century homes, many of which have been restored in recent decades. The area includes many California Bungalow and American Craftsman style homes, Spanish Colonial Revival Style architecture, Mediterranean Revival Style architecture, Mission Revival Style architecture, and many Storybook houses designed by Fresno architects, Hilliard, Taylor & Wheeler. The residential architecture of the Tower District contrasts with the newer areas of tract homes urban sprawl in north and east areas of Fresno.",How did the residential architecture of the Tower District compare to the newer areas of tract homes?,contrasts
"Between the 1880s and World War II, Downtown Fresno flourished, filled with electric Street Cars, and contained some of the San Joaquin Valley's most beautiful architectural buildings. Among them, the original Fresno County Courthouse (demolished), the Fresno Carnegie Public Library (demolished), the Fresno Water Tower, the Bank of Italy Building, the Pacific Southwest Building, the San Joaquin Light & Power Building (currently known as the Grand 1401), and the Hughes Hotel (burned down), to name a few.","Of the listed buildings associated with Downtown Fresno, which one was affected by a fire?",Hughes Hotel
"Between the 1880s and World War II, Downtown Fresno flourished, filled with electric Street Cars, and contained some of the San Joaquin Valley's most beautiful architectural buildings. Among them, the original Fresno County Courthouse (demolished), the Fresno Carnegie Public Library (demolished), the Fresno Water Tower, the Bank of Italy Building, the Pacific Southwest Building, the San Joaquin Light & Power Building (currently known as the Grand 1401), and the Hughes Hotel (burned down), to name a few.",Which architectural building associated with the judicial system in Downtown Fresno was demolished?,the original Fresno County Courthouse
"Between the 1880s and World War II, Downtown Fresno flourished, filled with electric Street Cars, and contained some of the San Joaquin Valley's most beautiful architectural buildings. Among them, the original Fresno County Courthouse (demolished), the Fresno Carnegie Public Library (demolished), the Fresno Water Tower, the Bank of Italy Building, the Pacific Southwest Building, the San Joaquin Light & Power Building (currently known as the Grand 1401), and the Hughes Hotel (burned down), to name a few.",What is the past name for the architectural building listed by the pasage that houses a utility company?,San Joaquin Light & Power Building
"The neighborhood of Sunnyside is on Fresno's far southeast side, bounded by Chestnut Avenue to the West. Its major thoroughfares are Kings Canyon Avenue and Clovis Avenue. Although parts of Sunnyside are within the City of Fresno, much of the neighborhood is a ""county island"" within Fresno County. Largely developed in the 1950s through the 1970s, it has recently experienced a surge in new home construction. It is also the home of the Sunnyside Country Club, which maintains a golf course designed by William P. Bell.",What type of extracurricular activity is featured in the neighborhood?,golf
"The neighborhood of Sunnyside is on Fresno's far southeast side, bounded by Chestnut Avenue to the West. Its major thoroughfares are Kings Canyon Avenue and Clovis Avenue. Although parts of Sunnyside are within the City of Fresno, much of the neighborhood is a ""county island"" within Fresno County. Largely developed in the 1950s through the 1970s, it has recently experienced a surge in new home construction. It is also the home of the Sunnyside Country Club, which maintains a golf course designed by William P. Bell.",What type of exclusive facility may you get an invitation to if you live in Sunnyside?,Country Club
"The neighborhood of Sunnyside is on Fresno's far southeast side, bounded by Chestnut Avenue to the West. Its major thoroughfares are Kings Canyon Avenue and Clovis Avenue. Although parts of Sunnyside are within the City of Fresno, much of the neighborhood is a ""county island"" within Fresno County. Largely developed in the 1950s through the 1970s, it has recently experienced a surge in new home construction. It is also the home of the Sunnyside Country Club, which maintains a golf course designed by William P. Bell.",What is the name of the invite only facility within the neightborhood?,Sunnyside Country Club
"The main response of the immune system to tumors is to destroy the abnormal cells using killer T cells, sometimes with the assistance of helper T cells. Tumor antigens are presented on MHC class I molecules in a similar way to viral antigens. This allows killer T cells to recognize the tumor cell as abnormal. NK cells also kill tumorous cells in a similar way, especially if the tumor cells have fewer MHC class I molecules on their surface than normal; this is a common phenomenon with tumors. Sometimes antibodies are generated against tumor cells allowing for their destruction by the complement system.",What allows the killer T cells to classify a tumor as irregular?,antigens
"The main response of the immune system to tumors is to destroy the abnormal cells using killer T cells, sometimes with the assistance of helper T cells. Tumor antigens are presented on MHC class I molecules in a similar way to viral antigens. This allows killer T cells to recognize the tumor cell as abnormal. NK cells also kill tumorous cells in a similar way, especially if the tumor cells have fewer MHC class I molecules on their surface than normal; this is a common phenomenon with tumors. Sometimes antibodies are generated against tumor cells allowing for their destruction by the complement system.",What is the immune system trying to kill when there's a tumor?,abnormal cells
"The main response of the immune system to tumors is to destroy the abnormal cells using killer T cells, sometimes with the assistance of helper T cells. Tumor antigens are presented on MHC class I molecules in a similar way to viral antigens. This allows killer T cells to recognize the tumor cell as abnormal. NK cells also kill tumorous cells in a similar way, especially if the tumor cells have fewer MHC class I molecules on their surface than normal; this is a common phenomenon with tumors. Sometimes antibodies are generated against tumor cells allowing for their destruction by the complement system.",What makes cells able to notice a tumor?,Tumor antigens are presented on MHC class I molecules
"The main response of the immune system to tumors is to destroy the abnormal cells using killer T cells, sometimes with the assistance of helper T cells. Tumor antigens are presented on MHC class I molecules in a similar way to viral antigens. This allows killer T cells to recognize the tumor cell as abnormal. NK cells also kill tumorous cells in a similar way, especially if the tumor cells have fewer MHC class I molecules on their surface than normal; this is a common phenomenon with tumors. Sometimes antibodies are generated against tumor cells allowing for their destruction by the complement system.",Cells in a tumor have fewer cells where?,their surface
"The immune system is a system of many biological structures and processes within an organism that protects against disease. To function properly, an immune system must detect a wide variety of agents, known as pathogens, from viruses to parasitic worms, and distinguish them from the organism's own healthy tissue. In many species, the immune system can be classified into subsystems, such as the innate immune system versus the adaptive immune system, or humoral immunity versus cell-mediated immunity. In humans, the blood–brain barrier, blood–cerebrospinal fluid barrier, and similar fluid–brain barriers separate the peripheral immune system from the neuroimmune system which protects the brain.",What type of animal creature does the immune system protect against?,parasitic worms
"The immune system is a system of many biological structures and processes within an organism that protects against disease. To function properly, an immune system must detect a wide variety of agents, known as pathogens, from viruses to parasitic worms, and distinguish them from the organism's own healthy tissue. In many species, the immune system can be classified into subsystems, such as the innate immune system versus the adaptive immune system, or humoral immunity versus cell-mediated immunity. In humans, the blood–brain barrier, blood–cerebrospinal fluid barrier, and similar fluid–brain barriers separate the peripheral immune system from the neuroimmune system which protects the brain.",What type of separation protects the brain?,blood–brain barrier
"The immune system is a system of many biological structures and processes within an organism that protects against disease. To function properly, an immune system must detect a wide variety of agents, known as pathogens, from viruses to parasitic worms, and distinguish them from the organism's own healthy tissue. In many species, the immune system can be classified into subsystems, such as the innate immune system versus the adaptive immune system, or humoral immunity versus cell-mediated immunity. In humans, the blood–brain barrier, blood–cerebrospinal fluid barrier, and similar fluid–brain barriers separate the peripheral immune system from the neuroimmune system which protects the brain.",What is a liquid blocking organ that protects the brain?,fluid–brain barriers
"The immune system is a system of many biological structures and processes within an organism that protects against disease. To function properly, an immune system must detect a wide variety of agents, known as pathogens, from viruses to parasitic worms, and distinguish them from the organism's own healthy tissue. In many species, the immune system can be classified into subsystems, such as the innate immune system versus the adaptive immune system, or humoral immunity versus cell-mediated immunity. In humans, the blood–brain barrier, blood–cerebrospinal fluid barrier, and similar fluid–brain barriers separate the peripheral immune system from the neuroimmune system which protects the brain.",What type of immunity is made possible by blood cells?,cell-mediated immunity
"The immune system is a system of many biological structures and processes within an organism that protects against disease. To function properly, an immune system must detect a wide variety of agents, known as pathogens, from viruses to parasitic worms, and distinguish them from the organism's own healthy tissue. In many species, the immune system can be classified into subsystems, such as the innate immune system versus the adaptive immune system, or humoral immunity versus cell-mediated immunity. In humans, the blood–brain barrier, blood–cerebrospinal fluid barrier, and similar fluid–brain barriers separate the peripheral immune system from the neuroimmune system which protects the brain.",What must the immune system identify pathogens against?,healthy tissue
"In addition to the negative consequences of sleep deprivation, sleep and the intertwined circadian system have been shown to have strong regulatory effects on immunological functions affecting both the innate and the adaptive immunity. First, during the early slow-wave-sleep stage, a sudden drop in blood levels of cortisol, epinephrine, and norepinephrine induce increased blood levels of the hormones leptin, pituitary growth hormone, and prolactin. These signals induce a pro-inflammatory state through the production of the pro-inflammatory cytokines interleukin-1, interleukin-12, TNF-alpha and IFN-gamma. These cytokines then stimulate immune functions such as immune cells activation, proliferation, and differentiation. It is during this time that undifferentiated, or less differentiated, like naïve and central memory T cells, peak (i.e. during a time of a slowly evolving adaptive immune response). In addition to these effects, the milieu of hormones produced at this time (leptin, pituitary growth hormone, and prolactin) support the interactions between APCs and T-cells, a shift of the Th1/Th2 cytokine balance towards one that supports Th1, an increase in overall Th cell proliferation, and naïve T cell migration to lymph nodes. This milieu is also thought to support the formation of long-lasting immune memory through the initiation of Th1 immune responses.",What hormones decrease during the slow-wave-sleep stage?,"cortisol, epinephrine, and norepinephrine"
"In addition to the negative consequences of sleep deprivation, sleep and the intertwined circadian system have been shown to have strong regulatory effects on immunological functions affecting both the innate and the adaptive immunity. First, during the early slow-wave-sleep stage, a sudden drop in blood levels of cortisol, epinephrine, and norepinephrine induce increased blood levels of the hormones leptin, pituitary growth hormone, and prolactin. These signals induce a pro-inflammatory state through the production of the pro-inflammatory cytokines interleukin-1, interleukin-12, TNF-alpha and IFN-gamma. These cytokines then stimulate immune functions such as immune cells activation, proliferation, and differentiation. It is during this time that undifferentiated, or less differentiated, like naïve and central memory T cells, peak (i.e. during a time of a slowly evolving adaptive immune response). In addition to these effects, the milieu of hormones produced at this time (leptin, pituitary growth hormone, and prolactin) support the interactions between APCs and T-cells, a shift of the Th1/Th2 cytokine balance towards one that supports Th1, an increase in overall Th cell proliferation, and naïve T cell migration to lymph nodes. This milieu is also thought to support the formation of long-lasting immune memory through the initiation of Th1 immune responses.",What type of molecule is prolactin?,hormones
"In addition to the negative consequences of sleep deprivation, sleep and the intertwined circadian system have been shown to have strong regulatory effects on immunological functions affecting both the innate and the adaptive immunity. First, during the early slow-wave-sleep stage, a sudden drop in blood levels of cortisol, epinephrine, and norepinephrine induce increased blood levels of the hormones leptin, pituitary growth hormone, and prolactin. These signals induce a pro-inflammatory state through the production of the pro-inflammatory cytokines interleukin-1, interleukin-12, TNF-alpha and IFN-gamma. These cytokines then stimulate immune functions such as immune cells activation, proliferation, and differentiation. It is during this time that undifferentiated, or less differentiated, like naïve and central memory T cells, peak (i.e. during a time of a slowly evolving adaptive immune response). In addition to these effects, the milieu of hormones produced at this time (leptin, pituitary growth hormone, and prolactin) support the interactions between APCs and T-cells, a shift of the Th1/Th2 cytokine balance towards one that supports Th1, an increase in overall Th cell proliferation, and naïve T cell migration to lymph nodes. This milieu is also thought to support the formation of long-lasting immune memory through the initiation of Th1 immune responses.",What overall system does sleep impact?,immunological functions
"In addition to the negative consequences of sleep deprivation, sleep and the intertwined circadian system have been shown to have strong regulatory effects on immunological functions affecting both the innate and the adaptive immunity. First, during the early slow-wave-sleep stage, a sudden drop in blood levels of cortisol, epinephrine, and norepinephrine induce increased blood levels of the hormones leptin, pituitary growth hormone, and prolactin. These signals induce a pro-inflammatory state through the production of the pro-inflammatory cytokines interleukin-1, interleukin-12, TNF-alpha and IFN-gamma. These cytokines then stimulate immune functions such as immune cells activation, proliferation, and differentiation. It is during this time that undifferentiated, or less differentiated, like naïve and central memory T cells, peak (i.e. during a time of a slowly evolving adaptive immune response). In addition to these effects, the milieu of hormones produced at this time (leptin, pituitary growth hormone, and prolactin) support the interactions between APCs and T-cells, a shift of the Th1/Th2 cytokine balance towards one that supports Th1, an increase in overall Th cell proliferation, and naïve T cell migration to lymph nodes. This milieu is also thought to support the formation of long-lasting immune memory through the initiation of Th1 immune responses.",What needs to decrease before pituitary growth hormone can increase in the blood?,"cortisol, epinephrine, and norepinephrine"
"Pattern recognition receptors are proteins used by nearly all organisms to identify molecules associated with pathogens. Antimicrobial peptides called defensins are an evolutionarily conserved component of the innate immune response found in all animals and plants, and represent the main form of invertebrate systemic immunity. The complement system and phagocytic cells are also used by most forms of invertebrate life. Ribonucleases and the RNA interference pathway are conserved across all eukaryotes, and are thought to play a role in the immune response to viruses.",What represent the main form of invertebrate systemic immunity?,Antimicrobial peptides called defensins
"It is likely that a multicomponent, adaptive immune system arose with the first vertebrates, as invertebrates do not generate lymphocytes or an antibody-based humoral response. Many species, however, utilize mechanisms that appear to be precursors of these aspects of vertebrate immunity. Immune systems appear even in the structurally most simple forms of life, with bacteria using a unique defense mechanism, called the restriction modification system to protect themselves from viral pathogens, called bacteriophages. Prokaryotes also possess acquired immunity, through a system that uses CRISPR sequences to retain fragments of the genomes of phage that they have come into contact with in the past, which allows them to block virus replication through a form of RNA interference. Offensive elements of the immune systems are also present in unicellular eukaryotes, but studies of their roles in defense are few.",What category of animals had the first adaptive immune systems?,vertebrates
"It is likely that a multicomponent, adaptive immune system arose with the first vertebrates, as invertebrates do not generate lymphocytes or an antibody-based humoral response. Many species, however, utilize mechanisms that appear to be precursors of these aspects of vertebrate immunity. Immune systems appear even in the structurally most simple forms of life, with bacteria using a unique defense mechanism, called the restriction modification system to protect themselves from viral pathogens, called bacteriophages. Prokaryotes also possess acquired immunity, through a system that uses CRISPR sequences to retain fragments of the genomes of phage that they have come into contact with in the past, which allows them to block virus replication through a form of RNA interference. Offensive elements of the immune systems are also present in unicellular eukaryotes, but studies of their roles in defense are few.",What kind of animals are able to make lymphocytes?,vertebrates
"It is likely that a multicomponent, adaptive immune system arose with the first vertebrates, as invertebrates do not generate lymphocytes or an antibody-based humoral response. Many species, however, utilize mechanisms that appear to be precursors of these aspects of vertebrate immunity. Immune systems appear even in the structurally most simple forms of life, with bacteria using a unique defense mechanism, called the restriction modification system to protect themselves from viral pathogens, called bacteriophages. Prokaryotes also possess acquired immunity, through a system that uses CRISPR sequences to retain fragments of the genomes of phage that they have come into contact with in the past, which allows them to block virus replication through a form of RNA interference. Offensive elements of the immune systems are also present in unicellular eukaryotes, but studies of their roles in defense are few.",What category of organism has the restriction modification system?,bacteria
"It is likely that a multicomponent, adaptive immune system arose with the first vertebrates, as invertebrates do not generate lymphocytes or an antibody-based humoral response. Many species, however, utilize mechanisms that appear to be precursors of these aspects of vertebrate immunity. Immune systems appear even in the structurally most simple forms of life, with bacteria using a unique defense mechanism, called the restriction modification system to protect themselves from viral pathogens, called bacteriophages. Prokaryotes also possess acquired immunity, through a system that uses CRISPR sequences to retain fragments of the genomes of phage that they have come into contact with in the past, which allows them to block virus replication through a form of RNA interference. Offensive elements of the immune systems are also present in unicellular eukaryotes, but studies of their roles in defense are few.",Where do the genome fragments that CRISPR sequences hang onto come from?,phage
"The immune system protects organisms from infection with layered defenses of increasing specificity. In simple terms, physical barriers prevent pathogens such as bacteria and viruses from entering the organism. If a pathogen breaches these barriers, the innate immune system provides an immediate, but non-specific response. Innate immune systems are found in all plants and animals. If pathogens successfully evade the innate response, vertebrates possess a second layer of protection, the adaptive immune system, which is activated by the innate response. Here, the immune system adapts its response during an infection to improve its recognition of the pathogen. This improved response is then retained after the pathogen has been eliminated, in the form of an immunological memory, and allows the adaptive immune system to mount faster and stronger attacks each time this pathogen is encountered.",What is it called when the system retains its memory of the pathogen fight?,immunological memory
"The immune system protects organisms from infection with layered defenses of increasing specificity. In simple terms, physical barriers prevent pathogens such as bacteria and viruses from entering the organism. If a pathogen breaches these barriers, the innate immune system provides an immediate, but non-specific response. Innate immune systems are found in all plants and animals. If pathogens successfully evade the innate response, vertebrates possess a second layer of protection, the adaptive immune system, which is activated by the innate response. Here, the immune system adapts its response during an infection to improve its recognition of the pathogen. This improved response is then retained after the pathogen has been eliminated, in the form of an immunological memory, and allows the adaptive immune system to mount faster and stronger attacks each time this pathogen is encountered.",What are bacteria and viruses?,pathogens
"The immune system protects organisms from infection with layered defenses of increasing specificity. In simple terms, physical barriers prevent pathogens such as bacteria and viruses from entering the organism. If a pathogen breaches these barriers, the innate immune system provides an immediate, but non-specific response. Innate immune systems are found in all plants and animals. If pathogens successfully evade the innate response, vertebrates possess a second layer of protection, the adaptive immune system, which is activated by the innate response. Here, the immune system adapts its response during an infection to improve its recognition of the pathogen. This improved response is then retained after the pathogen has been eliminated, in the form of an immunological memory, and allows the adaptive immune system to mount faster and stronger attacks each time this pathogen is encountered.",What is the immune system supposed to do?,protects organisms from infection
"Neutrophils and macrophages are phagocytes that travel throughout the body in pursuit of invading pathogens. Neutrophils are normally found in the bloodstream and are the most abundant type of phagocyte, normally representing 50% to 60% of the total circulating leukocytes. During the acute phase of inflammation, particularly as a result of bacterial infection, neutrophils migrate toward the site of inflammation in a process called chemotaxis, and are usually the first cells to arrive at the scene of infection. Macrophages are versatile cells that reside within tissues and produce a wide array of chemicals including enzymes, complement proteins, and regulatory factors such as interleukin 1. Macrophages also act as scavengers, ridding the body of worn-out cells and other debris, and as antigen-presenting cells that activate the adaptive immune system.","Which, between neutrophils and macrophages, are involved in chemotaxis?",neutrophils
"Neutrophils and macrophages are phagocytes that travel throughout the body in pursuit of invading pathogens. Neutrophils are normally found in the bloodstream and are the most abundant type of phagocyte, normally representing 50% to 60% of the total circulating leukocytes. During the acute phase of inflammation, particularly as a result of bacterial infection, neutrophils migrate toward the site of inflammation in a process called chemotaxis, and are usually the first cells to arrive at the scene of infection. Macrophages are versatile cells that reside within tissues and produce a wide array of chemicals including enzymes, complement proteins, and regulatory factors such as interleukin 1. Macrophages also act as scavengers, ridding the body of worn-out cells and other debris, and as antigen-presenting cells that activate the adaptive immune system.","Which, between neutrophils and macrophages, act as scavengers?",Macrophages
"Neutrophils and macrophages are phagocytes that travel throughout the body in pursuit of invading pathogens. Neutrophils are normally found in the bloodstream and are the most abundant type of phagocyte, normally representing 50% to 60% of the total circulating leukocytes. During the acute phase of inflammation, particularly as a result of bacterial infection, neutrophils migrate toward the site of inflammation in a process called chemotaxis, and are usually the first cells to arrive at the scene of infection. Macrophages are versatile cells that reside within tissues and produce a wide array of chemicals including enzymes, complement proteins, and regulatory factors such as interleukin 1. Macrophages also act as scavengers, ridding the body of worn-out cells and other debris, and as antigen-presenting cells that activate the adaptive immune system.","Which, between neutrophils and macrophages, are found in the bloodstream?",Neutrophils
"A B cell identifies pathogens when antibodies on its surface bind to a specific foreign antigen. This antigen/antibody complex is taken up by the B cell and processed by proteolysis into peptides. The B cell then displays these antigenic peptides on its surface MHC class II molecules. This combination of MHC and antigen attracts a matching helper T cell, which releases lymphokines and activates the B cell. As the activated B cell then begins to divide, its offspring (plasma cells) secrete millions of copies of the antibody that recognizes this antigen. These antibodies circulate in blood plasma and lymph, bind to pathogens expressing the antigen and mark them for destruction by complement activation or for uptake and destruction by phagocytes. Antibodies can also neutralize challenges directly, by binding to bacterial toxins or by interfering with the receptors that viruses and bacteria use to infect cells.",What activates the B cell?,lymphokines
"A B cell identifies pathogens when antibodies on its surface bind to a specific foreign antigen. This antigen/antibody complex is taken up by the B cell and processed by proteolysis into peptides. The B cell then displays these antigenic peptides on its surface MHC class II molecules. This combination of MHC and antigen attracts a matching helper T cell, which releases lymphokines and activates the B cell. As the activated B cell then begins to divide, its offspring (plasma cells) secrete millions of copies of the antibody that recognizes this antigen. These antibodies circulate in blood plasma and lymph, bind to pathogens expressing the antigen and mark them for destruction by complement activation or for uptake and destruction by phagocytes. Antibodies can also neutralize challenges directly, by binding to bacterial toxins or by interfering with the receptors that viruses and bacteria use to infect cells.",Where do antibodies move around?,in blood plasma and lymph
"A B cell identifies pathogens when antibodies on its surface bind to a specific foreign antigen. This antigen/antibody complex is taken up by the B cell and processed by proteolysis into peptides. The B cell then displays these antigenic peptides on its surface MHC class II molecules. This combination of MHC and antigen attracts a matching helper T cell, which releases lymphokines and activates the B cell. As the activated B cell then begins to divide, its offspring (plasma cells) secrete millions of copies of the antibody that recognizes this antigen. These antibodies circulate in blood plasma and lymph, bind to pathogens expressing the antigen and mark them for destruction by complement activation or for uptake and destruction by phagocytes. Antibodies can also neutralize challenges directly, by binding to bacterial toxins or by interfering with the receptors that viruses and bacteria use to infect cells.",What do antibodies stick to?,pathogens expressing the antigen
"It is conjectured that a progressive decline in hormone levels with age is partially responsible for weakened immune responses in aging individuals. Conversely, some hormones are regulated by the immune system, notably thyroid hormone activity. The age-related decline in immune function is also related to decreasing vitamin D levels in the elderly. As people age, two things happen that negatively affect their vitamin D levels. First, they stay indoors more due to decreased activity levels. This means that they get less sun and therefore produce less cholecalciferol via UVB radiation. Second, as a person ages the skin becomes less adept at producing vitamin D.",Where do people stay in as they age which reduces vitamin D levels?,indoors
"It is conjectured that a progressive decline in hormone levels with age is partially responsible for weakened immune responses in aging individuals. Conversely, some hormones are regulated by the immune system, notably thyroid hormone activity. The age-related decline in immune function is also related to decreasing vitamin D levels in the elderly. As people age, two things happen that negatively affect their vitamin D levels. First, they stay indoors more due to decreased activity levels. This means that they get less sun and therefore produce less cholecalciferol via UVB radiation. Second, as a person ages the skin becomes less adept at producing vitamin D.",Where is vitamin D produced?,skin
"It is conjectured that a progressive decline in hormone levels with age is partially responsible for weakened immune responses in aging individuals. Conversely, some hormones are regulated by the immune system, notably thyroid hormone activity. The age-related decline in immune function is also related to decreasing vitamin D levels in the elderly. As people age, two things happen that negatively affect their vitamin D levels. First, they stay indoors more due to decreased activity levels. This means that they get less sun and therefore produce less cholecalciferol via UVB radiation. Second, as a person ages the skin becomes less adept at producing vitamin D.",What behavior-related concept goes down as people age?,activity levels
"It is conjectured that a progressive decline in hormone levels with age is partially responsible for weakened immune responses in aging individuals. Conversely, some hormones are regulated by the immune system, notably thyroid hormone activity. The age-related decline in immune function is also related to decreasing vitamin D levels in the elderly. As people age, two things happen that negatively affect their vitamin D levels. First, they stay indoors more due to decreased activity levels. This means that they get less sun and therefore produce less cholecalciferol via UVB radiation. Second, as a person ages the skin becomes less adept at producing vitamin D.",What happens to skin as people age?,becomes less adept at producing vitamin D
"Hormones can act as immunomodulators, altering the sensitivity of the immune system. For example, female sex hormones are known immunostimulators of both adaptive and innate immune responses. Some autoimmune diseases such as lupus erythematosus strike women preferentially, and their onset often coincides with puberty. By contrast, male sex hormones such as testosterone seem to be immunosuppressive. Other hormones appear to regulate the immune system as well, most notably prolactin, growth hormone and vitamin D.",How does growth hormone affect our body?,regulate the immune system
"Hormones can act as immunomodulators, altering the sensitivity of the immune system. For example, female sex hormones are known immunostimulators of both adaptive and innate immune responses. Some autoimmune diseases such as lupus erythematosus strike women preferentially, and their onset often coincides with puberty. By contrast, male sex hormones such as testosterone seem to be immunosuppressive. Other hormones appear to regulate the immune system as well, most notably prolactin, growth hormone and vitamin D.",What is prolactin?,hormones
"Anti-inflammatory drugs are often used to control the effects of inflammation. Glucocorticoids are the most powerful of these drugs; however, these drugs can have many undesirable side effects, such as central obesity, hyperglycemia, osteoporosis, and their use must be tightly controlled. Lower doses of anti-inflammatory drugs are often used in conjunction with cytotoxic or immunosuppressive drugs such as methotrexate or azathioprine. Cytotoxic drugs inhibit the immune response by killing dividing cells such as activated T cells. However, the killing is indiscriminate and other constantly dividing cells and their organs are affected, which causes toxic side effects. Immunosuppressive drugs such as cyclosporin prevent T cells from responding to signals correctly by inhibiting signal transduction pathways.",What type of drug might cause weight gain around the abdominal region?,Glucocorticoids
"Anti-inflammatory drugs are often used to control the effects of inflammation. Glucocorticoids are the most powerful of these drugs; however, these drugs can have many undesirable side effects, such as central obesity, hyperglycemia, osteoporosis, and their use must be tightly controlled. Lower doses of anti-inflammatory drugs are often used in conjunction with cytotoxic or immunosuppressive drugs such as methotrexate or azathioprine. Cytotoxic drugs inhibit the immune response by killing dividing cells such as activated T cells. However, the killing is indiscriminate and other constantly dividing cells and their organs are affected, which causes toxic side effects. Immunosuppressive drugs such as cyclosporin prevent T cells from responding to signals correctly by inhibiting signal transduction pathways.",What type of drug sometimes causes blood glucose levels to be too high?,Glucocorticoids
"Anti-inflammatory drugs are often used to control the effects of inflammation. Glucocorticoids are the most powerful of these drugs; however, these drugs can have many undesirable side effects, such as central obesity, hyperglycemia, osteoporosis, and their use must be tightly controlled. Lower doses of anti-inflammatory drugs are often used in conjunction with cytotoxic or immunosuppressive drugs such as methotrexate or azathioprine. Cytotoxic drugs inhibit the immune response by killing dividing cells such as activated T cells. However, the killing is indiscriminate and other constantly dividing cells and their organs are affected, which causes toxic side effects. Immunosuppressive drugs such as cyclosporin prevent T cells from responding to signals correctly by inhibiting signal transduction pathways.",What type of drug can cause bones to become more porous?,Glucocorticoids
"Natural killer cells, or NK cells, are a component of the innate immune system which does not directly attack invading microbes. Rather, NK cells destroy compromised host cells, such as tumor cells or virus-infected cells, recognizing such cells by a condition known as ""missing self."" This term describes cells with low levels of a cell-surface marker called MHC I (major histocompatibility complex) – a situation that can arise in viral infections of host cells. They were named ""natural killer"" because of the initial notion that they do not require activation in order to kill cells that are ""missing self."" For many years it was unclear how NK cells recognize tumor cells and infected cells. It is now known that the MHC makeup on the surface of those cells is altered and the NK cells become activated through recognition of ""missing self"". Normal body cells are not recognized and attacked by NK cells because they express intact self MHC antigens. Those MHC antigens are recognized by killer cell immunoglobulin receptors (KIR) which essentially put the brakes on NK cells.",What are virus-infected cells considered?,compromised host cells
"Natural killer cells, or NK cells, are a component of the innate immune system which does not directly attack invading microbes. Rather, NK cells destroy compromised host cells, such as tumor cells or virus-infected cells, recognizing such cells by a condition known as ""missing self."" This term describes cells with low levels of a cell-surface marker called MHC I (major histocompatibility complex) – a situation that can arise in viral infections of host cells. They were named ""natural killer"" because of the initial notion that they do not require activation in order to kill cells that are ""missing self."" For many years it was unclear how NK cells recognize tumor cells and infected cells. It is now known that the MHC makeup on the surface of those cells is altered and the NK cells become activated through recognition of ""missing self"". Normal body cells are not recognized and attacked by NK cells because they express intact self MHC antigens. Those MHC antigens are recognized by killer cell immunoglobulin receptors (KIR) which essentially put the brakes on NK cells.",What happens to the MHC makeup on the NK cells?,altered
"Natural killer cells, or NK cells, are a component of the innate immune system which does not directly attack invading microbes. Rather, NK cells destroy compromised host cells, such as tumor cells or virus-infected cells, recognizing such cells by a condition known as ""missing self."" This term describes cells with low levels of a cell-surface marker called MHC I (major histocompatibility complex) – a situation that can arise in viral infections of host cells. They were named ""natural killer"" because of the initial notion that they do not require activation in order to kill cells that are ""missing self."" For many years it was unclear how NK cells recognize tumor cells and infected cells. It is now known that the MHC makeup on the surface of those cells is altered and the NK cells become activated through recognition of ""missing self"". Normal body cells are not recognized and attacked by NK cells because they express intact self MHC antigens. Those MHC antigens are recognized by killer cell immunoglobulin receptors (KIR) which essentially put the brakes on NK cells.",What happens in cells that get viral infections?,low levels of a cell-surface marker called MHC I
"Natural killer cells, or NK cells, are a component of the innate immune system which does not directly attack invading microbes. Rather, NK cells destroy compromised host cells, such as tumor cells or virus-infected cells, recognizing such cells by a condition known as ""missing self."" This term describes cells with low levels of a cell-surface marker called MHC I (major histocompatibility complex) – a situation that can arise in viral infections of host cells. They were named ""natural killer"" because of the initial notion that they do not require activation in order to kill cells that are ""missing self."" For many years it was unclear how NK cells recognize tumor cells and infected cells. It is now known that the MHC makeup on the surface of those cells is altered and the NK cells become activated through recognition of ""missing self"". Normal body cells are not recognized and attacked by NK cells because they express intact self MHC antigens. Those MHC antigens are recognized by killer cell immunoglobulin receptors (KIR) which essentially put the brakes on NK cells.",What do NK cells have trouble recognizing?,Normal body cells
"There are many concepts of teachers in Islam, ranging from mullahs (the teachers at madrassas) to ulemas, who teach of the laws of Islam for the proper way of Islamic living according to the Sunnah and Ahadith, and can render legal verdicts upon matters of Islamic law in accordance with the teaching of one of the Four Schools of Jurisprudence. In the more spiritual or mystical Islamic tradition of Sufism, the position of spiritual teacher and an esoteric (as opposed to exoteric, or actions-oriented, e.g. the Five Pillars of Islam) spirituality and spiritual knowledge takes on a more important dimension, with emphasis on learning from living saints - the highest of which is a Qutb - and of traditions passed down from initiate to initiate, and traceable back to the founder of the order.",What kind of decisions were made in Islam?,legal
"There are many concepts of teachers in Islam, ranging from mullahs (the teachers at madrassas) to ulemas, who teach of the laws of Islam for the proper way of Islamic living according to the Sunnah and Ahadith, and can render legal verdicts upon matters of Islamic law in accordance with the teaching of one of the Four Schools of Jurisprudence. In the more spiritual or mystical Islamic tradition of Sufism, the position of spiritual teacher and an esoteric (as opposed to exoteric, or actions-oriented, e.g. the Five Pillars of Islam) spirituality and spiritual knowledge takes on a more important dimension, with emphasis on learning from living saints - the highest of which is a Qutb - and of traditions passed down from initiate to initiate, and traceable back to the founder of the order.",Who did they put a stress on learning from?,living saints
"There are many concepts of teachers in Islam, ranging from mullahs (the teachers at madrassas) to ulemas, who teach of the laws of Islam for the proper way of Islamic living according to the Sunnah and Ahadith, and can render legal verdicts upon matters of Islamic law in accordance with the teaching of one of the Four Schools of Jurisprudence. In the more spiritual or mystical Islamic tradition of Sufism, the position of spiritual teacher and an esoteric (as opposed to exoteric, or actions-oriented, e.g. the Five Pillars of Islam) spirituality and spiritual knowledge takes on a more important dimension, with emphasis on learning from living saints - the highest of which is a Qutb - and of traditions passed down from initiate to initiate, and traceable back to the founder of the order.",What is the lead rank in saints that are alive?,Qutb
"There are many concepts of teachers in Islam, ranging from mullahs (the teachers at madrassas) to ulemas, who teach of the laws of Islam for the proper way of Islamic living according to the Sunnah and Ahadith, and can render legal verdicts upon matters of Islamic law in accordance with the teaching of one of the Four Schools of Jurisprudence. In the more spiritual or mystical Islamic tradition of Sufism, the position of spiritual teacher and an esoteric (as opposed to exoteric, or actions-oriented, e.g. the Five Pillars of Islam) spirituality and spiritual knowledge takes on a more important dimension, with emphasis on learning from living saints - the highest of which is a Qutb - and of traditions passed down from initiate to initiate, and traceable back to the founder of the order.",What happened to traditions?,passed down from initiate to initiate
"Teachers face several occupational hazards in their line of work, including occupational stress, which can negatively impact teachers' mental and physical health, productivity, and students' performance. Stress can be caused by organizational change, relationships with students, fellow teachers, and administrative personnel, working environment, expectations to substitute, long hours with a heavy workload, and inspections. Teachers are also at high risk for occupational burnout.",Occupational stress on teachers can affect student productivity in what way?,negatively
"Teachers face several occupational hazards in their line of work, including occupational stress, which can negatively impact teachers' mental and physical health, productivity, and students' performance. Stress can be caused by organizational change, relationships with students, fellow teachers, and administrative personnel, working environment, expectations to substitute, long hours with a heavy workload, and inspections. Teachers are also at high risk for occupational burnout.",What is it that teachers experience with students and other colleagues that can lead to stress?,relationships
"Teachers face several occupational hazards in their line of work, including occupational stress, which can negatively impact teachers' mental and physical health, productivity, and students' performance. Stress can be caused by organizational change, relationships with students, fellow teachers, and administrative personnel, working environment, expectations to substitute, long hours with a heavy workload, and inspections. Teachers are also at high risk for occupational burnout.",What sorts of expectations can lead to stress for teachers?,expectations to substitute
"Teachers face several occupational hazards in their line of work, including occupational stress, which can negatively impact teachers' mental and physical health, productivity, and students' performance. Stress can be caused by organizational change, relationships with students, fellow teachers, and administrative personnel, working environment, expectations to substitute, long hours with a heavy workload, and inspections. Teachers are also at high risk for occupational burnout.",What can be negatively impacted besides mental health when a person is experiencing stress?,physical health
"Teachers face several occupational hazards in their line of work, including occupational stress, which can negatively impact teachers' mental and physical health, productivity, and students' performance. Stress can be caused by organizational change, relationships with students, fellow teachers, and administrative personnel, working environment, expectations to substitute, long hours with a heavy workload, and inspections. Teachers are also at high risk for occupational burnout.",What is one sort of event within an organization that can cause a teacher to feel occupational stress?,change
"Teaching may be carried out informally, within the family, which is called homeschooling, or in the wider community. Formal teaching may be carried out by paid professionals. Such professionals enjoy a status in some societies on a par with physicians, lawyers, engineers, and accountants (Chartered or CPA).",What legal-associated people are on par with teachers in some countries?,lawyers
"Teaching may be carried out informally, within the family, which is called homeschooling, or in the wider community. Formal teaching may be carried out by paid professionals. Such professionals enjoy a status in some societies on a par with physicians, lawyers, engineers, and accountants (Chartered or CPA).",What type of pedagogy vocation can be carried out within the family or in the wider community?,Teaching
"Teaching may be carried out informally, within the family, which is called homeschooling, or in the wider community. Formal teaching may be carried out by paid professionals. Such professionals enjoy a status in some societies on a par with physicians, lawyers, engineers, and accountants (Chartered or CPA).",What is the smallest unit that teaching can be carried out in?,the family
"Teaching may be carried out informally, within the family, which is called homeschooling, or in the wider community. Formal teaching may be carried out by paid professionals. Such professionals enjoy a status in some societies on a par with physicians, lawyers, engineers, and accountants (Chartered or CPA).",What good thing to teaching professionals have in some societies?,status
"In Hinduism the spiritual teacher is known as a guru, and, in many traditions of Hinduism - especially those common in the West - the emphasis on spiritual mentorship is extremely high, with gurus often exercising a great deal of control over the lives of their disciples.",What are the students in Hinduism?,disciples
"In Hinduism the spiritual teacher is known as a guru, and, in many traditions of Hinduism - especially those common in the West - the emphasis on spiritual mentorship is extremely high, with gurus often exercising a great deal of control over the lives of their disciples.",Who is highly respected in Hinduism especially in the West?,guru
"In Hinduism the spiritual teacher is known as a guru, and, in many traditions of Hinduism - especially those common in the West - the emphasis on spiritual mentorship is extremely high, with gurus often exercising a great deal of control over the lives of their disciples.",What does a guru provide to their disciples?,spiritual mentorship
"In Hinduism the spiritual teacher is known as a guru, and, in many traditions of Hinduism - especially those common in the West - the emphasis on spiritual mentorship is extremely high, with gurus often exercising a great deal of control over the lives of their disciples.",What is important in the traditions of Hinduism?,emphasis on spiritual mentorship
"Students are likely to build stronger relations with teachers who are friendly and supportive and will show more interest in courses taught by these teachers. Teachers that spend more time interacting and working directly with students are perceived as supportive and effective teachers. Effective teachers have been shown to invite student participation and decision making, allow humor into their classroom, and demonstrate a willingness to play.",What might happen with students taught by friendly teachers?,show more interest in courses
"Students are likely to build stronger relations with teachers who are friendly and supportive and will show more interest in courses taught by these teachers. Teachers that spend more time interacting and working directly with students are perceived as supportive and effective teachers. Effective teachers have been shown to invite student participation and decision making, allow humor into their classroom, and demonstrate a willingness to play.",How can teachers improve supportiveness?,spend more time interacting and working directly with students
"Students are likely to build stronger relations with teachers who are friendly and supportive and will show more interest in courses taught by these teachers. Teachers that spend more time interacting and working directly with students are perceived as supportive and effective teachers. Effective teachers have been shown to invite student participation and decision making, allow humor into their classroom, and demonstrate a willingness to play.",How might students react to supportive and effective teachers?,Students are likely to build stronger relations
"The way a teacher promotes the course they are teaching, the more the student will get out of the subject matter. The three most important aspects of teacher enthusiasm are enthusiasm about teaching, enthusiasm about the students, and enthusiasm about the subject matter. A teacher must enjoy teaching. If they do not enjoy what they are doing, the students will be able to tell. They also must enjoy being around their students. A teacher who cares for their students is going to help that individual succeed in their life in the future. The teacher also needs to be enthusiastic about the subject matter they are teaching. For example, a teacher talking about chemistry needs to enjoy the art of chemistry and show that to their students. A spark in the teacher may create a spark of excitement in the student as well. An enthusiastic teacher has the ability to be very influential in the young students life.","What do teachers have to show regarding teaching, students, and subject matter?",enthusiasm
"The way a teacher promotes the course they are teaching, the more the student will get out of the subject matter. The three most important aspects of teacher enthusiasm are enthusiasm about teaching, enthusiasm about the students, and enthusiasm about the subject matter. A teacher must enjoy teaching. If they do not enjoy what they are doing, the students will be able to tell. They also must enjoy being around their students. A teacher who cares for their students is going to help that individual succeed in their life in the future. The teacher also needs to be enthusiastic about the subject matter they are teaching. For example, a teacher talking about chemistry needs to enjoy the art of chemistry and show that to their students. A spark in the teacher may create a spark of excitement in the student as well. An enthusiastic teacher has the ability to be very influential in the young students life.",What does the student learn?,the subject matter
"The way a teacher promotes the course they are teaching, the more the student will get out of the subject matter. The three most important aspects of teacher enthusiasm are enthusiasm about teaching, enthusiasm about the students, and enthusiasm about the subject matter. A teacher must enjoy teaching. If they do not enjoy what they are doing, the students will be able to tell. They also must enjoy being around their students. A teacher who cares for their students is going to help that individual succeed in their life in the future. The teacher also needs to be enthusiastic about the subject matter they are teaching. For example, a teacher talking about chemistry needs to enjoy the art of chemistry and show that to their students. A spark in the teacher may create a spark of excitement in the student as well. An enthusiastic teacher has the ability to be very influential in the young students life.",What is the subject matter mentioned in the text?,chemistry
"The way a teacher promotes the course they are teaching, the more the student will get out of the subject matter. The three most important aspects of teacher enthusiasm are enthusiasm about teaching, enthusiasm about the students, and enthusiasm about the subject matter. A teacher must enjoy teaching. If they do not enjoy what they are doing, the students will be able to tell. They also must enjoy being around their students. A teacher who cares for their students is going to help that individual succeed in their life in the future. The teacher also needs to be enthusiastic about the subject matter they are teaching. For example, a teacher talking about chemistry needs to enjoy the art of chemistry and show that to their students. A spark in the teacher may create a spark of excitement in the student as well. An enthusiastic teacher has the ability to be very influential in the young students life.",What kind of teachers are able to play an important part in their students' lives?,enthusiastic
"The way a teacher promotes the course they are teaching, the more the student will get out of the subject matter. The three most important aspects of teacher enthusiasm are enthusiasm about teaching, enthusiasm about the students, and enthusiasm about the subject matter. A teacher must enjoy teaching. If they do not enjoy what they are doing, the students will be able to tell. They also must enjoy being around their students. A teacher who cares for their students is going to help that individual succeed in their life in the future. The teacher also needs to be enthusiastic about the subject matter they are teaching. For example, a teacher talking about chemistry needs to enjoy the art of chemistry and show that to their students. A spark in the teacher may create a spark of excitement in the student as well. An enthusiastic teacher has the ability to be very influential in the young students life.",The three aspects of teacher enthusiasm are given as illustrations of what?,The way a teacher promotes the course
"Official corporal punishment, often by caning, remains commonplace in schools in some Asian, African and Caribbean countries. For details of individual countries see School corporal punishment.","Where is corporal punishment used, besides Asian and Caribbean countries?",African
"Official corporal punishment, often by caning, remains commonplace in schools in some Asian, African and Caribbean countries. For details of individual countries see School corporal punishment.","Where is corporal punishment used, besides African and Caribbean countries?",Asian
"Official corporal punishment, often by caning, remains commonplace in schools in some Asian, African and Caribbean countries. For details of individual countries see School corporal punishment.",Where are students when caned?,schools
"Official corporal punishment, often by caning, remains commonplace in schools in some Asian, African and Caribbean countries. For details of individual countries see School corporal punishment.","Where is corporal punishment used, besides African and Asian countries?",Caribbean
"The objective is typically a course of study, lesson plan, or a practical skill. A teacher may follow standardized curricula as determined by the relevant authority. The teacher may interact with students of different ages, from infants to adults, students with different abilities and students with learning disabilities.",A teacher does with with different students while following a standardized curricula?,interact
"The objective is typically a course of study, lesson plan, or a practical skill. A teacher may follow standardized curricula as determined by the relevant authority. The teacher may interact with students of different ages, from infants to adults, students with different abilities and students with learning disabilities.",Who interacts with students that may be infants?,The teacher
"The objective is typically a course of study, lesson plan, or a practical skill. A teacher may follow standardized curricula as determined by the relevant authority. The teacher may interact with students of different ages, from infants to adults, students with different abilities and students with learning disabilities.",Who interacts with students that may have different abilities?,The teacher
"In Germany, teachers are mainly civil servants recruited in special university classes, called Lehramtstudien (Teaching Education Studies). There are many differences between the teachers for elementary schools (Grundschule), lower secondary schools (Hauptschule), middle level secondary schools (Realschule) and higher level secondary schools (Gymnasium). Salaries for teachers depend on the civil servants' salary index scale (Bundesbesoldungsordnung).",What is the longest German term mentioned in the text?,Bundesbesoldungsordnung
"In Germany, teachers are mainly civil servants recruited in special university classes, called Lehramtstudien (Teaching Education Studies). There are many differences between the teachers for elementary schools (Grundschule), lower secondary schools (Hauptschule), middle level secondary schools (Realschule) and higher level secondary schools (Gymnasium). Salaries for teachers depend on the civil servants' salary index scale (Bundesbesoldungsordnung).","If you're not a teacher in higher secondary schools, elementary schools, or lower secondary schools, then where do you teach?",middle level secondary schools
"Many counties offer alternative licensing programs to attract people into teaching, especially for hard-to-fill positions. Excellent job opportunities are expected as retirements, especially among secondary school teachers, outweigh slowing enrollment growth; opportunities will vary by geographic area and subject taught.[citation needed]",What program is being offered?,licensing
"Many counties offer alternative licensing programs to attract people into teaching, especially for hard-to-fill positions. Excellent job opportunities are expected as retirements, especially among secondary school teachers, outweigh slowing enrollment growth; opportunities will vary by geographic area and subject taught.[citation needed]",What profession is being discussed?,teaching
"Many counties offer alternative licensing programs to attract people into teaching, especially for hard-to-fill positions. Excellent job opportunities are expected as retirements, especially among secondary school teachers, outweigh slowing enrollment growth; opportunities will vary by geographic area and subject taught.[citation needed]",What demographic is expected to have high retirement numbers?,secondary school teachers
"There are many forms of spiritual or religious teachers in Christianity, across all three major traditions - (Roman) Catholic, (Eastern) Orthodox Catholic, and Protestant/Non-Denominational, with a stronger tradition of spiritual formation in the more historic and authoritarian/hierarchical Christian traditions with a long tradition of ""discernment of spirits"", of vocations, and other aspects of spiritual life, especially the Roman and Orthodox Catholic Churches. These positions include: the honoured but informal position of starets or elder - a man (or, less often, woman), often a monastic, considered to be graced by God with certain gifts for the guidance of souls and the detection and correction of prelest (spiritual pride or deception) - who acts as a spiritual guide or father in the Orthodox Catholic tradition, especially Russian Orthodoxy (see Optina Monastery, which had a long line of said starets); the Priest or Confessor in Roman Catholicism, who is often a man in Holy Orders but may be a monastic or other person respected for his spiritual accomplishments or acumen (even the Pope of Rome has a Confessor, who is not always a bishop, and, due to the hierarchical structure of the Roman Church, can not be his equal in authority), which is often a semi-official to official position, as opposed to the unofficial positions of spiritual guides in the Orthodox Catholic and Protestant traditions; and the almost-exclusively informal arrangements (generally formal only in members who are under some form of church discipline) of mentorship (both of adults and children, in the latter case often a youth pastor) in the Protestant and Non-Denominational traditions, which boundaries can be blurred with the more typically Roman ""confessor"" position in some of the more historic and conservative Reformation Churches, such as some of the Lutheran and Anglican. In keeping with the individualistic nature of most Protestant denominations, the emphasis on being guided in spiritual development is small, with a heavy emphasis placed on heavy reading and personal, Spirit-enlightened interpretation of the Holy Bible.",Which tradition favors individuals being led by the Spirit?,Protestant
"There are many forms of spiritual or religious teachers in Christianity, across all three major traditions - (Roman) Catholic, (Eastern) Orthodox Catholic, and Protestant/Non-Denominational, with a stronger tradition of spiritual formation in the more historic and authoritarian/hierarchical Christian traditions with a long tradition of ""discernment of spirits"", of vocations, and other aspects of spiritual life, especially the Roman and Orthodox Catholic Churches. These positions include: the honoured but informal position of starets or elder - a man (or, less often, woman), often a monastic, considered to be graced by God with certain gifts for the guidance of souls and the detection and correction of prelest (spiritual pride or deception) - who acts as a spiritual guide or father in the Orthodox Catholic tradition, especially Russian Orthodoxy (see Optina Monastery, which had a long line of said starets); the Priest or Confessor in Roman Catholicism, who is often a man in Holy Orders but may be a monastic or other person respected for his spiritual accomplishments or acumen (even the Pope of Rome has a Confessor, who is not always a bishop, and, due to the hierarchical structure of the Roman Church, can not be his equal in authority), which is often a semi-official to official position, as opposed to the unofficial positions of spiritual guides in the Orthodox Catholic and Protestant traditions; and the almost-exclusively informal arrangements (generally formal only in members who are under some form of church discipline) of mentorship (both of adults and children, in the latter case often a youth pastor) in the Protestant and Non-Denominational traditions, which boundaries can be blurred with the more typically Roman ""confessor"" position in some of the more historic and conservative Reformation Churches, such as some of the Lutheran and Anglican. In keeping with the individualistic nature of most Protestant denominations, the emphasis on being guided in spiritual development is small, with a heavy emphasis placed on heavy reading and personal, Spirit-enlightened interpretation of the Holy Bible.",Which tradition expects adherents to read the Bible and interpret for themselves?,Protestant
"In the United States especially, several high-profile cases such as Debra LaFave, Pamela Rogers, and Mary Kay Letourneau have caused increased scrutiny on teacher misconduct.",Who was a teacher?,"Debra LaFave, Pamela Rogers, and Mary Kay Letourneau"
"In the United States especially, several high-profile cases such as Debra LaFave, Pamela Rogers, and Mary Kay Letourneau have caused increased scrutiny on teacher misconduct.",Which crime is mentioned?,teacher misconduct
"In the United States especially, several high-profile cases such as Debra LaFave, Pamela Rogers, and Mary Kay Letourneau have caused increased scrutiny on teacher misconduct.",What level of popularity are the cases of these women deemed?,high-profile
"Salaries for Nursery, Primary and Secondary School teachers ranged from £20,133 to £41,004 in September 2007, although some salaries can go much higher depending on experience and extra responsibilities. Preschool teachers may earn £20,980 annually.[citation needed] Teachers in state schools must have at least a bachelor's degree, complete an approved teacher education program, and be licensed.",What is the highest a teacher may have earned in this time period?,"£41,004"
"Salaries for Nursery, Primary and Secondary School teachers ranged from £20,133 to £41,004 in September 2007, although some salaries can go much higher depending on experience and extra responsibilities. Preschool teachers may earn £20,980 annually.[citation needed] Teachers in state schools must have at least a bachelor's degree, complete an approved teacher education program, and be licensed.",What was the starting pay for a teacher in this time period?,"£20,133"
"Salaries for Nursery, Primary and Secondary School teachers ranged from £20,133 to £41,004 in September 2007, although some salaries can go much higher depending on experience and extra responsibilities. Preschool teachers may earn £20,980 annually.[citation needed] Teachers in state schools must have at least a bachelor's degree, complete an approved teacher education program, and be licensed.",Who of the mentioned teachers must abide by a stricter requirement?,Teachers in state schools
"Salaries for Nursery, Primary and Secondary School teachers ranged from £20,133 to £41,004 in September 2007, although some salaries can go much higher depending on experience and extra responsibilities. Preschool teachers may earn £20,980 annually.[citation needed] Teachers in state schools must have at least a bachelor's degree, complete an approved teacher education program, and be licensed.",How can you benefit from having teaching experience and taking on more responsibilities?,salaries can go much higher
"A modern example of school discipline in North America and Western Europe relies upon the idea of an assertive teacher who is prepared to impose their will upon a class. Positive reinforcement is balanced with immediate and fair punishment for misbehavior and firm, clear boundaries define what is appropriate and inappropriate behavior. Teachers are expected to respect their students; sarcasm and attempts to humiliate pupils are seen as falling outside of what constitutes reasonable discipline.[verification needed]",What aren't teachers supposed to do to discipline their students?,sarcasm and attempts to humiliate
"A modern example of school discipline in North America and Western Europe relies upon the idea of an assertive teacher who is prepared to impose their will upon a class. Positive reinforcement is balanced with immediate and fair punishment for misbehavior and firm, clear boundaries define what is appropriate and inappropriate behavior. Teachers are expected to respect their students; sarcasm and attempts to humiliate pupils are seen as falling outside of what constitutes reasonable discipline.[verification needed]",What is using sarcasm viewed as?,falling outside of what constitutes reasonable discipline
"A modern example of school discipline in North America and Western Europe relies upon the idea of an assertive teacher who is prepared to impose their will upon a class. Positive reinforcement is balanced with immediate and fair punishment for misbehavior and firm, clear boundaries define what is appropriate and inappropriate behavior. Teachers are expected to respect their students; sarcasm and attempts to humiliate pupils are seen as falling outside of what constitutes reasonable discipline.[verification needed]",What other schools look for the same qualities in teachers as does North America?,Western Europe
"A modern example of school discipline in North America and Western Europe relies upon the idea of an assertive teacher who is prepared to impose their will upon a class. Positive reinforcement is balanced with immediate and fair punishment for misbehavior and firm, clear boundaries define what is appropriate and inappropriate behavior. Teachers are expected to respect their students; sarcasm and attempts to humiliate pupils are seen as falling outside of what constitutes reasonable discipline.[verification needed]",What other schools look for the same qualities in teachers as does Western Europe?,North America
"A modern example of school discipline in North America and Western Europe relies upon the idea of an assertive teacher who is prepared to impose their will upon a class. Positive reinforcement is balanced with immediate and fair punishment for misbehavior and firm, clear boundaries define what is appropriate and inappropriate behavior. Teachers are expected to respect their students; sarcasm and attempts to humiliate pupils are seen as falling outside of what constitutes reasonable discipline.[verification needed]",How should bad behavior be attended to?,immediate and fair punishment
"It's not clear, however that this stereotypical view reflects the reality of East Asian classrooms or that the educational goals in these countries are commensurable with those in Western countries. In Japan, for example, although average attainment on standardized tests may exceed those in Western countries, classroom discipline and behavior is highly problematic. Although, officially, schools have extremely rigid codes of behavior, in practice many teachers find the students unmanageable and do not enforce discipline at all.",How certain is it that Asian classroom goals are in line with western countries' goals?,It's not clear
"It's not clear, however that this stereotypical view reflects the reality of East Asian classrooms or that the educational goals in these countries are commensurable with those in Western countries. In Japan, for example, although average attainment on standardized tests may exceed those in Western countries, classroom discipline and behavior is highly problematic. Although, officially, schools have extremely rigid codes of behavior, in practice many teachers find the students unmanageable and do not enforce discipline at all.",What struggles do Japanese teachers face in the calssroom?,classroom discipline and behavior
"It's not clear, however that this stereotypical view reflects the reality of East Asian classrooms or that the educational goals in these countries are commensurable with those in Western countries. In Japan, for example, although average attainment on standardized tests may exceed those in Western countries, classroom discipline and behavior is highly problematic. Although, officially, schools have extremely rigid codes of behavior, in practice many teachers find the students unmanageable and do not enforce discipline at all.",How strict are the teachers when giving consequences?,do not enforce discipline at all
"It's not clear, however that this stereotypical view reflects the reality of East Asian classrooms or that the educational goals in these countries are commensurable with those in Western countries. In Japan, for example, although average attainment on standardized tests may exceed those in Western countries, classroom discipline and behavior is highly problematic. Although, officially, schools have extremely rigid codes of behavior, in practice many teachers find the students unmanageable and do not enforce discipline at all.",Why do the teachers not follow through?,teachers find the students unmanageable
"It's not clear, however that this stereotypical view reflects the reality of East Asian classrooms or that the educational goals in these countries are commensurable with those in Western countries. In Japan, for example, although average attainment on standardized tests may exceed those in Western countries, classroom discipline and behavior is highly problematic. Although, officially, schools have extremely rigid codes of behavior, in practice many teachers find the students unmanageable and do not enforce discipline at all.",Where do western countries struggle in reference to the classroom?,attainment on standardized tests
"Since teachers can affect how students perceive the course materials, it has been found that teachers who showed enthusiasm towards the course materials and students can affect a positive learning experience towards the course materials. On teacher/course evaluations, it was found that teachers who have a positive disposition towards the course content tend to transfer their passion to receptive students. These teachers do not teach by rote but attempt to find new invigoration for the course materials on a daily basis. One of the difficulties in this approach is that teachers may have repeatedly covered a curriculum until they begin to feel bored with the subject which in turn bores the students as well. Students who had enthusiastic teachers tend to rate them higher than teachers who didn't show much enthusiasm for the course materials.",What is a result of a happy teacher?,positive learning experience
"Since teachers can affect how students perceive the course materials, it has been found that teachers who showed enthusiasm towards the course materials and students can affect a positive learning experience towards the course materials. On teacher/course evaluations, it was found that teachers who have a positive disposition towards the course content tend to transfer their passion to receptive students. These teachers do not teach by rote but attempt to find new invigoration for the course materials on a daily basis. One of the difficulties in this approach is that teachers may have repeatedly covered a curriculum until they begin to feel bored with the subject which in turn bores the students as well. Students who had enthusiastic teachers tend to rate them higher than teachers who didn't show much enthusiasm for the course materials.",What is important for student approval?,enthusiastic teachers
"Since teachers can affect how students perceive the course materials, it has been found that teachers who showed enthusiasm towards the course materials and students can affect a positive learning experience towards the course materials. On teacher/course evaluations, it was found that teachers who have a positive disposition towards the course content tend to transfer their passion to receptive students. These teachers do not teach by rote but attempt to find new invigoration for the course materials on a daily basis. One of the difficulties in this approach is that teachers may have repeatedly covered a curriculum until they begin to feel bored with the subject which in turn bores the students as well. Students who had enthusiastic teachers tend to rate them higher than teachers who didn't show much enthusiasm for the course materials.",What is important for student success?,enthusiastic teachers
"In The Church of Jesus Christ of Latter-day Saints (LDS Church), the teacher is an office in the Aaronic priesthood, generally conferred on young boys or recent converts, and has little in common with the ""spiritual teacher"" archetype. The role of ""spiritual teacher"" may be filled by many individuals in the LDS Church, often a trusted friend, who may hold any office, from Elder to Bishop, or no office at all. The emphasis on spiritual mentorship in the LDS Church is similar to that in the more ""low-church"" traditions of Protestantism, with a stronger emphasis placed on the husband and father of a family to provide spiritual guidance for all of his family, ideally in consultation with his wife, even if the husband is not a member of the LDS Church, based on interpretatios of certain Biblical texts which proclaim the spiritual authority of husbands in marriage. Even Priesthood representatives are expected to defer to the father of the house when in his home. Further, additional spiritual guidance is offered by those holding the office of Patriarch, which is supposed by Latter-day Saints to grant certain gifts of the Spirit, such as the ability to prophesy, to its holders. This guidance is generally offered during a ceremony called the patriarchal blessing.",What is very different than the spiritual teacher archetype?,teacher
"There are many similarities and differences among teachers around the world. In almost all countries teachers are educated in a university or college. Governments may require certification by a recognized body before they can teach in a school. In many countries, elementary school education certificate is earned after completion of high school. The high school student follows an education specialty track, obtain the prerequisite ""student-teaching"" time, and receive a special diploma to begin teaching after graduation. In addition to certification, many educational institutions especially within the US, require that prospective teachers pass a background check and psychiatric evaluation to be able to teach in classroom. This is not always the case with adult further learning institutions but is fast becoming the norm in many countries as security concerns grow.",What entity decides if a person is qualified to be an educator?,Governments
"There are many similarities and differences among teachers around the world. In almost all countries teachers are educated in a university or college. Governments may require certification by a recognized body before they can teach in a school. In many countries, elementary school education certificate is earned after completion of high school. The high school student follows an education specialty track, obtain the prerequisite ""student-teaching"" time, and receive a special diploma to begin teaching after graduation. In addition to certification, many educational institutions especially within the US, require that prospective teachers pass a background check and psychiatric evaluation to be able to teach in classroom. This is not always the case with adult further learning institutions but is fast becoming the norm in many countries as security concerns grow.",What do some countries mandate that aspiring teachers successfully complete in order to teach?,background check and psychiatric evaluation
"There are many similarities and differences among teachers around the world. In almost all countries teachers are educated in a university or college. Governments may require certification by a recognized body before they can teach in a school. In many countries, elementary school education certificate is earned after completion of high school. The high school student follows an education specialty track, obtain the prerequisite ""student-teaching"" time, and receive a special diploma to begin teaching after graduation. In addition to certification, many educational institutions especially within the US, require that prospective teachers pass a background check and psychiatric evaluation to be able to teach in classroom. This is not always the case with adult further learning institutions but is fast becoming the norm in many countries as security concerns grow.",Some countries merely require what in order for a teacher to begin elementary education after high school?,elementary school education certificate
"There are many similarities and differences among teachers around the world. In almost all countries teachers are educated in a university or college. Governments may require certification by a recognized body before they can teach in a school. In many countries, elementary school education certificate is earned after completion of high school. The high school student follows an education specialty track, obtain the prerequisite ""student-teaching"" time, and receive a special diploma to begin teaching after graduation. In addition to certification, many educational institutions especially within the US, require that prospective teachers pass a background check and psychiatric evaluation to be able to teach in classroom. This is not always the case with adult further learning institutions but is fast becoming the norm in many countries as security concerns grow.","If a high school student is to receive a degree to teach after graduation, what do they have to complete in addition to their education studies?","""student-teaching"" time"
"Warsaw, especially its city centre (Śródmieście), is home not only to many national institutions and government agencies, but also to many domestic and international companies. In 2006, 304,016 companies were registered in the city. Warsaw's ever-growing business community has been noticed globally, regionally, and nationally. MasterCard Emerging Market Index has noted Warsaw's economic strength and commercial center. Moreover, Warsaw was ranked as the 7th greatest emerging market. Foreign investors' financial participation in the city's development was estimated in 2002 at over 650 million euro. Warsaw produces 12% of Poland's national income, which in 2008 was 305.1% of the Polish average, per capita (or 160% of the European Union average). The GDP per capita in Warsaw amounted to PLN 94 000 in 2008 (c. EUR 23 800, USD 33 000). Total nominal GDP of the city in 2010 amounted to 191.766 billion PLN, 111696 PLN per capita, which was 301,1 % of Polish average. Warsaw leads the region of East-Central Europe in foreign investment and in 2006, GDP growth met expectations with a level of 6.1%. It also has one of the fastest growing economies, with GDP growth at 6.5 percent in 2007 and 6.1 percent in the first quarter of 2008.",What is the central business district of Poland's capital?,Śródmieście
"Warsaw, especially its city centre (Śródmieście), is home not only to many national institutions and government agencies, but also to many domestic and international companies. In 2006, 304,016 companies were registered in the city. Warsaw's ever-growing business community has been noticed globally, regionally, and nationally. MasterCard Emerging Market Index has noted Warsaw's economic strength and commercial center. Moreover, Warsaw was ranked as the 7th greatest emerging market. Foreign investors' financial participation in the city's development was estimated in 2002 at over 650 million euro. Warsaw produces 12% of Poland's national income, which in 2008 was 305.1% of the Polish average, per capita (or 160% of the European Union average). The GDP per capita in Warsaw amounted to PLN 94 000 in 2008 (c. EUR 23 800, USD 33 000). Total nominal GDP of the city in 2010 amounted to 191.766 billion PLN, 111696 PLN per capita, which was 301,1 % of Polish average. Warsaw leads the region of East-Central Europe in foreign investment and in 2006, GDP growth met expectations with a level of 6.1%. It also has one of the fastest growing economies, with GDP growth at 6.5 percent in 2007 and 6.1 percent in the first quarter of 2008.",Why did Poland's capital get ranked in the top ten by MasterCard?,economic strength and commercial center
"Warsaw, especially its city centre (Śródmieście), is home not only to many national institutions and government agencies, but also to many domestic and international companies. In 2006, 304,016 companies were registered in the city. Warsaw's ever-growing business community has been noticed globally, regionally, and nationally. MasterCard Emerging Market Index has noted Warsaw's economic strength and commercial center. Moreover, Warsaw was ranked as the 7th greatest emerging market. Foreign investors' financial participation in the city's development was estimated in 2002 at over 650 million euro. Warsaw produces 12% of Poland's national income, which in 2008 was 305.1% of the Polish average, per capita (or 160% of the European Union average). The GDP per capita in Warsaw amounted to PLN 94 000 in 2008 (c. EUR 23 800, USD 33 000). Total nominal GDP of the city in 2010 amounted to 191.766 billion PLN, 111696 PLN per capita, which was 301,1 % of Polish average. Warsaw leads the region of East-Central Europe in foreign investment and in 2006, GDP growth met expectations with a level of 6.1%. It also has one of the fastest growing economies, with GDP growth at 6.5 percent in 2007 and 6.1 percent in the first quarter of 2008.",How does Warsaw's income compare to the EU?,160% of the European Union average
"The first fortified settlements on the site of today's Warsaw were located in Bródno (9th/10th century) and Jazdów (12th/13th century). After Jazdów was raided by nearby clans and dukes, a new similar settlement was established on the site of a small fishing village called Warszowa. The Prince of Płock, Bolesław II of Masovia, established this settlement, the modern-day Warsaw, in about 1300. In the beginning of the 14th century it became one of the seats of the Dukes of Masovia, becoming the official capital of Masovian Duchy in 1413. 14th-century Warsaw's economy rested on mostly crafts and trade. Upon the extinction of the local ducal line, the duchy was reincorporated into the Polish Crown in 1526.",What is the earliest century in which Brodno could have been built?,9th
"The first fortified settlements on the site of today's Warsaw were located in Bródno (9th/10th century) and Jazdów (12th/13th century). After Jazdów was raided by nearby clans and dukes, a new similar settlement was established on the site of a small fishing village called Warszowa. The Prince of Płock, Bolesław II of Masovia, established this settlement, the modern-day Warsaw, in about 1300. In the beginning of the 14th century it became one of the seats of the Dukes of Masovia, becoming the official capital of Masovian Duchy in 1413. 14th-century Warsaw's economy rested on mostly crafts and trade. Upon the extinction of the local ducal line, the duchy was reincorporated into the Polish Crown in 1526.",What is the latest century in which settlements could have been established at Jazdow?,13th
"The first fortified settlements on the site of today's Warsaw were located in Bródno (9th/10th century) and Jazdów (12th/13th century). After Jazdów was raided by nearby clans and dukes, a new similar settlement was established on the site of a small fishing village called Warszowa. The Prince of Płock, Bolesław II of Masovia, established this settlement, the modern-day Warsaw, in about 1300. In the beginning of the 14th century it became one of the seats of the Dukes of Masovia, becoming the official capital of Masovian Duchy in 1413. 14th-century Warsaw's economy rested on mostly crafts and trade. Upon the extinction of the local ducal line, the duchy was reincorporated into the Polish Crown in 1526.",Which settlement was established first: Brodno or Warszowa?,Bródno
"The mermaid (syrenka) is Warsaw's symbol and can be found on statues throughout the city and on the city's coat of arms. This imagery has been in use since at least the mid-14th century. The oldest existing armed seal of Warsaw is from the year 1390, consisting of a round seal bordered with the Latin inscription Sigilium Civitatis Varsoviensis (Seal of the city of Warsaw). City records as far back as 1609 document the use of a crude form of a sea monster with a female upper body and holding a sword in its claws. In 1653 the poet Zygmunt Laukowski asks the question:",Why can one find mermaids throughout Warsaw?,Warsaw's symbol
"The mermaid (syrenka) is Warsaw's symbol and can be found on statues throughout the city and on the city's coat of arms. This imagery has been in use since at least the mid-14th century. The oldest existing armed seal of Warsaw is from the year 1390, consisting of a round seal bordered with the Latin inscription Sigilium Civitatis Varsoviensis (Seal of the city of Warsaw). City records as far back as 1609 document the use of a crude form of a sea monster with a female upper body and holding a sword in its claws. In 1653 the poet Zygmunt Laukowski asks the question:","Along with statutes, how else is the mermaid utilized in Warsaw?",on the city's coat of arms
"The mermaid (syrenka) is Warsaw's symbol and can be found on statues throughout the city and on the city's coat of arms. This imagery has been in use since at least the mid-14th century. The oldest existing armed seal of Warsaw is from the year 1390, consisting of a round seal bordered with the Latin inscription Sigilium Civitatis Varsoviensis (Seal of the city of Warsaw). City records as far back as 1609 document the use of a crude form of a sea monster with a female upper body and holding a sword in its claws. In 1653 the poet Zygmunt Laukowski asks the question:",What was distinct about the sea monster holding the sword on the 1609 document?,a female upper body
"The origin of the legendary figure is not fully known. The best-known legend, by Artur Oppman, is that long ago two of Triton's daughters set out on a journey through the depths of the oceans and seas. One of them decided to stay on the coast of Denmark and can be seen sitting at the entrance to the port of Copenhagen. The second mermaid reached the mouth of the Vistula River and plunged into its waters. She stopped to rest on a sandy beach by the village of Warszowa, where fishermen came to admire her beauty and listen to her beautiful voice. A greedy merchant also heard her songs; he followed the fishermen and captured the mermaid.",Who were the mermaids related to?,Triton
"The origin of the legendary figure is not fully known. The best-known legend, by Artur Oppman, is that long ago two of Triton's daughters set out on a journey through the depths of the oceans and seas. One of them decided to stay on the coast of Denmark and can be seen sitting at the entrance to the port of Copenhagen. The second mermaid reached the mouth of the Vistula River and plunged into its waters. She stopped to rest on a sandy beach by the village of Warszowa, where fishermen came to admire her beauty and listen to her beautiful voice. A greedy merchant also heard her songs; he followed the fishermen and captured the mermaid.",Where did the first mermaid retire?,coast of Denmark
"The origin of the legendary figure is not fully known. The best-known legend, by Artur Oppman, is that long ago two of Triton's daughters set out on a journey through the depths of the oceans and seas. One of them decided to stay on the coast of Denmark and can be seen sitting at the entrance to the port of Copenhagen. The second mermaid reached the mouth of the Vistula River and plunged into its waters. She stopped to rest on a sandy beach by the village of Warszowa, where fishermen came to admire her beauty and listen to her beautiful voice. A greedy merchant also heard her songs; he followed the fishermen and captured the mermaid.",What unsavory character also listened to the mermaid sing?,greedy merchant
"The origin of the legendary figure is not fully known. The best-known legend, by Artur Oppman, is that long ago two of Triton's daughters set out on a journey through the depths of the oceans and seas. One of them decided to stay on the coast of Denmark and can be seen sitting at the entrance to the port of Copenhagen. The second mermaid reached the mouth of the Vistula River and plunged into its waters. She stopped to rest on a sandy beach by the village of Warszowa, where fishermen came to admire her beauty and listen to her beautiful voice. A greedy merchant also heard her songs; he followed the fishermen and captured the mermaid.",Where did the 2nd daughter arrive to go into the body of water?,Vistula River
"The origin of the legendary figure is not fully known. The best-known legend, by Artur Oppman, is that long ago two of Triton's daughters set out on a journey through the depths of the oceans and seas. One of them decided to stay on the coast of Denmark and can be seen sitting at the entrance to the port of Copenhagen. The second mermaid reached the mouth of the Vistula River and plunged into its waters. She stopped to rest on a sandy beach by the village of Warszowa, where fishermen came to admire her beauty and listen to her beautiful voice. A greedy merchant also heard her songs; he followed the fishermen and captured the mermaid.",What did the covetous businessman do?,followed the fishermen and captured the mermaid
"Nearby, in Ogród Saski (the Saxon Garden), the Summer Theatre was in operation from 1870 to 1939, and in the inter-war period, the theatre complex also included Momus, Warsaw's first literary cabaret, and Leon Schiller's musical theatre Melodram. The Wojciech Bogusławski Theatre (1922–26), was the best example of ""Polish monumental theatre"". From the mid-1930s, the Great Theatre building housed the Upati Institute of Dramatic Arts – the first state-run academy of dramatic art, with an acting department and a stage directing department.",What was the 1st academy run by the state?,Upati Institute
"Nearby, in Ogród Saski (the Saxon Garden), the Summer Theatre was in operation from 1870 to 1939, and in the inter-war period, the theatre complex also included Momus, Warsaw's first literary cabaret, and Leon Schiller's musical theatre Melodram. The Wojciech Bogusławski Theatre (1922–26), was the best example of ""Polish monumental theatre"". From the mid-1930s, the Great Theatre building housed the Upati Institute of Dramatic Arts – the first state-run academy of dramatic art, with an acting department and a stage directing department.",Where was the Summer theater?,Ogród Saski
"Nearby, in Ogród Saski (the Saxon Garden), the Summer Theatre was in operation from 1870 to 1939, and in the inter-war period, the theatre complex also included Momus, Warsaw's first literary cabaret, and Leon Schiller's musical theatre Melodram. The Wojciech Bogusławski Theatre (1922–26), was the best example of ""Polish monumental theatre"". From the mid-1930s, the Great Theatre building housed the Upati Institute of Dramatic Arts – the first state-run academy of dramatic art, with an acting department and a stage directing department.",What does Upati have besides a stage directing department?,acting department
"Nearby, in Ogród Saski (the Saxon Garden), the Summer Theatre was in operation from 1870 to 1939, and in the inter-war period, the theatre complex also included Momus, Warsaw's first literary cabaret, and Leon Schiller's musical theatre Melodram. The Wojciech Bogusławski Theatre (1922–26), was the best example of ""Polish monumental theatre"". From the mid-1930s, the Great Theatre building housed the Upati Institute of Dramatic Arts – the first state-run academy of dramatic art, with an acting department and a stage directing department.",What was the first literary cabaret?,Momus
"In 1939, c. 1,300,000 people lived in Warsaw, but in 1945 – only 420,000. During the first years after the war, the population growth was c. 6%, so shortly the city started to suffer from the lack of flats and of areas for new houses. The first remedial measure was the Warsaw area enlargement (1951) – but the city authorities were still forced to introduce residency registration limitations: only the spouses and children of the permanent residents as well as some persons of public importance (like renowned specialists) were allowed to get the registration, hence halving the population growth in the following years. It also bolstered some kind of conviction among Poles that Varsovians thought of themselves as better only because they lived in the capital. Unfortunately this belief still lives on in Poland (although not as much as it used to be) – even though since 1990 there are no limitations to residency registration anymore.",Was the population of Warsaw higher in 1939 or 1945?,1939
"In 1939, c. 1,300,000 people lived in Warsaw, but in 1945 – only 420,000. During the first years after the war, the population growth was c. 6%, so shortly the city started to suffer from the lack of flats and of areas for new houses. The first remedial measure was the Warsaw area enlargement (1951) – but the city authorities were still forced to introduce residency registration limitations: only the spouses and children of the permanent residents as well as some persons of public importance (like renowned specialists) were allowed to get the registration, hence halving the population growth in the following years. It also bolstered some kind of conviction among Poles that Varsovians thought of themselves as better only because they lived in the capital. Unfortunately this belief still lives on in Poland (although not as much as it used to be) – even though since 1990 there are no limitations to residency registration anymore.",Was the population of Warsaw lower in 1939 or 1945?,1945
"In 1939, c. 1,300,000 people lived in Warsaw, but in 1945 – only 420,000. During the first years after the war, the population growth was c. 6%, so shortly the city started to suffer from the lack of flats and of areas for new houses. The first remedial measure was the Warsaw area enlargement (1951) – but the city authorities were still forced to introduce residency registration limitations: only the spouses and children of the permanent residents as well as some persons of public importance (like renowned specialists) were allowed to get the registration, hence halving the population growth in the following years. It also bolstered some kind of conviction among Poles that Varsovians thought of themselves as better only because they lived in the capital. Unfortunately this belief still lives on in Poland (although not as much as it used to be) – even though since 1990 there are no limitations to residency registration anymore.",What was Warsaw's population in 1939?,"c. 1,300,000"
"Gothic architecture is represented in the majestic churches but also at the burgher houses and fortifications. The most significant buildings are St. John's Cathedral (14th century), the temple is a typical example of the so-called Masovian gothic style, St. Mary's Church (1411), a town house of Burbach family (14th century), Gunpowder Tower (after 1379) and the Royal Castle Curia Maior (1407–1410). The most notable examples of Renaissance architecture in the city are the house of Baryczko merchant family (1562), building called ""The Negro"" (early 17th century) and Salwator tenement (1632). The most interesting examples of mannerist architecture are the Royal Castle (1596–1619) and the Jesuit Church (1609–1626) at Old Town. Among the first structures of the early baroque the most important are St. Hyacinth's Church (1603–1639) and Sigismund's Column (1644).",What non religious buildings have gothic architecture?,burgher houses and fortifications
"Gothic architecture is represented in the majestic churches but also at the burgher houses and fortifications. The most significant buildings are St. John's Cathedral (14th century), the temple is a typical example of the so-called Masovian gothic style, St. Mary's Church (1411), a town house of Burbach family (14th century), Gunpowder Tower (after 1379) and the Royal Castle Curia Maior (1407–1410). The most notable examples of Renaissance architecture in the city are the house of Baryczko merchant family (1562), building called ""The Negro"" (early 17th century) and Salwator tenement (1632). The most interesting examples of mannerist architecture are the Royal Castle (1596–1619) and the Jesuit Church (1609–1626) at Old Town. Among the first structures of the early baroque the most important are St. Hyacinth's Church (1603–1639) and Sigismund's Column (1644).",What is the older important baroque structure?,St. Hyacinth's Church
"Gothic architecture is represented in the majestic churches but also at the burgher houses and fortifications. The most significant buildings are St. John's Cathedral (14th century), the temple is a typical example of the so-called Masovian gothic style, St. Mary's Church (1411), a town house of Burbach family (14th century), Gunpowder Tower (after 1379) and the Royal Castle Curia Maior (1407–1410). The most notable examples of Renaissance architecture in the city are the house of Baryczko merchant family (1562), building called ""The Negro"" (early 17th century) and Salwator tenement (1632). The most interesting examples of mannerist architecture are the Royal Castle (1596–1619) and the Jesuit Church (1609–1626) at Old Town. Among the first structures of the early baroque the most important are St. Hyacinth's Church (1603–1639) and Sigismund's Column (1644).",What is the newer important baroque structure?,Sigismund's Column
"Warsaw (Polish: Warszawa [varˈʂava] ( listen); see also other names) is the capital and largest city of Poland. It stands on the Vistula River in east-central Poland, roughly 260 kilometres (160 mi) from the Baltic Sea and 300 kilometres (190 mi) from the Carpathian Mountains. Its population is estimated at 1.740 million residents within a greater metropolitan area of 2.666 million residents, which makes Warsaw the 9th most-populous capital city in the European Union. The city limits cover 516.9 square kilometres (199.6 sq mi), while the metropolitan area covers 6,100.43 square kilometres (2,355.39 sq mi).",What word does Warsaw derive from?,Warszawa
"Warsaw (Polish: Warszawa [varˈʂava] ( listen); see also other names) is the capital and largest city of Poland. It stands on the Vistula River in east-central Poland, roughly 260 kilometres (160 mi) from the Baltic Sea and 300 kilometres (190 mi) from the Carpathian Mountains. Its population is estimated at 1.740 million residents within a greater metropolitan area of 2.666 million residents, which makes Warsaw the 9th most-populous capital city in the European Union. The city limits cover 516.9 square kilometres (199.6 sq mi), while the metropolitan area covers 6,100.43 square kilometres (2,355.39 sq mi).",How is Warszawa pronounced or spoken?,varˈʂava
"Warsaw (Polish: Warszawa [varˈʂava] ( listen); see also other names) is the capital and largest city of Poland. It stands on the Vistula River in east-central Poland, roughly 260 kilometres (160 mi) from the Baltic Sea and 300 kilometres (190 mi) from the Carpathian Mountains. Its population is estimated at 1.740 million residents within a greater metropolitan area of 2.666 million residents, which makes Warsaw the 9th most-populous capital city in the European Union. The city limits cover 516.9 square kilometres (199.6 sq mi), while the metropolitan area covers 6,100.43 square kilometres (2,355.39 sq mi).",How many total people live in Warsaw?,2.666 million residents
"Warsaw (Polish: Warszawa [varˈʂava] ( listen); see also other names) is the capital and largest city of Poland. It stands on the Vistula River in east-central Poland, roughly 260 kilometres (160 mi) from the Baltic Sea and 300 kilometres (190 mi) from the Carpathian Mountains. Its population is estimated at 1.740 million residents within a greater metropolitan area of 2.666 million residents, which makes Warsaw the 9th most-populous capital city in the European Union. The city limits cover 516.9 square kilometres (199.6 sq mi), while the metropolitan area covers 6,100.43 square kilometres (2,355.39 sq mi).",How does the size of Warsaw rank amounst the rest of the EU?,9th most-populous
"Warsaw's first stock exchange was established in 1817 and continued trading until World War II. It was re-established in April 1991, following the end of the post-war communist control of the country and the reintroduction of a free-market economy. Today, the Warsaw Stock Exchange (WSE) is, according to many indicators, the largest market in the region, with 374 companies listed and total capitalization of 162 584 mln EUR as of 31 August 2009. From 1991 until 2000, the stock exchange was, ironically, located in the building previously used as the headquarters of the Polish United Workers' Party (PZPR).",What prevented trade?,communist control
"Warsaw's first stock exchange was established in 1817 and continued trading until World War II. It was re-established in April 1991, following the end of the post-war communist control of the country and the reintroduction of a free-market economy. Today, the Warsaw Stock Exchange (WSE) is, according to many indicators, the largest market in the region, with 374 companies listed and total capitalization of 162 584 mln EUR as of 31 August 2009. From 1991 until 2000, the stock exchange was, ironically, located in the building previously used as the headquarters of the Polish United Workers' Party (PZPR).",What was reappropriated for use?,headquarters of the Polish United Workers' Party
"Today, Warsaw has some of the best medical facilities in Poland and East-Central Europe. The city is home to the Children's Memorial Health Institute (CMHI), the highest-reference hospital in all of Poland, as well as an active research and education center. While the Maria Skłodowska-Curie Institute of Oncology it is one of the largest and most modern oncological institutions in Europe. The clinical section is located in a 10-floor building with 700 beds, 10 operating theatres, an intensive care unit, several diagnostic departments as well as an outpatient clinic. The infrastructure has developed a lot over the past years.",what is the first city mentioned?,Warsaw
"Today, Warsaw has some of the best medical facilities in Poland and East-Central Europe. The city is home to the Children's Memorial Health Institute (CMHI), the highest-reference hospital in all of Poland, as well as an active research and education center. While the Maria Skłodowska-Curie Institute of Oncology it is one of the largest and most modern oncological institutions in Europe. The clinical section is located in a 10-floor building with 700 beds, 10 operating theatres, an intensive care unit, several diagnostic departments as well as an outpatient clinic. The infrastructure has developed a lot over the past years.",what is the first country mentioned?,Poland
"Today, Warsaw has some of the best medical facilities in Poland and East-Central Europe. The city is home to the Children's Memorial Health Institute (CMHI), the highest-reference hospital in all of Poland, as well as an active research and education center. While the Maria Skłodowska-Curie Institute of Oncology it is one of the largest and most modern oncological institutions in Europe. The clinical section is located in a 10-floor building with 700 beds, 10 operating theatres, an intensive care unit, several diagnostic departments as well as an outpatient clinic. The infrastructure has developed a lot over the past years.",what is the first field of service mentioned?,medical
"Today, Warsaw has some of the best medical facilities in Poland and East-Central Europe. The city is home to the Children's Memorial Health Institute (CMHI), the highest-reference hospital in all of Poland, as well as an active research and education center. While the Maria Skłodowska-Curie Institute of Oncology it is one of the largest and most modern oncological institutions in Europe. The clinical section is located in a 10-floor building with 700 beds, 10 operating theatres, an intensive care unit, several diagnostic departments as well as an outpatient clinic. The infrastructure has developed a lot over the past years.",what has happened to the building recently according to the last sentence?,developed
"Today, Warsaw has some of the best medical facilities in Poland and East-Central Europe. The city is home to the Children's Memorial Health Institute (CMHI), the highest-reference hospital in all of Poland, as well as an active research and education center. While the Maria Skłodowska-Curie Institute of Oncology it is one of the largest and most modern oncological institutions in Europe. The clinical section is located in a 10-floor building with 700 beds, 10 operating theatres, an intensive care unit, several diagnostic departments as well as an outpatient clinic. The infrastructure has developed a lot over the past years.",what is the last facility mentioned named?,Maria Skłodowska-Curie Institute of Oncology
"Several commemorative events take place every year. Gatherings of thousands of people on the banks of the Vistula on Midsummer’s Night for a festival called Wianki (Polish for Wreaths) have become a tradition and a yearly event in the programme of cultural events in Warsaw. The festival traces its roots to a peaceful pagan ritual where maidens would float their wreaths of herbs on the water to predict when they would be married, and to whom. By the 19th century this tradition had become a festive event, and it continues today. The city council organize concerts and other events. Each Midsummer’s Eve, apart from the official floating of wreaths, jumping over fires, looking for the fern flower, there are musical performances, dignitaries' speeches, fairs and fireworks by the river bank.",Where are the beginnings of the festival from?,peaceful pagan ritual
"Several commemorative events take place every year. Gatherings of thousands of people on the banks of the Vistula on Midsummer’s Night for a festival called Wianki (Polish for Wreaths) have become a tradition and a yearly event in the programme of cultural events in Warsaw. The festival traces its roots to a peaceful pagan ritual where maidens would float their wreaths of herbs on the water to predict when they would be married, and to whom. By the 19th century this tradition had become a festive event, and it continues today. The city council organize concerts and other events. Each Midsummer’s Eve, apart from the official floating of wreaths, jumping over fires, looking for the fern flower, there are musical performances, dignitaries' speeches, fairs and fireworks by the river bank.",Where do the speeches take place?,by the river bank
"Several commemorative events take place every year. Gatherings of thousands of people on the banks of the Vistula on Midsummer’s Night for a festival called Wianki (Polish for Wreaths) have become a tradition and a yearly event in the programme of cultural events in Warsaw. The festival traces its roots to a peaceful pagan ritual where maidens would float their wreaths of herbs on the water to predict when they would be married, and to whom. By the 19th century this tradition had become a festive event, and it continues today. The city council organize concerts and other events. Each Midsummer’s Eve, apart from the official floating of wreaths, jumping over fires, looking for the fern flower, there are musical performances, dignitaries' speeches, fairs and fireworks by the river bank.",Who gets the musical performances together?,city council
"Several commemorative events take place every year. Gatherings of thousands of people on the banks of the Vistula on Midsummer’s Night for a festival called Wianki (Polish for Wreaths) have become a tradition and a yearly event in the programme of cultural events in Warsaw. The festival traces its roots to a peaceful pagan ritual where maidens would float their wreaths of herbs on the water to predict when they would be married, and to whom. By the 19th century this tradition had become a festive event, and it continues today. The city council organize concerts and other events. Each Midsummer’s Eve, apart from the official floating of wreaths, jumping over fires, looking for the fern flower, there are musical performances, dignitaries' speeches, fairs and fireworks by the river bank.",When are the fireworks done?,Midsummer’s Eve
"Several commemorative events take place every year. Gatherings of thousands of people on the banks of the Vistula on Midsummer’s Night for a festival called Wianki (Polish for Wreaths) have become a tradition and a yearly event in the programme of cultural events in Warsaw. The festival traces its roots to a peaceful pagan ritual where maidens would float their wreaths of herbs on the water to predict when they would be married, and to whom. By the 19th century this tradition had become a festive event, and it continues today. The city council organize concerts and other events. Each Midsummer’s Eve, apart from the official floating of wreaths, jumping over fires, looking for the fern flower, there are musical performances, dignitaries' speeches, fairs and fireworks by the river bank.",When does the city council provide musical performances?,Midsummer’s Eve
"Warsaw's name in the Polish language is Warszawa, approximately /vɑːrˈʃɑːvə/ (also formerly spelled Warszewa and Warszowa), meaning ""belonging to Warsz"", Warsz being a shortened form of the masculine name of Slavic origin Warcisław; see also etymology of Wrocław. Folk etymology attributes the city name to a fisherman, Wars, and his wife, Sawa. According to legend, Sawa was a mermaid living in the Vistula River with whom Wars fell in love. In actuality, Warsz was a 12th/13th-century nobleman who owned a village located at the modern-day site of Mariensztat neighbourhood. See also the Vršovci family which had escaped to Poland. The official city name in full is miasto stołeczne Warszawa (English: ""The Capital City of Warsaw""). A native or resident of Warsaw is known as a Varsovian – in Polish warszawiak (male), warszawianka (female), warszawiacy (plural).",What was the name of the non-human in this passage?,Sawa
"Warsaw's name in the Polish language is Warszawa, approximately /vɑːrˈʃɑːvə/ (also formerly spelled Warszewa and Warszowa), meaning ""belonging to Warsz"", Warsz being a shortened form of the masculine name of Slavic origin Warcisław; see also etymology of Wrocław. Folk etymology attributes the city name to a fisherman, Wars, and his wife, Sawa. According to legend, Sawa was a mermaid living in the Vistula River with whom Wars fell in love. In actuality, Warsz was a 12th/13th-century nobleman who owned a village located at the modern-day site of Mariensztat neighbourhood. See also the Vršovci family which had escaped to Poland. The official city name in full is miasto stołeczne Warszawa (English: ""The Capital City of Warsaw""). A native or resident of Warsaw is known as a Varsovian – in Polish warszawiak (male), warszawianka (female), warszawiacy (plural).",Which medieval period is mentioned above?,12th/13th-century
"Warsaw's name in the Polish language is Warszawa, approximately /vɑːrˈʃɑːvə/ (also formerly spelled Warszewa and Warszowa), meaning ""belonging to Warsz"", Warsz being a shortened form of the masculine name of Slavic origin Warcisław; see also etymology of Wrocław. Folk etymology attributes the city name to a fisherman, Wars, and his wife, Sawa. According to legend, Sawa was a mermaid living in the Vistula River with whom Wars fell in love. In actuality, Warsz was a 12th/13th-century nobleman who owned a village located at the modern-day site of Mariensztat neighbourhood. See also the Vršovci family which had escaped to Poland. The official city name in full is miasto stołeczne Warszawa (English: ""The Capital City of Warsaw""). A native or resident of Warsaw is known as a Varsovian – in Polish warszawiak (male), warszawianka (female), warszawiacy (plural).",What notable natural geographical feature is mentioned in the text?,Vistula River
"Warsaw's name in the Polish language is Warszawa, approximately /vɑːrˈʃɑːvə/ (also formerly spelled Warszewa and Warszowa), meaning ""belonging to Warsz"", Warsz being a shortened form of the masculine name of Slavic origin Warcisław; see also etymology of Wrocław. Folk etymology attributes the city name to a fisherman, Wars, and his wife, Sawa. According to legend, Sawa was a mermaid living in the Vistula River with whom Wars fell in love. In actuality, Warsz was a 12th/13th-century nobleman who owned a village located at the modern-day site of Mariensztat neighbourhood. See also the Vršovci family which had escaped to Poland. The official city name in full is miasto stołeczne Warszawa (English: ""The Capital City of Warsaw""). A native or resident of Warsaw is known as a Varsovian – in Polish warszawiak (male), warszawianka (female), warszawiacy (plural).","What would a resident of Warsaw, who is neither a boy nor a man, be called in Polish?",warszawianka
"The Apollo astronauts were chosen from the Project Mercury and Gemini veterans, plus from two later astronaut groups. All missions were commanded by Gemini or Mercury veterans. Crews on all development flights (except the Earth orbit CSM development flights) through the first two landings on Apollo 11 and Apollo 12, included at least two (sometimes three) Gemini veterans. Dr. Harrison Schmitt, a geologist, was the first NASA scientist astronaut to fly in space, and landed on the Moon on the last mission, Apollo 17. Schmitt participated in the lunar geology training of all of the Apollo landing crews.",Who helped prepare?,Schmitt
"The success of the first two landings allowed the remaining missions to be crewed with a single veteran as Commander, with two rookies. Apollo 13 launched Lovell, Jack Swigert, and Fred Haise in April 1970, headed for the Fra Mauro formation. But two days out, a liquid oxygen tank exploded, disabling the Service Module and forcing the crew to use the LM as a ""life boat"" to return to Earth. Another NASA review board was convened to determine the cause, which turned out to be a combination of damage of the tank in the factory, and a subcontractor not making a tank component according to updated design specifications. Apollo was grounded again, for the remainder of 1970 while the oxygen tank was redesigned and an extra one was added.",How many crew members were on the third mission and those going forward?,"single veteran as Commander, with two rookies"
"The success of the first two landings allowed the remaining missions to be crewed with a single veteran as Commander, with two rookies. Apollo 13 launched Lovell, Jack Swigert, and Fred Haise in April 1970, headed for the Fra Mauro formation. But two days out, a liquid oxygen tank exploded, disabling the Service Module and forcing the crew to use the LM as a ""life boat"" to return to Earth. Another NASA review board was convened to determine the cause, which turned out to be a combination of damage of the tank in the factory, and a subcontractor not making a tank component according to updated design specifications. Apollo was grounded again, for the remainder of 1970 while the oxygen tank was redesigned and an extra one was added.",Who was the commander for Apollo 13?,Lovell
"The success of the first two landings allowed the remaining missions to be crewed with a single veteran as Commander, with two rookies. Apollo 13 launched Lovell, Jack Swigert, and Fred Haise in April 1970, headed for the Fra Mauro formation. But two days out, a liquid oxygen tank exploded, disabling the Service Module and forcing the crew to use the LM as a ""life boat"" to return to Earth. Another NASA review board was convened to determine the cause, which turned out to be a combination of damage of the tank in the factory, and a subcontractor not making a tank component according to updated design specifications. Apollo was grounded again, for the remainder of 1970 while the oxygen tank was redesigned and an extra one was added.",Why were there only three crew members when Apollo 13 launched?,success of the first two landings
"The success of the first two landings allowed the remaining missions to be crewed with a single veteran as Commander, with two rookies. Apollo 13 launched Lovell, Jack Swigert, and Fred Haise in April 1970, headed for the Fra Mauro formation. But two days out, a liquid oxygen tank exploded, disabling the Service Module and forcing the crew to use the LM as a ""life boat"" to return to Earth. Another NASA review board was convened to determine the cause, which turned out to be a combination of damage of the tank in the factory, and a subcontractor not making a tank component according to updated design specifications. Apollo was grounded again, for the remainder of 1970 while the oxygen tank was redesigned and an extra one was added.",What caused the liquid oxygen tank to explode?,"combination of damage of the tank in the factory, and a subcontractor not making a tank component according to updated design specifications"
"The success of the first two landings allowed the remaining missions to be crewed with a single veteran as Commander, with two rookies. Apollo 13 launched Lovell, Jack Swigert, and Fred Haise in April 1970, headed for the Fra Mauro formation. But two days out, a liquid oxygen tank exploded, disabling the Service Module and forcing the crew to use the LM as a ""life boat"" to return to Earth. Another NASA review board was convened to determine the cause, which turned out to be a combination of damage of the tank in the factory, and a subcontractor not making a tank component according to updated design specifications. Apollo was grounded again, for the remainder of 1970 while the oxygen tank was redesigned and an extra one was added.",What happened to the Apollo program after the disaster?,Apollo was grounded again
"The delay in the CSM caused by the fire enabled NASA to catch up on man-rating the LM and Saturn V. Apollo 4 (AS-501) was the first unmanned flight of the Saturn V, carrying a Block I CSM on November 9, 1967. The capability of the Command Module's heat shield to survive a trans-lunar reentry was demonstrated by using the Service Module engine to ram it into the atmosphere at higher than the usual Earth-orbital reentry speed. This was followed on April 4, 1968, by Apollo 6 (AS-502) which carried a CSM and a LM Test Article as ballast. The intent of this mission was to achieve trans-lunar injection, followed closely by a simulated direct-return abort, using the Service Module engine to achieve another high-speed reentry. The Saturn V experienced pogo oscillation, a problem caused by non-steady engine combustion, which damaged fuel lines in the second and third stages. Two S-II engines shut down prematurely, but the remaining engines were able to compensate. The damage to the third stage engine was more severe, preventing it from restarting for trans-lunar injection. Mission controllers were able to use the Service Module engine to essentially repeat the flight profile of Apollo 4. Based on the good performance of Apollo 6 and identification of satisfactory fixes to the Apollo 6 problems, NASA declared the Saturn V ready to fly men, cancelling a third unmanned test.",what is the first spacecraft component mentioned?,CSM
"The delay in the CSM caused by the fire enabled NASA to catch up on man-rating the LM and Saturn V. Apollo 4 (AS-501) was the first unmanned flight of the Saturn V, carrying a Block I CSM on November 9, 1967. The capability of the Command Module's heat shield to survive a trans-lunar reentry was demonstrated by using the Service Module engine to ram it into the atmosphere at higher than the usual Earth-orbital reentry speed. This was followed on April 4, 1968, by Apollo 6 (AS-502) which carried a CSM and a LM Test Article as ballast. The intent of this mission was to achieve trans-lunar injection, followed closely by a simulated direct-return abort, using the Service Module engine to achieve another high-speed reentry. The Saturn V experienced pogo oscillation, a problem caused by non-steady engine combustion, which damaged fuel lines in the second and third stages. Two S-II engines shut down prematurely, but the remaining engines were able to compensate. The damage to the third stage engine was more severe, preventing it from restarting for trans-lunar injection. Mission controllers were able to use the Service Module engine to essentially repeat the flight profile of Apollo 4. Based on the good performance of Apollo 6 and identification of satisfactory fixes to the Apollo 6 problems, NASA declared the Saturn V ready to fly men, cancelling a third unmanned test.",what was the last vehicle mentioned?,Saturn V
"The delay in the CSM caused by the fire enabled NASA to catch up on man-rating the LM and Saturn V. Apollo 4 (AS-501) was the first unmanned flight of the Saturn V, carrying a Block I CSM on November 9, 1967. The capability of the Command Module's heat shield to survive a trans-lunar reentry was demonstrated by using the Service Module engine to ram it into the atmosphere at higher than the usual Earth-orbital reentry speed. This was followed on April 4, 1968, by Apollo 6 (AS-502) which carried a CSM and a LM Test Article as ballast. The intent of this mission was to achieve trans-lunar injection, followed closely by a simulated direct-return abort, using the Service Module engine to achieve another high-speed reentry. The Saturn V experienced pogo oscillation, a problem caused by non-steady engine combustion, which damaged fuel lines in the second and third stages. Two S-II engines shut down prematurely, but the remaining engines were able to compensate. The damage to the third stage engine was more severe, preventing it from restarting for trans-lunar injection. Mission controllers were able to use the Service Module engine to essentially repeat the flight profile of Apollo 4. Based on the good performance of Apollo 6 and identification of satisfactory fixes to the Apollo 6 problems, NASA declared the Saturn V ready to fly men, cancelling a third unmanned test.",what serious mishap was mentioned first?,fire
"The delay in the CSM caused by the fire enabled NASA to catch up on man-rating the LM and Saturn V. Apollo 4 (AS-501) was the first unmanned flight of the Saturn V, carrying a Block I CSM on November 9, 1967. The capability of the Command Module's heat shield to survive a trans-lunar reentry was demonstrated by using the Service Module engine to ram it into the atmosphere at higher than the usual Earth-orbital reentry speed. This was followed on April 4, 1968, by Apollo 6 (AS-502) which carried a CSM and a LM Test Article as ballast. The intent of this mission was to achieve trans-lunar injection, followed closely by a simulated direct-return abort, using the Service Module engine to achieve another high-speed reentry. The Saturn V experienced pogo oscillation, a problem caused by non-steady engine combustion, which damaged fuel lines in the second and third stages. Two S-II engines shut down prematurely, but the remaining engines were able to compensate. The damage to the third stage engine was more severe, preventing it from restarting for trans-lunar injection. Mission controllers were able to use the Service Module engine to essentially repeat the flight profile of Apollo 4. Based on the good performance of Apollo 6 and identification of satisfactory fixes to the Apollo 6 problems, NASA declared the Saturn V ready to fly men, cancelling a third unmanned test.",what organization was mentioned last?,NASA
"The delay in the CSM caused by the fire enabled NASA to catch up on man-rating the LM and Saturn V. Apollo 4 (AS-501) was the first unmanned flight of the Saturn V, carrying a Block I CSM on November 9, 1967. The capability of the Command Module's heat shield to survive a trans-lunar reentry was demonstrated by using the Service Module engine to ram it into the atmosphere at higher than the usual Earth-orbital reentry speed. This was followed on April 4, 1968, by Apollo 6 (AS-502) which carried a CSM and a LM Test Article as ballast. The intent of this mission was to achieve trans-lunar injection, followed closely by a simulated direct-return abort, using the Service Module engine to achieve another high-speed reentry. The Saturn V experienced pogo oscillation, a problem caused by non-steady engine combustion, which damaged fuel lines in the second and third stages. Two S-II engines shut down prematurely, but the remaining engines were able to compensate. The damage to the third stage engine was more severe, preventing it from restarting for trans-lunar injection. Mission controllers were able to use the Service Module engine to essentially repeat the flight profile of Apollo 4. Based on the good performance of Apollo 6 and identification of satisfactory fixes to the Apollo 6 problems, NASA declared the Saturn V ready to fly men, cancelling a third unmanned test.",what was the second spacecraft component mentioned?,LM
"Seamans' establishment of an ad-hoc committee headed by his special technical assistant Nicholas E. Golovin in July 1961, to recommend a launch vehicle to be used in the Apollo program, represented a turning point in NASA's mission mode decision. This committee recognized that the chosen mode was an important part of the launch vehicle choice, and recommended in favor of a hybrid EOR-LOR mode. Its consideration of LOR —as well as Houbolt's ceaseless work— played an important role in publicizing the workability of the approach. In late 1961 and early 1962, members of the Manned Spacecraft Center began to come around to support LOR, including the newly hired deputy director of the Office of Manned Space Flight, Joseph Shea, who became a champion of LOR. The engineers at Marshall Space Flight Center (MSFC) took longer to become convinced of its merits, but their conversion was announced by Wernher von Braun at a briefing in June 1962.",What did Golovin lead?,ad-hoc committee
"Seamans' establishment of an ad-hoc committee headed by his special technical assistant Nicholas E. Golovin in July 1961, to recommend a launch vehicle to be used in the Apollo program, represented a turning point in NASA's mission mode decision. This committee recognized that the chosen mode was an important part of the launch vehicle choice, and recommended in favor of a hybrid EOR-LOR mode. Its consideration of LOR —as well as Houbolt's ceaseless work— played an important role in publicizing the workability of the approach. In late 1961 and early 1962, members of the Manned Spacecraft Center began to come around to support LOR, including the newly hired deputy director of the Office of Manned Space Flight, Joseph Shea, who became a champion of LOR. The engineers at Marshall Space Flight Center (MSFC) took longer to become convinced of its merits, but their conversion was announced by Wernher von Braun at a briefing in June 1962.",Who created the ad-hoc committee?,Seamans
"Seamans' establishment of an ad-hoc committee headed by his special technical assistant Nicholas E. Golovin in July 1961, to recommend a launch vehicle to be used in the Apollo program, represented a turning point in NASA's mission mode decision. This committee recognized that the chosen mode was an important part of the launch vehicle choice, and recommended in favor of a hybrid EOR-LOR mode. Its consideration of LOR —as well as Houbolt's ceaseless work— played an important role in publicizing the workability of the approach. In late 1961 and early 1962, members of the Manned Spacecraft Center began to come around to support LOR, including the newly hired deputy director of the Office of Manned Space Flight, Joseph Shea, who became a champion of LOR. The engineers at Marshall Space Flight Center (MSFC) took longer to become convinced of its merits, but their conversion was announced by Wernher von Braun at a briefing in June 1962.",What was the turning point in NASA's mission mode decision?,Seamans' establishment of an ad-hoc committee
"Seamans' establishment of an ad-hoc committee headed by his special technical assistant Nicholas E. Golovin in July 1961, to recommend a launch vehicle to be used in the Apollo program, represented a turning point in NASA's mission mode decision. This committee recognized that the chosen mode was an important part of the launch vehicle choice, and recommended in favor of a hybrid EOR-LOR mode. Its consideration of LOR —as well as Houbolt's ceaseless work— played an important role in publicizing the workability of the approach. In late 1961 and early 1962, members of the Manned Spacecraft Center began to come around to support LOR, including the newly hired deputy director of the Office of Manned Space Flight, Joseph Shea, who became a champion of LOR. The engineers at Marshall Space Flight Center (MSFC) took longer to become convinced of its merits, but their conversion was announced by Wernher von Braun at a briefing in June 1962.",Who was the last group to approve of the EOR-LOR mode?,The engineers at Marshall Space Flight Center
"In early 1961, direct ascent was generally the mission mode in favor at NASA. Many engineers feared that a rendezvous —let alone a docking— neither of which had been attempted even in Earth orbit, would be extremely difficult in lunar orbit. Dissenters including John Houbolt at Langley Research Center emphasized the important weight reductions that were offered by the LOR approach. Throughout 1960 and 1961, Houbolt campaigned for the recognition of LOR as a viable and practical option. Bypassing the NASA hierarchy, he sent a series of memos and reports on the issue to Associate Administrator Robert Seamans; while acknowledging that he spoke ""somewhat as a voice in the wilderness,"" Houbolt pleaded that LOR should not be discounted in studies of the question.",What was not taken seriously?,LOR
"In early 1961, direct ascent was generally the mission mode in favor at NASA. Many engineers feared that a rendezvous —let alone a docking— neither of which had been attempted even in Earth orbit, would be extremely difficult in lunar orbit. Dissenters including John Houbolt at Langley Research Center emphasized the important weight reductions that were offered by the LOR approach. Throughout 1960 and 1961, Houbolt campaigned for the recognition of LOR as a viable and practical option. Bypassing the NASA hierarchy, he sent a series of memos and reports on the issue to Associate Administrator Robert Seamans; while acknowledging that he spoke ""somewhat as a voice in the wilderness,"" Houbolt pleaded that LOR should not be discounted in studies of the question.",Who was not convinced?,NASA
"Deke Slayton, the grounded Mercury astronaut who became Director of Flight Crew Operations for the Gemini and Apollo programs, selected the first Apollo crew in January 1966, with Grissom as Command Pilot, White as Senior Pilot, and rookie Donn F. Eisele as Pilot. But Eisele dislocated his shoulder twice aboard the KC135 weightlessness training aircraft, and had to undergo surgery on January 27. Slayton replaced him with Chaffee. NASA announced the final crew selection for AS-204 on March 21, 1966, with the backup crew consisting of Gemini veterans James McDivitt and David Scott, with rookie Russell L. ""Rusty"" Schweickart. Mercury/Gemini veteran Wally Schirra, Eisele, and rookie Walter Cunningham were announced on September 29 as the prime crew for AS-205.",Who took the rookie pilot's place?,Chaffee
"Deke Slayton, the grounded Mercury astronaut who became Director of Flight Crew Operations for the Gemini and Apollo programs, selected the first Apollo crew in January 1966, with Grissom as Command Pilot, White as Senior Pilot, and rookie Donn F. Eisele as Pilot. But Eisele dislocated his shoulder twice aboard the KC135 weightlessness training aircraft, and had to undergo surgery on January 27. Slayton replaced him with Chaffee. NASA announced the final crew selection for AS-204 on March 21, 1966, with the backup crew consisting of Gemini veterans James McDivitt and David Scott, with rookie Russell L. ""Rusty"" Schweickart. Mercury/Gemini veteran Wally Schirra, Eisele, and rookie Walter Cunningham were announced on September 29 as the prime crew for AS-205.",Who was second in command chosen by Slayton?,White
"Deke Slayton, the grounded Mercury astronaut who became Director of Flight Crew Operations for the Gemini and Apollo programs, selected the first Apollo crew in January 1966, with Grissom as Command Pilot, White as Senior Pilot, and rookie Donn F. Eisele as Pilot. But Eisele dislocated his shoulder twice aboard the KC135 weightlessness training aircraft, and had to undergo surgery on January 27. Slayton replaced him with Chaffee. NASA announced the final crew selection for AS-204 on March 21, 1966, with the backup crew consisting of Gemini veterans James McDivitt and David Scott, with rookie Russell L. ""Rusty"" Schweickart. Mercury/Gemini veteran Wally Schirra, Eisele, and rookie Walter Cunningham were announced on September 29 as the prime crew for AS-205.",Who was in control of Apollo aircraft operations in space?,Grissom
"Deke Slayton, the grounded Mercury astronaut who became Director of Flight Crew Operations for the Gemini and Apollo programs, selected the first Apollo crew in January 1966, with Grissom as Command Pilot, White as Senior Pilot, and rookie Donn F. Eisele as Pilot. But Eisele dislocated his shoulder twice aboard the KC135 weightlessness training aircraft, and had to undergo surgery on January 27. Slayton replaced him with Chaffee. NASA announced the final crew selection for AS-204 on March 21, 1966, with the backup crew consisting of Gemini veterans James McDivitt and David Scott, with rookie Russell L. ""Rusty"" Schweickart. Mercury/Gemini veteran Wally Schirra, Eisele, and rookie Walter Cunningham were announced on September 29 as the prime crew for AS-205.",Who was initally chosen for both the initial Apollo crew and the prime crew?,Eisele
"Deke Slayton, the grounded Mercury astronaut who became Director of Flight Crew Operations for the Gemini and Apollo programs, selected the first Apollo crew in January 1966, with Grissom as Command Pilot, White as Senior Pilot, and rookie Donn F. Eisele as Pilot. But Eisele dislocated his shoulder twice aboard the KC135 weightlessness training aircraft, and had to undergo surgery on January 27. Slayton replaced him with Chaffee. NASA announced the final crew selection for AS-204 on March 21, 1966, with the backup crew consisting of Gemini veterans James McDivitt and David Scott, with rookie Russell L. ""Rusty"" Schweickart. Mercury/Gemini veteran Wally Schirra, Eisele, and rookie Walter Cunningham were announced on September 29 as the prime crew for AS-205.",What is a key training element of the KC135?,weightlessness
"Looking beyond the manned lunar landings, NASA investigated several post-lunar applications for Apollo hardware. The Apollo Extension Series (Apollo X,) proposed up to 30 flights to Earth orbit, using the space in the Spacecraft Lunar Module Adapter (SLA) to house a small orbital laboratory (workshop). Astronauts would continue to use the CSM as a ferry to the station. This study was followed by design of a larger orbital workshop to be built in orbit from an empty S-IVB Saturn upper stage, and grew into the Apollo Applications Program (AAP). The workshop was to be supplemented by Apollo Telescope Missions, which would replace the LM's descent stage equipment and engine with a solar telescope observatory. The most ambitious plan called for using an empty S-IVB as an interplanetary spacecraft for a Venus fly-by mission.",What spacecraft would be used to go by Venus?,S-IVB
"Looking beyond the manned lunar landings, NASA investigated several post-lunar applications for Apollo hardware. The Apollo Extension Series (Apollo X,) proposed up to 30 flights to Earth orbit, using the space in the Spacecraft Lunar Module Adapter (SLA) to house a small orbital laboratory (workshop). Astronauts would continue to use the CSM as a ferry to the station. This study was followed by design of a larger orbital workshop to be built in orbit from an empty S-IVB Saturn upper stage, and grew into the Apollo Applications Program (AAP). The workshop was to be supplemented by Apollo Telescope Missions, which would replace the LM's descent stage equipment and engine with a solar telescope observatory. The most ambitious plan called for using an empty S-IVB as an interplanetary spacecraft for a Venus fly-by mission.",How did the Apollo Telescop missions help the AAP?,replace the LM's descent stage equipment and engine with a solar telescope observatory
"Looking beyond the manned lunar landings, NASA investigated several post-lunar applications for Apollo hardware. The Apollo Extension Series (Apollo X,) proposed up to 30 flights to Earth orbit, using the space in the Spacecraft Lunar Module Adapter (SLA) to house a small orbital laboratory (workshop). Astronauts would continue to use the CSM as a ferry to the station. This study was followed by design of a larger orbital workshop to be built in orbit from an empty S-IVB Saturn upper stage, and grew into the Apollo Applications Program (AAP). The workshop was to be supplemented by Apollo Telescope Missions, which would replace the LM's descent stage equipment and engine with a solar telescope observatory. The most ambitious plan called for using an empty S-IVB as an interplanetary spacecraft for a Venus fly-by mission.",What would Apollo X do with 30 flights?,using the space in the Spacecraft Lunar Module Adapter (SLA) to house a small orbital laboratory (workshop
"Looking beyond the manned lunar landings, NASA investigated several post-lunar applications for Apollo hardware. The Apollo Extension Series (Apollo X,) proposed up to 30 flights to Earth orbit, using the space in the Spacecraft Lunar Module Adapter (SLA) to house a small orbital laboratory (workshop). Astronauts would continue to use the CSM as a ferry to the station. This study was followed by design of a larger orbital workshop to be built in orbit from an empty S-IVB Saturn upper stage, and grew into the Apollo Applications Program (AAP). The workshop was to be supplemented by Apollo Telescope Missions, which would replace the LM's descent stage equipment and engine with a solar telescope observatory. The most ambitious plan called for using an empty S-IVB as an interplanetary spacecraft for a Venus fly-by mission.",What program helps the Apollo Applications Program?,Apollo Telescope Missions
"The three-stage Saturn V was designed to send a fully fueled CSM and LM to the Moon. It was 33 feet (10.1 m) in diameter and stood 363 feet (110.6 m) tall with its 96,800-pound (43,900 kg) lunar payload. Its capability grew to 103,600 pounds (47,000 kg) for the later advanced lunar landings. The S-IC first stage burned RP-1/LOX for a rated thrust of 7,500,000 pounds-force (33,400 kN), which was upgraded to 7,610,000 pounds-force (33,900 kN). The second and third stages burned liquid hydrogen, and the third stage was a modified version of the S-IVB, with thrust increased to 230,000 lbf (1,020 kN) and capability to restart the engine for translunar injection after reaching a parking orbit.",What was the height of Saturn V in meters?,110.6
"The three-stage Saturn V was designed to send a fully fueled CSM and LM to the Moon. It was 33 feet (10.1 m) in diameter and stood 363 feet (110.6 m) tall with its 96,800-pound (43,900 kg) lunar payload. Its capability grew to 103,600 pounds (47,000 kg) for the later advanced lunar landings. The S-IC first stage burned RP-1/LOX for a rated thrust of 7,500,000 pounds-force (33,400 kN), which was upgraded to 7,610,000 pounds-force (33,900 kN). The second and third stages burned liquid hydrogen, and the third stage was a modified version of the S-IVB, with thrust increased to 230,000 lbf (1,020 kN) and capability to restart the engine for translunar injection after reaching a parking orbit.",What was 33 feet in diameter?,Saturn V
"The three-stage Saturn V was designed to send a fully fueled CSM and LM to the Moon. It was 33 feet (10.1 m) in diameter and stood 363 feet (110.6 m) tall with its 96,800-pound (43,900 kg) lunar payload. Its capability grew to 103,600 pounds (47,000 kg) for the later advanced lunar landings. The S-IC first stage burned RP-1/LOX for a rated thrust of 7,500,000 pounds-force (33,400 kN), which was upgraded to 7,610,000 pounds-force (33,900 kN). The second and third stages burned liquid hydrogen, and the third stage was a modified version of the S-IVB, with thrust increased to 230,000 lbf (1,020 kN) and capability to restart the engine for translunar injection after reaching a parking orbit.",What stood 363 feet tall?,Saturn V
"The three-stage Saturn V was designed to send a fully fueled CSM and LM to the Moon. It was 33 feet (10.1 m) in diameter and stood 363 feet (110.6 m) tall with its 96,800-pound (43,900 kg) lunar payload. Its capability grew to 103,600 pounds (47,000 kg) for the later advanced lunar landings. The S-IC first stage burned RP-1/LOX for a rated thrust of 7,500,000 pounds-force (33,400 kN), which was upgraded to 7,610,000 pounds-force (33,900 kN). The second and third stages burned liquid hydrogen, and the third stage was a modified version of the S-IVB, with thrust increased to 230,000 lbf (1,020 kN) and capability to restart the engine for translunar injection after reaching a parking orbit.",What was the weight of Saturn V's payload in pounds at first?,"96,800"
"The Apollo program was conceived during the Eisenhower administration in early 1960, as a follow-up to Project Mercury. While the Mercury capsule could only support one astronaut on a limited Earth orbital mission, Apollo would carry three astronauts. Possible missions included ferrying crews to a space station, circumlunar flights, and eventual manned lunar landings. The program was named after the Greek god of light, music, and the sun by NASA manager Abe Silverstein, who later said that ""I was naming the spacecraft like I'd name my baby."" Silverstein chose the name at home one evening, early in 1960, because he felt ""Apollo riding his chariot across the Sun was appropriate to the grand scale of the proposed program.""",What had a larger capacity?,Apollo
"The Apollo program was conceived during the Eisenhower administration in early 1960, as a follow-up to Project Mercury. While the Mercury capsule could only support one astronaut on a limited Earth orbital mission, Apollo would carry three astronauts. Possible missions included ferrying crews to a space station, circumlunar flights, and eventual manned lunar landings. The program was named after the Greek god of light, music, and the sun by NASA manager Abe Silverstein, who later said that ""I was naming the spacecraft like I'd name my baby."" Silverstein chose the name at home one evening, early in 1960, because he felt ""Apollo riding his chariot across the Sun was appropriate to the grand scale of the proposed program.""",What was the shuttle compared to?,baby
"The Apollo program was conceived during the Eisenhower administration in early 1960, as a follow-up to Project Mercury. While the Mercury capsule could only support one astronaut on a limited Earth orbital mission, Apollo would carry three astronauts. Possible missions included ferrying crews to a space station, circumlunar flights, and eventual manned lunar landings. The program was named after the Greek god of light, music, and the sun by NASA manager Abe Silverstein, who later said that ""I was naming the spacecraft like I'd name my baby."" Silverstein chose the name at home one evening, early in 1960, because he felt ""Apollo riding his chariot across the Sun was appropriate to the grand scale of the proposed program.""",What greek god was influenced?,Apollo
"Two Block I CSMs were launched from LC-34 on suborbital flights in 1966 with the Saturn IB. The first, AS-201 launched on February 26, reached an altitude of 265.7 nautical miles (492.1 km) and splashed down 4,577 nautical miles (8,477 km) downrange in the Atlantic ocean. The second, AS-202 on August 25, reached 617.1 nautical miles (1,142.9 km) altitude and was recovered 13,900 nautical miles (25,700 km) downrange in the Pacific ocean. These flights validated the Service Module engine and the Command Module heat shield.",Which of the two I CSMs reached the highest altitude?,"The second, AS-202"
"Two Block I CSMs were launched from LC-34 on suborbital flights in 1966 with the Saturn IB. The first, AS-201 launched on February 26, reached an altitude of 265.7 nautical miles (492.1 km) and splashed down 4,577 nautical miles (8,477 km) downrange in the Atlantic ocean. The second, AS-202 on August 25, reached 617.1 nautical miles (1,142.9 km) altitude and was recovered 13,900 nautical miles (25,700 km) downrange in the Pacific ocean. These flights validated the Service Module engine and the Command Module heat shield.",Which I CSM had more spanned nautical miles when launched?,AS-202
"Two Block I CSMs were launched from LC-34 on suborbital flights in 1966 with the Saturn IB. The first, AS-201 launched on February 26, reached an altitude of 265.7 nautical miles (492.1 km) and splashed down 4,577 nautical miles (8,477 km) downrange in the Atlantic ocean. The second, AS-202 on August 25, reached 617.1 nautical miles (1,142.9 km) altitude and was recovered 13,900 nautical miles (25,700 km) downrange in the Pacific ocean. These flights validated the Service Module engine and the Command Module heat shield.",Which site was used to send the two Block I CSMs on their flights?,LC-34
"Two Block I CSMs were launched from LC-34 on suborbital flights in 1966 with the Saturn IB. The first, AS-201 launched on February 26, reached an altitude of 265.7 nautical miles (492.1 km) and splashed down 4,577 nautical miles (8,477 km) downrange in the Atlantic ocean. The second, AS-202 on August 25, reached 617.1 nautical miles (1,142.9 km) altitude and was recovered 13,900 nautical miles (25,700 km) downrange in the Pacific ocean. These flights validated the Service Module engine and the Command Module heat shield.",Which of the two Block I CSMs took flight to start off the experiment?,AS-201
"It also became clear that Apollo would outgrow the Canaveral launch facilities in Florida. The two newest launch complexes were already being built for the Saturn I and IB rockets at the northernmost end: LC-34 and LC-37. But an even bigger facility would be needed for the mammoth rocket required for the manned lunar mission, so land acquisition was started in July 1961 for a Launch Operations Center (LOC) immediately north of Canaveral at Merritt Island. The design, development and construction of the center was conducted by Kurt H. Debus, a member of Dr. Wernher von Braun's original V-2 rocket engineering team. Debus was named the LOC's first Director. Construction began in November 1962. Upon Kennedy's death, President Johnson issued an executive order on November 29, 1963, to rename the LOC and Cape Canaveral in honor of Kennedy.",Where doesn't Apollo fit?,Canaveral launch facilities in Florida
"It also became clear that Apollo would outgrow the Canaveral launch facilities in Florida. The two newest launch complexes were already being built for the Saturn I and IB rockets at the northernmost end: LC-34 and LC-37. But an even bigger facility would be needed for the mammoth rocket required for the manned lunar mission, so land acquisition was started in July 1961 for a Launch Operations Center (LOC) immediately north of Canaveral at Merritt Island. The design, development and construction of the center was conducted by Kurt H. Debus, a member of Dr. Wernher von Braun's original V-2 rocket engineering team. Debus was named the LOC's first Director. Construction began in November 1962. Upon Kennedy's death, President Johnson issued an executive order on November 29, 1963, to rename the LOC and Cape Canaveral in honor of Kennedy.",What was the place north of Canaveral at Merritt Island eventually called?,Kennedy
"Before the Apollo program began, Wernher von Braun and his team of rocket engineers had started work on plans for very large launch vehicles, the Saturn series, and the even larger Nova series. In the midst of these plans, von Braun was transferred from the Army to NASA, and made Director of the Marshall Space Flight Center. The initial direct ascent plan to send the three-man Apollo Command/Service Module directly to the lunar surface, on top of a large descent rocket stage, would require a Nova-class launcher, with a lunar payload capability of over 180,000 pounds (82,000 kg). The June 11, 1962, decision to use lunar orbit rendezvous enabled the Saturn V to replace the Nova, and the MSFC proceeded to develop the Saturn rocket family for Apollo.",What government agency did Wernher von Braun work for before being named director of the Marshall Space Flight Center,the Army
"Before the Apollo program began, Wernher von Braun and his team of rocket engineers had started work on plans for very large launch vehicles, the Saturn series, and the even larger Nova series. In the midst of these plans, von Braun was transferred from the Army to NASA, and made Director of the Marshall Space Flight Center. The initial direct ascent plan to send the three-man Apollo Command/Service Module directly to the lunar surface, on top of a large descent rocket stage, would require a Nova-class launcher, with a lunar payload capability of over 180,000 pounds (82,000 kg). The June 11, 1962, decision to use lunar orbit rendezvous enabled the Saturn V to replace the Nova, and the MSFC proceeded to develop the Saturn rocket family for Apollo.",Original plans to land men on the moon planned for what launch vehicle,a Nova-class launcher
"Before the Apollo program began, Wernher von Braun and his team of rocket engineers had started work on plans for very large launch vehicles, the Saturn series, and the even larger Nova series. In the midst of these plans, von Braun was transferred from the Army to NASA, and made Director of the Marshall Space Flight Center. The initial direct ascent plan to send the three-man Apollo Command/Service Module directly to the lunar surface, on top of a large descent rocket stage, would require a Nova-class launcher, with a lunar payload capability of over 180,000 pounds (82,000 kg). The June 11, 1962, decision to use lunar orbit rendezvous enabled the Saturn V to replace the Nova, and the MSFC proceeded to develop the Saturn rocket family for Apollo.",The use of the Nova launcher was proposed because of what apprach plan,direct ascent plan
"Before the Apollo program began, Wernher von Braun and his team of rocket engineers had started work on plans for very large launch vehicles, the Saturn series, and the even larger Nova series. In the midst of these plans, von Braun was transferred from the Army to NASA, and made Director of the Marshall Space Flight Center. The initial direct ascent plan to send the three-man Apollo Command/Service Module directly to the lunar surface, on top of a large descent rocket stage, would require a Nova-class launcher, with a lunar payload capability of over 180,000 pounds (82,000 kg). The June 11, 1962, decision to use lunar orbit rendezvous enabled the Saturn V to replace the Nova, and the MSFC proceeded to develop the Saturn rocket family for Apollo.",Why did NASA switch to its proposal to use a Saturn launch vehicle,"The June 11, 1962, decision to use lunar orbit rendezvous"
"Before the Apollo program began, Wernher von Braun and his team of rocket engineers had started work on plans for very large launch vehicles, the Saturn series, and the even larger Nova series. In the midst of these plans, von Braun was transferred from the Army to NASA, and made Director of the Marshall Space Flight Center. The initial direct ascent plan to send the three-man Apollo Command/Service Module directly to the lunar surface, on top of a large descent rocket stage, would require a Nova-class launcher, with a lunar payload capability of over 180,000 pounds (82,000 kg). The June 11, 1962, decision to use lunar orbit rendezvous enabled the Saturn V to replace the Nova, and the MSFC proceeded to develop the Saturn rocket family for Apollo.",What was NASA's direct ascent plan,to send the three-man Apollo Command/Service Module directly to the lunar surface
"Wiesner kept up the pressure, even making the disagreement public during a two-day September visit by the President to Marshall Space Flight Center. Wiesner blurted out ""No, that's no good"" in front of the press, during a presentation by von Braun. Webb jumped in and defended von Braun, until Kennedy ended the squabble by stating that the matter was ""still subject to final review"". Webb held firm, and issued a request for proposal to candidate Lunar Excursion Module (LEM) contractors. Wiesner finally relented, unwilling to settle the dispute once and for all in Kennedy's office, because of the President's involvement with the October Cuban missile crisis, and fear of Kennedy's support for Webb. NASA announced the selection of Grumman as the LEM contractor in November 1962.",Who was John F Kennedy?,the President
"Wiesner kept up the pressure, even making the disagreement public during a two-day September visit by the President to Marshall Space Flight Center. Wiesner blurted out ""No, that's no good"" in front of the press, during a presentation by von Braun. Webb jumped in and defended von Braun, until Kennedy ended the squabble by stating that the matter was ""still subject to final review"". Webb held firm, and issued a request for proposal to candidate Lunar Excursion Module (LEM) contractors. Wiesner finally relented, unwilling to settle the dispute once and for all in Kennedy's office, because of the President's involvement with the October Cuban missile crisis, and fear of Kennedy's support for Webb. NASA announced the selection of Grumman as the LEM contractor in November 1962.",Who was the contractor of the Lunar Excursion Module?,Grumman
"Wiesner kept up the pressure, even making the disagreement public during a two-day September visit by the President to Marshall Space Flight Center. Wiesner blurted out ""No, that's no good"" in front of the press, during a presentation by von Braun. Webb jumped in and defended von Braun, until Kennedy ended the squabble by stating that the matter was ""still subject to final review"". Webb held firm, and issued a request for proposal to candidate Lunar Excursion Module (LEM) contractors. Wiesner finally relented, unwilling to settle the dispute once and for all in Kennedy's office, because of the President's involvement with the October Cuban missile crisis, and fear of Kennedy's support for Webb. NASA announced the selection of Grumman as the LEM contractor in November 1962.",Who was Grumman contracted by?,NASA
"Wiesner kept up the pressure, even making the disagreement public during a two-day September visit by the President to Marshall Space Flight Center. Wiesner blurted out ""No, that's no good"" in front of the press, during a presentation by von Braun. Webb jumped in and defended von Braun, until Kennedy ended the squabble by stating that the matter was ""still subject to final review"". Webb held firm, and issued a request for proposal to candidate Lunar Excursion Module (LEM) contractors. Wiesner finally relented, unwilling to settle the dispute once and for all in Kennedy's office, because of the President's involvement with the October Cuban missile crisis, and fear of Kennedy's support for Webb. NASA announced the selection of Grumman as the LEM contractor in November 1962.",Who did Wiesener make his disagreement public to?,the press
"It became clear that managing the Apollo program would exceed the capabilities of Robert R. Gilruth's Space Task Group, which had been directing the nation's manned space program from NASA's Langley Research Center. So Gilruth was given authority to grow his organization into a new NASA center, the Manned Spacecraft Center (MSC). A site was chosen in Houston, Texas, on land donated by Rice University, and Administrator Webb announced the conversion on September 19, 1961. It was also clear NASA would soon outgrow its practice of controlling missions from its Cape Canaveral Air Force Station launch facilities in Florida, so a new Mission Control Center would be included in the MSC.",Who ran NASA at that time?,Gilruth
"It became clear that managing the Apollo program would exceed the capabilities of Robert R. Gilruth's Space Task Group, which had been directing the nation's manned space program from NASA's Langley Research Center. So Gilruth was given authority to grow his organization into a new NASA center, the Manned Spacecraft Center (MSC). A site was chosen in Houston, Texas, on land donated by Rice University, and Administrator Webb announced the conversion on September 19, 1961. It was also clear NASA would soon outgrow its practice of controlling missions from its Cape Canaveral Air Force Station launch facilities in Florida, so a new Mission Control Center would be included in the MSC.",How did they get the property in Texas?,donated by Rice University
"It became clear that managing the Apollo program would exceed the capabilities of Robert R. Gilruth's Space Task Group, which had been directing the nation's manned space program from NASA's Langley Research Center. So Gilruth was given authority to grow his organization into a new NASA center, the Manned Spacecraft Center (MSC). A site was chosen in Houston, Texas, on land donated by Rice University, and Administrator Webb announced the conversion on September 19, 1961. It was also clear NASA would soon outgrow its practice of controlling missions from its Cape Canaveral Air Force Station launch facilities in Florida, so a new Mission Control Center would be included in the MSC.",Where was the old base of Nasa?,Cape Canaveral Air Force Station
"North American Aviation won the contract to build the CSM, and also the second stage of the Saturn V launch vehicle for NASA. Because the CSM design was started early before the selection of lunar orbit rendezvous, the service propulsion engine was sized to lift the CSM off of the Moon, and thus was oversized to about twice the thrust required for translunar flight. Also, there was no provision for docking with the Lunar Module. A 1964 program definition study concluded that the initial design should be continued as Block I which would be used for early testing, while Block II, the actual lunar spacecraft, would incorporate the docking equipment and take advantage of the lessons learned in Block I development.",What version of the Saturn launch vehicle did the North American Aviation win the contract to build for NASA?,second stage of the Saturn V
"North American Aviation won the contract to build the CSM, and also the second stage of the Saturn V launch vehicle for NASA. Because the CSM design was started early before the selection of lunar orbit rendezvous, the service propulsion engine was sized to lift the CSM off of the Moon, and thus was oversized to about twice the thrust required for translunar flight. Also, there was no provision for docking with the Lunar Module. A 1964 program definition study concluded that the initial design should be continued as Block I which would be used for early testing, while Block II, the actual lunar spacecraft, would incorporate the docking equipment and take advantage of the lessons learned in Block I development.",This space program gave the North American Aviation the contract to build the CSM?,NASA
"North American Aviation won the contract to build the CSM, and also the second stage of the Saturn V launch vehicle for NASA. Because the CSM design was started early before the selection of lunar orbit rendezvous, the service propulsion engine was sized to lift the CSM off of the Moon, and thus was oversized to about twice the thrust required for translunar flight. Also, there was no provision for docking with the Lunar Module. A 1964 program definition study concluded that the initial design should be continued as Block I which would be used for early testing, while Block II, the actual lunar spacecraft, would incorporate the docking equipment and take advantage of the lessons learned in Block I development.",It was responsible for deciding that the improvements gained through study of Block I would be incorporated and used in Block II?,1964 program definition study
"The first four Saturn I test flights were launched from LC-34, with only live first stages, carrying dummy upper stages filled with water. The first flight with a live S-IV was launched from LC-37. This was followed by five launches of boilerplate CSMs (designated AS-101 through AS-105) into orbit in 1964 and 1965. The last three of these further supported the Apollo program by also carrying Pegasus satellites, which verified the safety of the translunar environment by measuring the frequency and severity of micrometeorite impacts.",Movement along a trajectory between the Earth and the moon by spacecraft is referred to as?,translunar
"The first four Saturn I test flights were launched from LC-34, with only live first stages, carrying dummy upper stages filled with water. The first flight with a live S-IV was launched from LC-37. This was followed by five launches of boilerplate CSMs (designated AS-101 through AS-105) into orbit in 1964 and 1965. The last three of these further supported the Apollo program by also carrying Pegasus satellites, which verified the safety of the translunar environment by measuring the frequency and severity of micrometeorite impacts.",One type of object that can pass throught the Earth's atmosphere without being significantly heated up is called?,micrometeorite
"The first four Saturn I test flights were launched from LC-34, with only live first stages, carrying dummy upper stages filled with water. The first flight with a live S-IV was launched from LC-37. This was followed by five launches of boilerplate CSMs (designated AS-101 through AS-105) into orbit in 1964 and 1965. The last three of these further supported the Apollo program by also carrying Pegasus satellites, which verified the safety of the translunar environment by measuring the frequency and severity of micrometeorite impacts.",Man made objects that orbits the moon that also collects information are referred to as a what?,satellites
"The first four Saturn I test flights were launched from LC-34, with only live first stages, carrying dummy upper stages filled with water. The first flight with a live S-IV was launched from LC-37. This was followed by five launches of boilerplate CSMs (designated AS-101 through AS-105) into orbit in 1964 and 1965. The last three of these further supported the Apollo program by also carrying Pegasus satellites, which verified the safety of the translunar environment by measuring the frequency and severity of micrometeorite impacts.","The Greek deity of light, and also associated with music and archery was called?",Apollo
"The first four Saturn I test flights were launched from LC-34, with only live first stages, carrying dummy upper stages filled with water. The first flight with a live S-IV was launched from LC-37. This was followed by five launches of boilerplate CSMs (designated AS-101 through AS-105) into orbit in 1964 and 1965. The last three of these further supported the Apollo program by also carrying Pegasus satellites, which verified the safety of the translunar environment by measuring the frequency and severity of micrometeorite impacts.",A winged horse that is associated with mythology and mythothical stories is called?,Pegasus
"The problems with North American were severe enough in late 1965 to cause Manned Space Flight Administrator George Mueller to appoint program director Samuel Phillips to head a ""tiger team"" to investigate North American's problems and identify corrections. Phillips documented his findings in a December 19 letter to NAA president Lee Atwood, with a strongly worded letter by Mueller, and also gave a presentation of the results to Mueller and Deputy Administrator Robert Seamans. Meanwhile, Grumman was also encountering problems with the Lunar Module, eliminating hopes it would be ready for manned flight in 1967, not long after the first manned CSM flights.",Whose idea was the tiger team?,Manned Space Flight Administrator George Mueller
"The problems with North American were severe enough in late 1965 to cause Manned Space Flight Administrator George Mueller to appoint program director Samuel Phillips to head a ""tiger team"" to investigate North American's problems and identify corrections. Phillips documented his findings in a December 19 letter to NAA president Lee Atwood, with a strongly worded letter by Mueller, and also gave a presentation of the results to Mueller and Deputy Administrator Robert Seamans. Meanwhile, Grumman was also encountering problems with the Lunar Module, eliminating hopes it would be ready for manned flight in 1967, not long after the first manned CSM flights.",What company had the problems discussed on December 19 in a letter?,North American
"The problems with North American were severe enough in late 1965 to cause Manned Space Flight Administrator George Mueller to appoint program director Samuel Phillips to head a ""tiger team"" to investigate North American's problems and identify corrections. Phillips documented his findings in a December 19 letter to NAA president Lee Atwood, with a strongly worded letter by Mueller, and also gave a presentation of the results to Mueller and Deputy Administrator Robert Seamans. Meanwhile, Grumman was also encountering problems with the Lunar Module, eliminating hopes it would be ready for manned flight in 1967, not long after the first manned CSM flights.",Who failed to get the Lunar module ready on time?,Grumman
"Maxime Faget's preliminary Apollo design employed a cone-shaped command module, supported by one of several service modules providing propulsion and electrical power, sized appropriately for the space station, cislunar, and lunar landing missions. Once Kennedy's Moon landing goal became official, detailed design began of a Command/Service Module (CSM) in which the crew would spend the entire direct-ascent mission and lift off from the lunar surface for the return trip, after being soft-landed by a larger landing propulsion module. The final choice of lunar orbit rendezvous changed the CSM's role to the translunar ferry used to transport the crew, along with a new spacecraft, the Lunar Excursion Module (LEM, later shortened to Lunar Module, LM) which would take two men to the lunar surface and return them to the CSM.",Where was Apollo headed to?,Moon
"Maxime Faget's preliminary Apollo design employed a cone-shaped command module, supported by one of several service modules providing propulsion and electrical power, sized appropriately for the space station, cislunar, and lunar landing missions. Once Kennedy's Moon landing goal became official, detailed design began of a Command/Service Module (CSM) in which the crew would spend the entire direct-ascent mission and lift off from the lunar surface for the return trip, after being soft-landed by a larger landing propulsion module. The final choice of lunar orbit rendezvous changed the CSM's role to the translunar ferry used to transport the crew, along with a new spacecraft, the Lunar Excursion Module (LEM, later shortened to Lunar Module, LM) which would take two men to the lunar surface and return them to the CSM.",Who's desire was it to make a lunar landing?,Kennedy
"The Saturn IB was an upgraded version of the Saturn I. The S-IB first stage increased the thrust to 1,600,000 pounds-force (7,120 kN), and the second stage replaced the S-IV with the S-IVB-200, powered by a single J-2 engine burning liquid hydrogen fuel with LOX, to produce 200,000 lbf (890 kN) of thrust. A restartable version of the S-IVB was used as the third stage of the Saturn V. The Saturn IB could send over 40,000 pounds (18,100 kg) into low Earth orbit, sufficient for a partially fueled CSM or the LM. Saturn IB launch vehicles and flights were designated with an AS-200 series number, ""AS"" indicating ""Apollo Saturn"" and the ""2"" indicating the second member of the Saturn rocket family.",What was improved to form the Saturn IB?,Saturn I
"The Saturn IB was an upgraded version of the Saturn I. The S-IB first stage increased the thrust to 1,600,000 pounds-force (7,120 kN), and the second stage replaced the S-IV with the S-IVB-200, powered by a single J-2 engine burning liquid hydrogen fuel with LOX, to produce 200,000 lbf (890 kN) of thrust. A restartable version of the S-IVB was used as the third stage of the Saturn V. The Saturn IB could send over 40,000 pounds (18,100 kg) into low Earth orbit, sufficient for a partially fueled CSM or the LM. Saturn IB launch vehicles and flights were designated with an AS-200 series number, ""AS"" indicating ""Apollo Saturn"" and the ""2"" indicating the second member of the Saturn rocket family.",What powered the engine?,liquid hydrogen fuel
"The Saturn IB was an upgraded version of the Saturn I. The S-IB first stage increased the thrust to 1,600,000 pounds-force (7,120 kN), and the second stage replaced the S-IV with the S-IVB-200, powered by a single J-2 engine burning liquid hydrogen fuel with LOX, to produce 200,000 lbf (890 kN) of thrust. A restartable version of the S-IVB was used as the third stage of the Saturn V. The Saturn IB could send over 40,000 pounds (18,100 kg) into low Earth orbit, sufficient for a partially fueled CSM or the LM. Saturn IB launch vehicles and flights were designated with an AS-200 series number, ""AS"" indicating ""Apollo Saturn"" and the ""2"" indicating the second member of the Saturn rocket family.",What was the third stage vehicle?,A restartable version of the S-IVB
"CBS broadcast Super Bowl 50 in the U.S., and charged an average of $5 million for a 30-second commercial during the game. The Super Bowl 50 halftime show was headlined by the British rock group Coldplay with special guest performers Beyoncé and Bruno Mars, who headlined the Super Bowl XLVII and Super Bowl XLVIII halftime shows, respectively. It was the third-most watched U.S. broadcast ever.",Who headlined at Super Bowl L?,Coldplay
"CBS broadcast Super Bowl 50 in the U.S., and charged an average of $5 million for a 30-second commercial during the game. The Super Bowl 50 halftime show was headlined by the British rock group Coldplay with special guest performers Beyoncé and Bruno Mars, who headlined the Super Bowl XLVII and Super Bowl XLVIII halftime shows, respectively. It was the third-most watched U.S. broadcast ever.",What station broadcasted the third most watched program in the USA?,CBS
"CBS broadcast Super Bowl 50 in the U.S., and charged an average of $5 million for a 30-second commercial during the game. The Super Bowl 50 halftime show was headlined by the British rock group Coldplay with special guest performers Beyoncé and Bruno Mars, who headlined the Super Bowl XLVII and Super Bowl XLVIII halftime shows, respectively. It was the third-most watched U.S. broadcast ever.",What could a car company expect to pay to run an ad during the Super Bowl?,$5 million
"CBS broadcast Super Bowl 50 in the U.S., and charged an average of $5 million for a 30-second commercial during the game. The Super Bowl 50 halftime show was headlined by the British rock group Coldplay with special guest performers Beyoncé and Bruno Mars, who headlined the Super Bowl XLVII and Super Bowl XLVIII halftime shows, respectively. It was the third-most watched U.S. broadcast ever.",When do headliner perform at the Super Bowl?,halftime
"The Broncos took an early lead in Super Bowl 50 and never trailed. Newton was limited by Denver's defense, which sacked him seven times and forced him into three turnovers, including a fumble which they recovered for a touchdown. Denver linebacker Von Miller was named Super Bowl MVP, recording five solo tackles, 2½ sacks, and two forced fumbles.",What city are the Broncos from?,Denver
"The Broncos took an early lead in Super Bowl 50 and never trailed. Newton was limited by Denver's defense, which sacked him seven times and forced him into three turnovers, including a fumble which they recovered for a touchdown. Denver linebacker Von Miller was named Super Bowl MVP, recording five solo tackles, 2½ sacks, and two forced fumbles.",Who was the player who fumbled leading to a Broncos' score?,Newton
"The Broncos took an early lead in Super Bowl 50 and never trailed. Newton was limited by Denver's defense, which sacked him seven times and forced him into three turnovers, including a fumble which they recovered for a touchdown. Denver linebacker Von Miller was named Super Bowl MVP, recording five solo tackles, 2½ sacks, and two forced fumbles.",Von Miller created multiple types of what turnover?,fumbles
"The Broncos took an early lead in Super Bowl 50 and never trailed. Newton was limited by Denver's defense, which sacked him seven times and forced him into three turnovers, including a fumble which they recovered for a touchdown. Denver linebacker Von Miller was named Super Bowl MVP, recording five solo tackles, 2½ sacks, and two forced fumbles.",How many times did Newton give the football to the other team?,three
"The Broncos took an early lead in Super Bowl 50 and never trailed. Newton was limited by Denver's defense, which sacked him seven times and forced him into three turnovers, including a fumble which they recovered for a touchdown. Denver linebacker Von Miller was named Super Bowl MVP, recording five solo tackles, 2½ sacks, and two forced fumbles.",What was the name of the football game described in this passage?,Super Bowl 50
"QuickBooks sponsored a ""Small Business Big Game"" contest, in which Death Wish Coffee had a 30-second commercial aired free of charge courtesy of QuickBooks. Death Wish Coffee beat out nine other contenders from across the United States for the free advertisement.",What kind of companies competed in the Game,Small Business
"QuickBooks sponsored a ""Small Business Big Game"" contest, in which Death Wish Coffee had a 30-second commercial aired free of charge courtesy of QuickBooks. Death Wish Coffee beat out nine other contenders from across the United States for the free advertisement.",How much did Death wish coffee spend on the ad,free
"QuickBooks sponsored a ""Small Business Big Game"" contest, in which Death Wish Coffee had a 30-second commercial aired free of charge courtesy of QuickBooks. Death Wish Coffee beat out nine other contenders from across the United States for the free advertisement.",What type of product company won the contest that was sponsored.,Coffee
"The Panthers offense, which led the NFL in scoring (500 points), was loaded with talent, boasting six Pro Bowl selections. Pro Bowl quarterback Cam Newton had one of his best seasons, throwing for 3,837 yards and rushing for 636, while recording a career-high and league-leading 45 total touchdowns (35 passing, 10 rushing), a career-low 10 interceptions, and a career-best quarterback rating of 99.4. Newton's leading receivers were tight end Greg Olsen, who caught a career-high 77 passes for 1,104 yards and seven touchdowns, and wide receiver Ted Ginn, Jr., who caught 44 passes for 739 yards and 10 touchdowns; Ginn also rushed for 60 yards and returned 27 punts for 277 yards. Other key receivers included veteran Jerricho Cotchery (39 receptions for 485 yards), rookie Devin Funchess (31 receptions for 473 yards and five touchdowns), and second-year receiver Corey Brown (31 receptions for 447 yards). The Panthers backfield featured Pro Bowl running back Jonathan Stewart, who led the team with 989 rushing yards and six touchdowns in 13 games, along with Pro Bowl fullback Mike Tolbert, who rushed for 256 yards and caught 18 passes for another 154 yards. Carolina's offensive line also featured two Pro Bowl selections: center Ryan Kalil and guard Trai Turner.",What side of the team does Cam Newton play for?,offense
"The Panthers offense, which led the NFL in scoring (500 points), was loaded with talent, boasting six Pro Bowl selections. Pro Bowl quarterback Cam Newton had one of his best seasons, throwing for 3,837 yards and rushing for 636, while recording a career-high and league-leading 45 total touchdowns (35 passing, 10 rushing), a career-low 10 interceptions, and a career-best quarterback rating of 99.4. Newton's leading receivers were tight end Greg Olsen, who caught a career-high 77 passes for 1,104 yards and seven touchdowns, and wide receiver Ted Ginn, Jr., who caught 44 passes for 739 yards and 10 touchdowns; Ginn also rushed for 60 yards and returned 27 punts for 277 yards. Other key receivers included veteran Jerricho Cotchery (39 receptions for 485 yards), rookie Devin Funchess (31 receptions for 473 yards and five touchdowns), and second-year receiver Corey Brown (31 receptions for 447 yards). The Panthers backfield featured Pro Bowl running back Jonathan Stewart, who led the team with 989 rushing yards and six touchdowns in 13 games, along with Pro Bowl fullback Mike Tolbert, who rushed for 256 yards and caught 18 passes for another 154 yards. Carolina's offensive line also featured two Pro Bowl selections: center Ryan Kalil and guard Trai Turner.",How many rushing touchdowns did Newton get?,10
"The Panthers offense, which led the NFL in scoring (500 points), was loaded with talent, boasting six Pro Bowl selections. Pro Bowl quarterback Cam Newton had one of his best seasons, throwing for 3,837 yards and rushing for 636, while recording a career-high and league-leading 45 total touchdowns (35 passing, 10 rushing), a career-low 10 interceptions, and a career-best quarterback rating of 99.4. Newton's leading receivers were tight end Greg Olsen, who caught a career-high 77 passes for 1,104 yards and seven touchdowns, and wide receiver Ted Ginn, Jr., who caught 44 passes for 739 yards and 10 touchdowns; Ginn also rushed for 60 yards and returned 27 punts for 277 yards. Other key receivers included veteran Jerricho Cotchery (39 receptions for 485 yards), rookie Devin Funchess (31 receptions for 473 yards and five touchdowns), and second-year receiver Corey Brown (31 receptions for 447 yards). The Panthers backfield featured Pro Bowl running back Jonathan Stewart, who led the team with 989 rushing yards and six touchdowns in 13 games, along with Pro Bowl fullback Mike Tolbert, who rushed for 256 yards and caught 18 passes for another 154 yards. Carolina's offensive line also featured two Pro Bowl selections: center Ryan Kalil and guard Trai Turner.",How many passing touchdowns did Cam Newton get?,35
"The Panthers offense, which led the NFL in scoring (500 points), was loaded with talent, boasting six Pro Bowl selections. Pro Bowl quarterback Cam Newton had one of his best seasons, throwing for 3,837 yards and rushing for 636, while recording a career-high and league-leading 45 total touchdowns (35 passing, 10 rushing), a career-low 10 interceptions, and a career-best quarterback rating of 99.4. Newton's leading receivers were tight end Greg Olsen, who caught a career-high 77 passes for 1,104 yards and seven touchdowns, and wide receiver Ted Ginn, Jr., who caught 44 passes for 739 yards and 10 touchdowns; Ginn also rushed for 60 yards and returned 27 punts for 277 yards. Other key receivers included veteran Jerricho Cotchery (39 receptions for 485 yards), rookie Devin Funchess (31 receptions for 473 yards and five touchdowns), and second-year receiver Corey Brown (31 receptions for 447 yards). The Panthers backfield featured Pro Bowl running back Jonathan Stewart, who led the team with 989 rushing yards and six touchdowns in 13 games, along with Pro Bowl fullback Mike Tolbert, who rushed for 256 yards and caught 18 passes for another 154 yards. Carolina's offensive line also featured two Pro Bowl selections: center Ryan Kalil and guard Trai Turner.",How much of Cam Newton's yardage was for passing?,"3,837 yards"
"The Panthers offense, which led the NFL in scoring (500 points), was loaded with talent, boasting six Pro Bowl selections. Pro Bowl quarterback Cam Newton had one of his best seasons, throwing for 3,837 yards and rushing for 636, while recording a career-high and league-leading 45 total touchdowns (35 passing, 10 rushing), a career-low 10 interceptions, and a career-best quarterback rating of 99.4. Newton's leading receivers were tight end Greg Olsen, who caught a career-high 77 passes for 1,104 yards and seven touchdowns, and wide receiver Ted Ginn, Jr., who caught 44 passes for 739 yards and 10 touchdowns; Ginn also rushed for 60 yards and returned 27 punts for 277 yards. Other key receivers included veteran Jerricho Cotchery (39 receptions for 485 yards), rookie Devin Funchess (31 receptions for 473 yards and five touchdowns), and second-year receiver Corey Brown (31 receptions for 447 yards). The Panthers backfield featured Pro Bowl running back Jonathan Stewart, who led the team with 989 rushing yards and six touchdowns in 13 games, along with Pro Bowl fullback Mike Tolbert, who rushed for 256 yards and caught 18 passes for another 154 yards. Carolina's offensive line also featured two Pro Bowl selections: center Ryan Kalil and guard Trai Turner.",How much of Cam Newtons yardage was for running?,636
"Peyton Manning became the first quarterback ever to lead two different teams to multiple Super Bowls. He is also the oldest quarterback ever to play in a Super Bowl at age 39. The past record was held by John Elway, who led the Broncos to victory in Super Bowl XXXIII at age 38 and is currently Denver's Executive Vice President of Football Operations and General Manager.","Who, at the time of the events in the article, was the second-oldest QB to play in the Super Bowl?",John Elway
"Peyton Manning became the first quarterback ever to lead two different teams to multiple Super Bowls. He is also the oldest quarterback ever to play in a Super Bowl at age 39. The past record was held by John Elway, who led the Broncos to victory in Super Bowl XXXIII at age 38 and is currently Denver's Executive Vice President of Football Operations and General Manager.","Who, based on the evidence given, is oldest: John Elway or Peyton Manning?",John Elway
"Peyton Manning became the first quarterback ever to lead two different teams to multiple Super Bowls. He is also the oldest quarterback ever to play in a Super Bowl at age 39. The past record was held by John Elway, who led the Broncos to victory in Super Bowl XXXIII at age 38 and is currently Denver's Executive Vice President of Football Operations and General Manager.","Who, based on the evidence given, began his professional football career first: John Elway or Peyton Manning?",John Elway
"Denver took the opening kickoff and started out strong with Peyton Manning completing an 18-yard pass to tight end Owen Daniels and a 22-yard throw to receiver Andre Caldwell. A pair of carries by C. J. Anderson moved the ball up 20 yards to the Panthers 14-yard line, but Carolina's defense dug in over the next three plays. First, linebacker Shaq Thompson tackled Ronnie Hillman for a 3-yard loss. Then after an incompletion, Thomas Davis tackled Anderson for a 1-yard gain on third down, forcing Denver to settle for a 3–0 lead on a Brandon McManus 34-yard field goal. The score marked the first time in the entire postseason that Carolina was facing a deficit.",What team did Ronnie Hillman play for?,Denver
"Denver took the opening kickoff and started out strong with Peyton Manning completing an 18-yard pass to tight end Owen Daniels and a 22-yard throw to receiver Andre Caldwell. A pair of carries by C. J. Anderson moved the ball up 20 yards to the Panthers 14-yard line, but Carolina's defense dug in over the next three plays. First, linebacker Shaq Thompson tackled Ronnie Hillman for a 3-yard loss. Then after an incompletion, Thomas Davis tackled Anderson for a 1-yard gain on third down, forcing Denver to settle for a 3–0 lead on a Brandon McManus 34-yard field goal. The score marked the first time in the entire postseason that Carolina was facing a deficit.",What team did Shaq Thompson play for?,Carolina
"Denver took the opening kickoff and started out strong with Peyton Manning completing an 18-yard pass to tight end Owen Daniels and a 22-yard throw to receiver Andre Caldwell. A pair of carries by C. J. Anderson moved the ball up 20 yards to the Panthers 14-yard line, but Carolina's defense dug in over the next three plays. First, linebacker Shaq Thompson tackled Ronnie Hillman for a 3-yard loss. Then after an incompletion, Thomas Davis tackled Anderson for a 1-yard gain on third down, forcing Denver to settle for a 3–0 lead on a Brandon McManus 34-yard field goal. The score marked the first time in the entire postseason that Carolina was facing a deficit.",What is Carolina's mascot?,Panthers
"In late November 2015, reports surfaced stating that ""multiple acts"" would perform during the halftime show. On December 3, the league confirmed that the show would be headlined by the British rock group Coldplay. On January 7, 2016, Pepsi confirmed to the Associated Press that Beyoncé, who headlined the Super Bowl XLVII halftime show and collaborated with Coldplay on the single ""Hymn for the Weekend"", would be making an appearance. Bruno Mars, who headlined the Super Bowl XLVIII halftime show, and Mark Ronson also performed.",Who was the second performer during the halftime show at Super Bowl 48?,Mark Ronson
"In late November 2015, reports surfaced stating that ""multiple acts"" would perform during the halftime show. On December 3, the league confirmed that the show would be headlined by the British rock group Coldplay. On January 7, 2016, Pepsi confirmed to the Associated Press that Beyoncé, who headlined the Super Bowl XLVII halftime show and collaborated with Coldplay on the single ""Hymn for the Weekend"", would be making an appearance. Bruno Mars, who headlined the Super Bowl XLVIII halftime show, and Mark Ronson also performed.",What company released a statement to the AP?,Pepsi
"In late November 2015, reports surfaced stating that ""multiple acts"" would perform during the halftime show. On December 3, the league confirmed that the show would be headlined by the British rock group Coldplay. On January 7, 2016, Pepsi confirmed to the Associated Press that Beyoncé, who headlined the Super Bowl XLVII halftime show and collaborated with Coldplay on the single ""Hymn for the Weekend"", would be making an appearance. Bruno Mars, who headlined the Super Bowl XLVIII halftime show, and Mark Ronson also performed.",Who wrote a song with Coldplay?,Beyoncé
"In late November 2015, reports surfaced stating that ""multiple acts"" would perform during the halftime show. On December 3, the league confirmed that the show would be headlined by the British rock group Coldplay. On January 7, 2016, Pepsi confirmed to the Associated Press that Beyoncé, who headlined the Super Bowl XLVII halftime show and collaborated with Coldplay on the single ""Hymn for the Weekend"", would be making an appearance. Bruno Mars, who headlined the Super Bowl XLVIII halftime show, and Mark Ronson also performed.",What were they all going to do?,perform during the halftime show
"In late November 2015, reports surfaced stating that ""multiple acts"" would perform during the halftime show. On December 3, the league confirmed that the show would be headlined by the British rock group Coldplay. On January 7, 2016, Pepsi confirmed to the Associated Press that Beyoncé, who headlined the Super Bowl XLVII halftime show and collaborated with Coldplay on the single ""Hymn for the Weekend"", would be making an appearance. Bruno Mars, who headlined the Super Bowl XLVIII halftime show, and Mark Ronson also performed.",How many performances where planned for the halftime show?,multiple acts
"Concerns were raised over whether Levi's Stadium's field was of a high enough quality to host a Super Bowl; during the inaugural season, the field had to be re-sodded multiple times due to various issues, and during a week 6 game earlier in the 2015 season, a portion of the turf collapsed under Baltimore Ravens kicker Justin Tucker, causing him to slip and miss a field goal, although the field has not had any major issues since. As is customary for Super Bowl games played at natural grass stadiums, the NFL re-sodded the field with a new playing surface; a hybrid Bermuda 419 turf. NFL and Atlanta Braves field director Ed Mangan stated that the field was in ""great shape"" for gameday. However, the turf showed problem throughout the game, with a number of players needing to change their cleats during the game and player slipping during plays all throughout the game.",Why did Justin Tucker miss a field goal?,a portion of the turf collapsed
"Concerns were raised over whether Levi's Stadium's field was of a high enough quality to host a Super Bowl; during the inaugural season, the field had to be re-sodded multiple times due to various issues, and during a week 6 game earlier in the 2015 season, a portion of the turf collapsed under Baltimore Ravens kicker Justin Tucker, causing him to slip and miss a field goal, although the field has not had any major issues since. As is customary for Super Bowl games played at natural grass stadiums, the NFL re-sodded the field with a new playing surface; a hybrid Bermuda 419 turf. NFL and Atlanta Braves field director Ed Mangan stated that the field was in ""great shape"" for gameday. However, the turf showed problem throughout the game, with a number of players needing to change their cleats during the game and player slipping during plays all throughout the game.",Which team is affliated with the person in charge of fixing the Levi's Stadium field for game day?,Atlanta Braves
"In honor of the 50th Super Bowl, the pregame ceremony featured the on-field introduction of 39 of the 43 previous Super Bowl Most Valuable Players. Bart Starr (MVP of Super Bowls I and II) and Chuck Howley (MVP of Super Bowl V) appeared via video, while Peyton Manning (MVP of Super Bowl XLI and current Broncos quarterback) was shown in the locker room preparing for the game. No plans were announced regarding the recognition of Harvey Martin, co-MVP of Super Bowl XII, who died in 2001.",Who was the MVP of the fifth Super Bowl?,Chuck Howley
"In honor of the 50th Super Bowl, the pregame ceremony featured the on-field introduction of 39 of the 43 previous Super Bowl Most Valuable Players. Bart Starr (MVP of Super Bowls I and II) and Chuck Howley (MVP of Super Bowl V) appeared via video, while Peyton Manning (MVP of Super Bowl XLI and current Broncos quarterback) was shown in the locker room preparing for the game. No plans were announced regarding the recognition of Harvey Martin, co-MVP of Super Bowl XII, who died in 2001.",Who was the MVP of Super Bowl 41?,Peyton Manning
"In honor of the 50th Super Bowl, the pregame ceremony featured the on-field introduction of 39 of the 43 previous Super Bowl Most Valuable Players. Bart Starr (MVP of Super Bowls I and II) and Chuck Howley (MVP of Super Bowl V) appeared via video, while Peyton Manning (MVP of Super Bowl XLI and current Broncos quarterback) was shown in the locker room preparing for the game. No plans were announced regarding the recognition of Harvey Martin, co-MVP of Super Bowl XII, who died in 2001.",Who in the article was MVP of Super Bowl 12?,Harvey Martin
"There would be no more scoring in the third quarter, but early in the fourth, the Broncos drove to the Panthers 41-yard line. On the next play, Ealy knocked the ball out of Manning's hand as he was winding up for a pass, and then recovered it for Carolina on the 50-yard line. A 16-yard reception by Devin Funchess and a 12-yard run by Stewart then set up Gano's 39-yard field goal, cutting the Panthers deficit to one score at 16–10. The next three drives of the game would end in punts.",Which player caused a fumble?,Ealy
"There would be no more scoring in the third quarter, but early in the fourth, the Broncos drove to the Panthers 41-yard line. On the next play, Ealy knocked the ball out of Manning's hand as he was winding up for a pass, and then recovered it for Carolina on the 50-yard line. A 16-yard reception by Devin Funchess and a 12-yard run by Stewart then set up Gano's 39-yard field goal, cutting the Panthers deficit to one score at 16–10. The next three drives of the game would end in punts.",Which player fumbled the ball?,Manning
"There would be no more scoring in the third quarter, but early in the fourth, the Broncos drove to the Panthers 41-yard line. On the next play, Ealy knocked the ball out of Manning's hand as he was winding up for a pass, and then recovered it for Carolina on the 50-yard line. A 16-yard reception by Devin Funchess and a 12-yard run by Stewart then set up Gano's 39-yard field goal, cutting the Panthers deficit to one score at 16–10. The next three drives of the game would end in punts.","Who gained more yards, Devin Funchess or Stewart?",Devin Funchess
"There would be no more scoring in the third quarter, but early in the fourth, the Broncos drove to the Panthers 41-yard line. On the next play, Ealy knocked the ball out of Manning's hand as he was winding up for a pass, and then recovered it for Carolina on the 50-yard line. A 16-yard reception by Devin Funchess and a 12-yard run by Stewart then set up Gano's 39-yard field goal, cutting the Panthers deficit to one score at 16–10. The next three drives of the game would end in punts.",What type of score did Gano have?,field goal
"There would be no more scoring in the third quarter, but early in the fourth, the Broncos drove to the Panthers 41-yard line. On the next play, Ealy knocked the ball out of Manning's hand as he was winding up for a pass, and then recovered it for Carolina on the 50-yard line. A 16-yard reception by Devin Funchess and a 12-yard run by Stewart then set up Gano's 39-yard field goal, cutting the Panthers deficit to one score at 16–10. The next three drives of the game would end in punts.",Which team had 16 points after Gano's field goal?,the Broncos
"The Super Bowl 50 Host Committee has vowed to be ""the most giving Super Bowl ever"", and will dedicate 25 percent of all money it raises for philanthropic causes in the Bay Area. The committee created the 50 fund as its philanthropic initiative and focuses on providing grants to aid with youth development, community investment and sustainable environments.",What sporting event is donating to the Bay area?,The Super Bowl
"The Super Bowl 50 Host Committee has vowed to be ""the most giving Super Bowl ever"", and will dedicate 25 percent of all money it raises for philanthropic causes in the Bay Area. The committee created the 50 fund as its philanthropic initiative and focuses on providing grants to aid with youth development, community investment and sustainable environments.",Where is the 50 fund getting its money?,The Super Bowl
"The Super Bowl 50 Host Committee has vowed to be ""the most giving Super Bowl ever"", and will dedicate 25 percent of all money it raises for philanthropic causes in the Bay Area. The committee created the 50 fund as its philanthropic initiative and focuses on providing grants to aid with youth development, community investment and sustainable environments.",How is the Super Bowl host committee collecting for the 50 fund?,25 percent of all money it raises
"The Super Bowl 50 Host Committee has vowed to be ""the most giving Super Bowl ever"", and will dedicate 25 percent of all money it raises for philanthropic causes in the Bay Area. The committee created the 50 fund as its philanthropic initiative and focuses on providing grants to aid with youth development, community investment and sustainable environments.",How will the Bay area be helped?,"grants to aid with youth development, community investment and sustainable environments"
"The game's media day, which was typically held on the Tuesday afternoon prior to the game, was moved to the Monday evening and re-branded as Super Bowl Opening Night. The event was held on February 1, 2016 at SAP Center in San Jose. Alongside the traditional media availabilities, the event featured an opening ceremony with player introductions on a replica of the Golden Gate Bridge.",When time during the day is media day?,afternoon
"The game's media day, which was typically held on the Tuesday afternoon prior to the game, was moved to the Monday evening and re-branded as Super Bowl Opening Night. The event was held on February 1, 2016 at SAP Center in San Jose. Alongside the traditional media availabilities, the event featured an opening ceremony with player introductions on a replica of the Golden Gate Bridge.",When was media day rescheduled?,Monday evening
"CBS set the base rate for a 30-second advertisement at $5,000,000, a record high price for a Super Bowl ad. As of January 26, the advertisements had not yet sold out. CBS mandated that all advertisers purchase a package covering time on both the television and digital broadcasts of the game, meaning that for the first time, digital streams of the game would carry all national advertising in pattern with the television broadcast. This would be the final year in a multi-year contract with Anheuser-Busch InBev that allowed the beer manufacturer to air multiple advertisements during the game at a steep discount. It was also the final year that Doritos, a longtime sponsor of the game, held its ""Crash the Super Bowl"" contest that allowed viewers to create their own Doritos ads for a chance to have it aired during the game. Nintendo and The Pokémon Company also made their Super Bowl debut, promoting the 20th anniversary of the Pokémon video game and media franchise.",Why might Anheuser Busch not advetise as much in next years superbowl?,This would be the final year in a multi-year contract with Anheuser-Busch InBev
"The flagship stations of each station in the markets of each team will carry their local play-by-play calls. In Denver, KOA (850 AM) and KRFX (103.5 FM) will carry the game, with Dave Logan on play-by-play and Ed McCaffrey on color commentary. In North Carolina, WBT (1110 AM) will carry the game, with Mick Mixon on play-by-play and Eugene Robinson and Jim Szoke on color commentary. WBT will also simulcast the game on its sister station WBT-FM (99.3 FM), which is based in Chester, South Carolina. As KOA and WBT are both clear-channel stations, the local broadcasts will be audible over much of the western United States after sunset (for Denver) and the eastern United States throughout the game (for Carolina). In accordance with contractual rules, the rest of the stations in the Broncos and Panthers radio networks will either carry the Westwood One feed or not carry the game at all.",who is broadcasting in Carolinas aside from WBT (1110 AM)?,WBT-FM (99.3 FM)
"The flagship stations of each station in the markets of each team will carry their local play-by-play calls. In Denver, KOA (850 AM) and KRFX (103.5 FM) will carry the game, with Dave Logan on play-by-play and Ed McCaffrey on color commentary. In North Carolina, WBT (1110 AM) will carry the game, with Mick Mixon on play-by-play and Eugene Robinson and Jim Szoke on color commentary. WBT will also simulcast the game on its sister station WBT-FM (99.3 FM), which is based in Chester, South Carolina. As KOA and WBT are both clear-channel stations, the local broadcasts will be audible over much of the western United States after sunset (for Denver) and the eastern United States throughout the game (for Carolina). In accordance with contractual rules, the rest of the stations in the Broncos and Panthers radio networks will either carry the Westwood One feed or not carry the game at all.",who is broadcasting the game in Denver?,KOA (850 AM) and KRFX (103.5 FM)
"The flagship stations of each station in the markets of each team will carry their local play-by-play calls. In Denver, KOA (850 AM) and KRFX (103.5 FM) will carry the game, with Dave Logan on play-by-play and Ed McCaffrey on color commentary. In North Carolina, WBT (1110 AM) will carry the game, with Mick Mixon on play-by-play and Eugene Robinson and Jim Szoke on color commentary. WBT will also simulcast the game on its sister station WBT-FM (99.3 FM), which is based in Chester, South Carolina. As KOA and WBT are both clear-channel stations, the local broadcasts will be audible over much of the western United States after sunset (for Denver) and the eastern United States throughout the game (for Carolina). In accordance with contractual rules, the rest of the stations in the Broncos and Panthers radio networks will either carry the Westwood One feed or not carry the game at all.",who owns WBT and KOA?,clear-channel
"The flagship stations of each station in the markets of each team will carry their local play-by-play calls. In Denver, KOA (850 AM) and KRFX (103.5 FM) will carry the game, with Dave Logan on play-by-play and Ed McCaffrey on color commentary. In North Carolina, WBT (1110 AM) will carry the game, with Mick Mixon on play-by-play and Eugene Robinson and Jim Szoke on color commentary. WBT will also simulcast the game on its sister station WBT-FM (99.3 FM), which is based in Chester, South Carolina. As KOA and WBT are both clear-channel stations, the local broadcasts will be audible over much of the western United States after sunset (for Denver) and the eastern United States throughout the game (for Carolina). In accordance with contractual rules, the rest of the stations in the Broncos and Panthers radio networks will either carry the Westwood One feed or not carry the game at all.",what company other than clear-channel broadcasts the games?,Westwood One
"Oxygen presents two spectrophotometric absorption bands peaking at the wavelengths 687 and 760 nm. Some remote sensing scientists have proposed using the measurement of the radiance coming from vegetation canopies in those bands to characterize plant health status from a satellite platform. This approach exploits the fact that in those bands it is possible to discriminate the vegetation's reflectance from its fluorescence, which is much weaker. The measurement is technically difficult owing to the low signal-to-noise ratio and the physical structure of vegetation; but it has been proposed as a possible method of monitoring the carbon cycle from satellites on a global scale.",What data could be gathered by measuring radiance t 687 and 760 nm from satellites?,plant health status
"Oxygen presents two spectrophotometric absorption bands peaking at the wavelengths 687 and 760 nm. Some remote sensing scientists have proposed using the measurement of the radiance coming from vegetation canopies in those bands to characterize plant health status from a satellite platform. This approach exploits the fact that in those bands it is possible to discriminate the vegetation's reflectance from its fluorescence, which is much weaker. The measurement is technically difficult owing to the low signal-to-noise ratio and the physical structure of vegetation; but it has been proposed as a possible method of monitoring the carbon cycle from satellites on a global scale.",How many different wavelengths in the spectrum does oxygen show peak absorption at?,two
"Oxygen presents two spectrophotometric absorption bands peaking at the wavelengths 687 and 760 nm. Some remote sensing scientists have proposed using the measurement of the radiance coming from vegetation canopies in those bands to characterize plant health status from a satellite platform. This approach exploits the fact that in those bands it is possible to discriminate the vegetation's reflectance from its fluorescence, which is much weaker. The measurement is technically difficult owing to the low signal-to-noise ratio and the physical structure of vegetation; but it has been proposed as a possible method of monitoring the carbon cycle from satellites on a global scale.",What is the area of expertise of scientists who want to measure radiance from vegetation canopies?,remote sensing
"Oxygen presents two spectrophotometric absorption bands peaking at the wavelengths 687 and 760 nm. Some remote sensing scientists have proposed using the measurement of the radiance coming from vegetation canopies in those bands to characterize plant health status from a satellite platform. This approach exploits the fact that in those bands it is possible to discriminate the vegetation's reflectance from its fluorescence, which is much weaker. The measurement is technically difficult owing to the low signal-to-noise ratio and the physical structure of vegetation; but it has been proposed as a possible method of monitoring the carbon cycle from satellites on a global scale.",Why might measuring the radiance from the vegetation canopy be useful?,possible method of monitoring the carbon cycle from satellites on a global scale
"Oxygen presents two spectrophotometric absorption bands peaking at the wavelengths 687 and 760 nm. Some remote sensing scientists have proposed using the measurement of the radiance coming from vegetation canopies in those bands to characterize plant health status from a satellite platform. This approach exploits the fact that in those bands it is possible to discriminate the vegetation's reflectance from its fluorescence, which is much weaker. The measurement is technically difficult owing to the low signal-to-noise ratio and the physical structure of vegetation; but it has been proposed as a possible method of monitoring the carbon cycle from satellites on a global scale.",What type of living thing has weaker fluorescence and stronger reflectance?,vegetation
"Oxygen storage methods include high pressure oxygen tanks, cryogenics and chemical compounds. For reasons of economy, oxygen is often transported in bulk as a liquid in specially insulated tankers, since one liter of liquefied oxygen is equivalent to 840 liters of gaseous oxygen at atmospheric pressure and 20 °C (68 °F). Such tankers are used to refill bulk liquid oxygen storage containers, which stand outside hospitals and other institutions with a need for large volumes of pure oxygen gas. Liquid oxygen is passed through heat exchangers, which convert the cryogenic liquid into gas before it enters the building. Oxygen is also stored and shipped in smaller cylinders containing the compressed gas; a form that is useful in certain portable medical applications and oxy-fuel welding and cutting.",What type of storage methods are used for oxygen besides oxygen tanks and chemical compounds?,cryogenics
"Oxygen storage methods include high pressure oxygen tanks, cryogenics and chemical compounds. For reasons of economy, oxygen is often transported in bulk as a liquid in specially insulated tankers, since one liter of liquefied oxygen is equivalent to 840 liters of gaseous oxygen at atmospheric pressure and 20 °C (68 °F). Such tankers are used to refill bulk liquid oxygen storage containers, which stand outside hospitals and other institutions with a need for large volumes of pure oxygen gas. Liquid oxygen is passed through heat exchangers, which convert the cryogenic liquid into gas before it enters the building. Oxygen is also stored and shipped in smaller cylinders containing the compressed gas; a form that is useful in certain portable medical applications and oxy-fuel welding and cutting.",What type of storage methods are used for oxygen besides cryogenics and high pressure oxygen tanks?,chemical compounds
"Oxygen storage methods include high pressure oxygen tanks, cryogenics and chemical compounds. For reasons of economy, oxygen is often transported in bulk as a liquid in specially insulated tankers, since one liter of liquefied oxygen is equivalent to 840 liters of gaseous oxygen at atmospheric pressure and 20 °C (68 °F). Such tankers are used to refill bulk liquid oxygen storage containers, which stand outside hospitals and other institutions with a need for large volumes of pure oxygen gas. Liquid oxygen is passed through heat exchangers, which convert the cryogenic liquid into gas before it enters the building. Oxygen is also stored and shipped in smaller cylinders containing the compressed gas; a form that is useful in certain portable medical applications and oxy-fuel welding and cutting.",What type of tankers are used at hospitals?,specially insulated tankers
"Oxygen storage methods include high pressure oxygen tanks, cryogenics and chemical compounds. For reasons of economy, oxygen is often transported in bulk as a liquid in specially insulated tankers, since one liter of liquefied oxygen is equivalent to 840 liters of gaseous oxygen at atmospheric pressure and 20 °C (68 °F). Such tankers are used to refill bulk liquid oxygen storage containers, which stand outside hospitals and other institutions with a need for large volumes of pure oxygen gas. Liquid oxygen is passed through heat exchangers, which convert the cryogenic liquid into gas before it enters the building. Oxygen is also stored and shipped in smaller cylinders containing the compressed gas; a form that is useful in certain portable medical applications and oxy-fuel welding and cutting.",What type of containers are used for people who need to move around?,smaller cylinders containing the compressed gas
"Due to its electronegativity, oxygen forms chemical bonds with almost all other elements to give corresponding oxides. The surface of most metals, such as aluminium and titanium, are oxidized in the presence of air and become coated with a thin film of oxide that passivates the metal and slows further corrosion. Many oxides of the transition metals are non-stoichiometric compounds, with slightly less metal than the chemical formula would show. For example, the mineral FeO (wüstite) is written as Fe1 − xO, where x is usually around 0.05.",Why does oxygen stick to most other elements?,electronegativity
"This combination of cancellations and σ and π overlaps results in dioxygen's double bond character and reactivity, and a triplet electronic ground state. An electron configuration with two unpaired electrons as found in dioxygen (see the filled π* orbitals in the diagram), orbitals that are of equal energy—i.e., degenerate—is a configuration termed a spin triplet state. Hence, the ground state of the O2 molecule is referred to as triplet oxygen.[b] The highest energy, partially filled orbitals are antibonding, and so their filling weakens the bond order from three to two. Because of its unpaired electrons, triplet oxygen reacts only slowly with most organic molecules, which have paired electron spins; this prevents spontaneous combustion.",What does partially filled orbitals cause?,filling weakens the bond order from three to two
"This combination of cancellations and σ and π overlaps results in dioxygen's double bond character and reactivity, and a triplet electronic ground state. An electron configuration with two unpaired electrons as found in dioxygen (see the filled π* orbitals in the diagram), orbitals that are of equal energy—i.e., degenerate—is a configuration termed a spin triplet state. Hence, the ground state of the O2 molecule is referred to as triplet oxygen.[b] The highest energy, partially filled orbitals are antibonding, and so their filling weakens the bond order from three to two. Because of its unpaired electrons, triplet oxygen reacts only slowly with most organic molecules, which have paired electron spins; this prevents spontaneous combustion.",What prevents spontaneous combustion?,triplet oxygen reacts only slowly with most organic molecules
"This combination of cancellations and σ and π overlaps results in dioxygen's double bond character and reactivity, and a triplet electronic ground state. An electron configuration with two unpaired electrons as found in dioxygen (see the filled π* orbitals in the diagram), orbitals that are of equal energy—i.e., degenerate—is a configuration termed a spin triplet state. Hence, the ground state of the O2 molecule is referred to as triplet oxygen.[b] The highest energy, partially filled orbitals are antibonding, and so their filling weakens the bond order from three to two. Because of its unpaired electrons, triplet oxygen reacts only slowly with most organic molecules, which have paired electron spins; this prevents spontaneous combustion.",What is an equal energy orbital?,degenerate
"The other major method of producing O2 gas involves passing a stream of clean, dry air through one bed of a pair of identical zeolite molecular sieves, which absorbs the nitrogen and delivers a gas stream that is 90% to 93% O2. Simultaneously, nitrogen gas is released from the other nitrogen-saturated zeolite bed, by reducing the chamber operating pressure and diverting part of the oxygen gas from the producer bed through it, in the reverse direction of flow. After a set cycle time the operation of the two beds is interchanged, thereby allowing for a continuous supply of gaseous oxygen to be pumped through a pipeline. This is known as pressure swing adsorption. Oxygen gas is increasingly obtained by these non-cryogenic technologies (see also the related vacuum swing adsorption).",what made when the dry air is passed through the machine,O2 gas
"The other major method of producing O2 gas involves passing a stream of clean, dry air through one bed of a pair of identical zeolite molecular sieves, which absorbs the nitrogen and delivers a gas stream that is 90% to 93% O2. Simultaneously, nitrogen gas is released from the other nitrogen-saturated zeolite bed, by reducing the chamber operating pressure and diverting part of the oxygen gas from the producer bed through it, in the reverse direction of flow. After a set cycle time the operation of the two beds is interchanged, thereby allowing for a continuous supply of gaseous oxygen to be pumped through a pipeline. This is known as pressure swing adsorption. Oxygen gas is increasingly obtained by these non-cryogenic technologies (see also the related vacuum swing adsorption).",what happens when pressure is reduced and oxygen is sent through the zeolite chamber,nitrogen gas is released
"The other major method of producing O2 gas involves passing a stream of clean, dry air through one bed of a pair of identical zeolite molecular sieves, which absorbs the nitrogen and delivers a gas stream that is 90% to 93% O2. Simultaneously, nitrogen gas is released from the other nitrogen-saturated zeolite bed, by reducing the chamber operating pressure and diverting part of the oxygen gas from the producer bed through it, in the reverse direction of flow. After a set cycle time the operation of the two beds is interchanged, thereby allowing for a continuous supply of gaseous oxygen to be pumped through a pipeline. This is known as pressure swing adsorption. Oxygen gas is increasingly obtained by these non-cryogenic technologies (see also the related vacuum swing adsorption).",how concentrated is the oxygen after processing,90% to 93%
"The other major method of producing O2 gas involves passing a stream of clean, dry air through one bed of a pair of identical zeolite molecular sieves, which absorbs the nitrogen and delivers a gas stream that is 90% to 93% O2. Simultaneously, nitrogen gas is released from the other nitrogen-saturated zeolite bed, by reducing the chamber operating pressure and diverting part of the oxygen gas from the producer bed through it, in the reverse direction of flow. After a set cycle time the operation of the two beds is interchanged, thereby allowing for a continuous supply of gaseous oxygen to be pumped through a pipeline. This is known as pressure swing adsorption. Oxygen gas is increasingly obtained by these non-cryogenic technologies (see also the related vacuum swing adsorption).",what is removed to concentrate the oxygen from the air,nitrogen
"The other major method of producing O2 gas involves passing a stream of clean, dry air through one bed of a pair of identical zeolite molecular sieves, which absorbs the nitrogen and delivers a gas stream that is 90% to 93% O2. Simultaneously, nitrogen gas is released from the other nitrogen-saturated zeolite bed, by reducing the chamber operating pressure and diverting part of the oxygen gas from the producer bed through it, in the reverse direction of flow. After a set cycle time the operation of the two beds is interchanged, thereby allowing for a continuous supply of gaseous oxygen to be pumped through a pipeline. This is known as pressure swing adsorption. Oxygen gas is increasingly obtained by these non-cryogenic technologies (see also the related vacuum swing adsorption).",what direction does the oxygen go when removing nitrogen,in the reverse direction of flow
"Breathing pure O2 in space applications, such as in some modern space suits, or in early spacecraft such as Apollo, causes no damage due to the low total pressures used. In the case of spacesuits, the O2 partial pressure in the breathing gas is, in general, about 30 kPa (1.4 times normal), and the resulting O2 partial pressure in the astronaut's arterial blood is only marginally more than normal sea-level O2 partial pressure (for more information on this, see space suit and arterial blood gas).",Which element is mentioned?,O2
"Breathing pure O2 in space applications, such as in some modern space suits, or in early spacecraft such as Apollo, causes no damage due to the low total pressures used. In the case of spacesuits, the O2 partial pressure in the breathing gas is, in general, about 30 kPa (1.4 times normal), and the resulting O2 partial pressure in the astronaut's arterial blood is only marginally more than normal sea-level O2 partial pressure (for more information on this, see space suit and arterial blood gas).","Aside from spacecrafts, where else is it safe to breathe in O2 if you are an astronaut?",modern space suits
"Breathing pure O2 in space applications, such as in some modern space suits, or in early spacecraft such as Apollo, causes no damage due to the low total pressures used. In the case of spacesuits, the O2 partial pressure in the breathing gas is, in general, about 30 kPa (1.4 times normal), and the resulting O2 partial pressure in the astronaut's arterial blood is only marginally more than normal sea-level O2 partial pressure (for more information on this, see space suit and arterial blood gas).",Which aspect of the human body is of concern?,arterial blood
"Free oxygen also occurs in solution in the world's water bodies. The increased solubility of O2 at lower temperatures (see Physical properties) has important implications for ocean life, as polar oceans support a much higher density of life due to their higher oxygen content. Water polluted with plant nutrients such as nitrates or phosphates may stimulate growth of algae by a process called eutrophication and the decay of these organisms and other biomaterials may reduce amounts of O2 in eutrophic water bodies. Scientists assess this aspect of water quality by measuring the water's biochemical oxygen demand, or the amount of O2 needed to restore it to a normal concentration.",Nitrates and phosphates can come from what living thing?,plant
"Free oxygen also occurs in solution in the world's water bodies. The increased solubility of O2 at lower temperatures (see Physical properties) has important implications for ocean life, as polar oceans support a much higher density of life due to their higher oxygen content. Water polluted with plant nutrients such as nitrates or phosphates may stimulate growth of algae by a process called eutrophication and the decay of these organisms and other biomaterials may reduce amounts of O2 in eutrophic water bodies. Scientists assess this aspect of water quality by measuring the water's biochemical oxygen demand, or the amount of O2 needed to restore it to a normal concentration.",The growth of a non-animal lifeform in water can be stimulated by what from plants?,nitrates or phosphates
"Genghis Khan realised that he needed people who could govern cities and states conquered by him. He also realised that such administrators could not be found among his Mongol people because they were nomads and thus had no experience governing cities. For this purpose Genghis Khan invited a Khitan prince, Chu'Tsai, who worked for the Jin and had been captured by the Mongol army after the Jin dynasty was defeated. Jin had captured power by displacing Khitan. Genghis told Chu'Tsai, who was a lineal descendant of Khitan rulers, that he had avenged Chu'Tsai's forefathers. Chu'Tsai responded that his father served the Jin dynasty honestly and so did he; also he did not consider his own father his enemy, so the question of revenge did not apply. This reply impressed Genghis Khan. Chu'Tsai administered parts of the Mongol Empire and became a confidant of the successive Mongol Khans.",who did the mongol army capture?,Chu'Tsai
"Genghis Khan realised that he needed people who could govern cities and states conquered by him. He also realised that such administrators could not be found among his Mongol people because they were nomads and thus had no experience governing cities. For this purpose Genghis Khan invited a Khitan prince, Chu'Tsai, who worked for the Jin and had been captured by the Mongol army after the Jin dynasty was defeated. Jin had captured power by displacing Khitan. Genghis told Chu'Tsai, who was a lineal descendant of Khitan rulers, that he had avenged Chu'Tsai's forefathers. Chu'Tsai responded that his father served the Jin dynasty honestly and so did he; also he did not consider his own father his enemy, so the question of revenge did not apply. This reply impressed Genghis Khan. Chu'Tsai administered parts of the Mongol Empire and became a confidant of the successive Mongol Khans.",what was Chu'Tsai?,a Khitan prince
"Genghis Khan realised that he needed people who could govern cities and states conquered by him. He also realised that such administrators could not be found among his Mongol people because they were nomads and thus had no experience governing cities. For this purpose Genghis Khan invited a Khitan prince, Chu'Tsai, who worked for the Jin and had been captured by the Mongol army after the Jin dynasty was defeated. Jin had captured power by displacing Khitan. Genghis told Chu'Tsai, who was a lineal descendant of Khitan rulers, that he had avenged Chu'Tsai's forefathers. Chu'Tsai responded that his father served the Jin dynasty honestly and so did he; also he did not consider his own father his enemy, so the question of revenge did not apply. This reply impressed Genghis Khan. Chu'Tsai administered parts of the Mongol Empire and became a confidant of the successive Mongol Khans.",who avenged Chu'Tsai's forefathers?,Genghis Khan
"Genghis Khan realised that he needed people who could govern cities and states conquered by him. He also realised that such administrators could not be found among his Mongol people because they were nomads and thus had no experience governing cities. For this purpose Genghis Khan invited a Khitan prince, Chu'Tsai, who worked for the Jin and had been captured by the Mongol army after the Jin dynasty was defeated. Jin had captured power by displacing Khitan. Genghis told Chu'Tsai, who was a lineal descendant of Khitan rulers, that he had avenged Chu'Tsai's forefathers. Chu'Tsai responded that his father served the Jin dynasty honestly and so did he; also he did not consider his own father his enemy, so the question of revenge did not apply. This reply impressed Genghis Khan. Chu'Tsai administered parts of the Mongol Empire and became a confidant of the successive Mongol Khans.",who did not have experience governing cities?,Mongol people
"According to the Secret History, Temüjin again offered his friendship to Jamukha, asking him to return to his side. Temüjin had killed the men who betrayed Jamukha, stating that he did not want disloyal men in his army. Jamukha refused the offer of friendship and reunion, saying that there can only be one sun in the sky, and he asked for a noble death. The custom is to die without spilling blood, which is granted by breaking the back. Jamukha requested this form of death, despite the fact that in the past Jamukha had been known to have boiled his opponents' generals alive.",Who did Jamukha refuse to be friends with again?,Temüjin
"According to the Secret History, Temüjin again offered his friendship to Jamukha, asking him to return to his side. Temüjin had killed the men who betrayed Jamukha, stating that he did not want disloyal men in his army. Jamukha refused the offer of friendship and reunion, saying that there can only be one sun in the sky, and he asked for a noble death. The custom is to die without spilling blood, which is granted by breaking the back. Jamukha requested this form of death, despite the fact that in the past Jamukha had been known to have boiled his opponents' generals alive.",What is a noble death?,to die without spilling blood
"According to the Secret History, Temüjin again offered his friendship to Jamukha, asking him to return to his side. Temüjin had killed the men who betrayed Jamukha, stating that he did not want disloyal men in his army. Jamukha refused the offer of friendship and reunion, saying that there can only be one sun in the sky, and he asked for a noble death. The custom is to die without spilling blood, which is granted by breaking the back. Jamukha requested this form of death, despite the fact that in the past Jamukha had been known to have boiled his opponents' generals alive.",How is a noble death done?,by breaking the back
"According to the Secret History, Temüjin again offered his friendship to Jamukha, asking him to return to his side. Temüjin had killed the men who betrayed Jamukha, stating that he did not want disloyal men in his army. Jamukha refused the offer of friendship and reunion, saying that there can only be one sun in the sky, and he asked for a noble death. The custom is to die without spilling blood, which is granted by breaking the back. Jamukha requested this form of death, despite the fact that in the past Jamukha had been known to have boiled his opponents' generals alive.",Who only wanted loyal men in his army?,Temüjin
"According to the Secret History, Temüjin again offered his friendship to Jamukha, asking him to return to his side. Temüjin had killed the men who betrayed Jamukha, stating that he did not want disloyal men in his army. Jamukha refused the offer of friendship and reunion, saying that there can only be one sun in the sky, and he asked for a noble death. The custom is to die without spilling blood, which is granted by breaking the back. Jamukha requested this form of death, despite the fact that in the past Jamukha had been known to have boiled his opponents' generals alive.",Who was the opponent general to Jamukha?,Temüjin
"He came to power by uniting many of the nomadic tribes of Northeast Asia. After founding the Mongol Empire and being proclaimed ""Genghis Khan"", he started the Mongol invasions that resulted in the conquest of most of Eurasia. These included raids or invasions of the Qara Khitai, Caucasus, Khwarezmid Empire, Western Xia and Jin dynasties. These campaigns were often accompanied by wholesale massacres of the civilian populations – especially in the Khwarezmian and Xia controlled lands. By the end of his life, the Mongol Empire occupied a substantial portion of Central Asia and China.",What was almost completely aquired?,Eurasia
"At this time, none of the tribal confederations of Mongolia were united politically, and arranged marriages were often used to solidify temporary alliances. Temüjin grew up observing the tough political climate of Mongolia, which included tribal warfare, thievery, raids, corruption, and continual acts of revenge carried out between the various confederations, all compounded by interference from foreign forces such as the Chinese dynasties to the south. Temüjin's mother Hoelun taught him many lessons about the unstable political climate of Mongolia, especially the need for alliances.",What did Hoelun instill in her son,the need for alliances
"Accounts of Genghis Khan's life are marked by claims of a series of betrayals and conspiracies. These include rifts with his early allies such as Jamukha (who also wanted to be a ruler of Mongol tribes) and Wang Khan (his and his father's ally), his son Jochi, and problems with the most important shaman, who was allegedly trying to drive a wedge between him and his loyal brother Khasar. His military strategies showed a deep interest in gathering good intelligence and understanding the motivations of his rivals, exemplified by his extensive spy network and Yam route systems. He seemed to be a quick student, adopting new technologies and ideas that he encountered, such as siege warfare from the Chinese. He was also ruthless, demonstrated by his tactic of measuring against the linchpin, used against the tribes led by Jamukha.",who is jochi's father?,Genghis Khan
"Accounts of Genghis Khan's life are marked by claims of a series of betrayals and conspiracies. These include rifts with his early allies such as Jamukha (who also wanted to be a ruler of Mongol tribes) and Wang Khan (his and his father's ally), his son Jochi, and problems with the most important shaman, who was allegedly trying to drive a wedge between him and his loyal brother Khasar. His military strategies showed a deep interest in gathering good intelligence and understanding the motivations of his rivals, exemplified by his extensive spy network and Yam route systems. He seemed to be a quick student, adopting new technologies and ideas that he encountered, such as siege warfare from the Chinese. He was also ruthless, demonstrated by his tactic of measuring against the linchpin, used against the tribes led by Jamukha.",who is khasar's brother?,Genghis Khan
"Accounts of Genghis Khan's life are marked by claims of a series of betrayals and conspiracies. These include rifts with his early allies such as Jamukha (who also wanted to be a ruler of Mongol tribes) and Wang Khan (his and his father's ally), his son Jochi, and problems with the most important shaman, who was allegedly trying to drive a wedge between him and his loyal brother Khasar. His military strategies showed a deep interest in gathering good intelligence and understanding the motivations of his rivals, exemplified by his extensive spy network and Yam route systems. He seemed to be a quick student, adopting new technologies and ideas that he encountered, such as siege warfare from the Chinese. He was also ruthless, demonstrated by his tactic of measuring against the linchpin, used against the tribes led by Jamukha.",who was a quick student?,Genghis Khan
"Accounts of Genghis Khan's life are marked by claims of a series of betrayals and conspiracies. These include rifts with his early allies such as Jamukha (who also wanted to be a ruler of Mongol tribes) and Wang Khan (his and his father's ally), his son Jochi, and problems with the most important shaman, who was allegedly trying to drive a wedge between him and his loyal brother Khasar. His military strategies showed a deep interest in gathering good intelligence and understanding the motivations of his rivals, exemplified by his extensive spy network and Yam route systems. He seemed to be a quick student, adopting new technologies and ideas that he encountered, such as siege warfare from the Chinese. He was also ruthless, demonstrated by his tactic of measuring against the linchpin, used against the tribes led by Jamukha.",who was ruthless?,Genghis Khan
"Accounts of Genghis Khan's life are marked by claims of a series of betrayals and conspiracies. These include rifts with his early allies such as Jamukha (who also wanted to be a ruler of Mongol tribes) and Wang Khan (his and his father's ally), his son Jochi, and problems with the most important shaman, who was allegedly trying to drive a wedge between him and his loyal brother Khasar. His military strategies showed a deep interest in gathering good intelligence and understanding the motivations of his rivals, exemplified by his extensive spy network and Yam route systems. He seemed to be a quick student, adopting new technologies and ideas that he encountered, such as siege warfare from the Chinese. He was also ruthless, demonstrated by his tactic of measuring against the linchpin, used against the tribes led by Jamukha.",who adapted new technologies and ideas that he encountered?,Genghis Khan
"As previously arranged by his father, Temüjin married Börte of the Onggirat tribe when he was around 16 in order to cement alliances between their respective tribes. Soon after Börte's marriage to Temüjin, she was kidnapped by the Merkits and reportedly given away as a wife. Temüjin rescued her with the help of his friend and future rival, Jamukha, and his protector, Toghrul Khan of the Keraite tribe. She gave birth to a son, Jochi (1185–1226), nine months later, clouding the issue of his parentage. Despite speculation over Jochi, Börte would be Temüjin's only empress, though he did follow tradition by taking several morganatic wives.",who was kidnapped by the merkits?,Börte
"As previously arranged by his father, Temüjin married Börte of the Onggirat tribe when he was around 16 in order to cement alliances between their respective tribes. Soon after Börte's marriage to Temüjin, she was kidnapped by the Merkits and reportedly given away as a wife. Temüjin rescued her with the help of his friend and future rival, Jamukha, and his protector, Toghrul Khan of the Keraite tribe. She gave birth to a son, Jochi (1185–1226), nine months later, clouding the issue of his parentage. Despite speculation over Jochi, Börte would be Temüjin's only empress, though he did follow tradition by taking several morganatic wives.",who did Temujin rescue?,Börte
"As previously arranged by his father, Temüjin married Börte of the Onggirat tribe when he was around 16 in order to cement alliances between their respective tribes. Soon after Börte's marriage to Temüjin, she was kidnapped by the Merkits and reportedly given away as a wife. Temüjin rescued her with the help of his friend and future rival, Jamukha, and his protector, Toghrul Khan of the Keraite tribe. She gave birth to a son, Jochi (1185–1226), nine months later, clouding the issue of his parentage. Despite speculation over Jochi, Börte would be Temüjin's only empress, though he did follow tradition by taking several morganatic wives.",who was reportedly given away as a wife?,Börte
"As previously arranged by his father, Temüjin married Börte of the Onggirat tribe when he was around 16 in order to cement alliances between their respective tribes. Soon after Börte's marriage to Temüjin, she was kidnapped by the Merkits and reportedly given away as a wife. Temüjin rescued her with the help of his friend and future rival, Jamukha, and his protector, Toghrul Khan of the Keraite tribe. She gave birth to a son, Jochi (1185–1226), nine months later, clouding the issue of his parentage. Despite speculation over Jochi, Börte would be Temüjin's only empress, though he did follow tradition by taking several morganatic wives.",who gave birth to a son?,Börte
"As previously arranged by his father, Temüjin married Börte of the Onggirat tribe when he was around 16 in order to cement alliances between their respective tribes. Soon after Börte's marriage to Temüjin, she was kidnapped by the Merkits and reportedly given away as a wife. Temüjin rescued her with the help of his friend and future rival, Jamukha, and his protector, Toghrul Khan of the Keraite tribe. She gave birth to a son, Jochi (1185–1226), nine months later, clouding the issue of his parentage. Despite speculation over Jochi, Börte would be Temüjin's only empress, though he did follow tradition by taking several morganatic wives.",who was jochi's mother?,Börte
"Modern Mongolian historians say that towards the end of his life, Genghis Khan attempted to create a civil state under the Great Yassa that would have established the legal equality of all individuals, including women. However, there is no evidence of this, or of the lifting of discriminatory policies towards sedentary peoples such as the Chinese. Women played a relatively important role in Mongol Empire and in family, for example Töregene Khatun was briefly in charge of the Mongol Empire when next male Khagan was being chosen. Modern scholars refer to the alleged policy of encouraging trade and communication as the Pax Mongolica (Mongol Peace).",What evidence supports the claim that women were relatively important in the Mongol Empire?,Töregene Khatun was briefly in charge of the Mongol Empire when next male Khagan was being chosen
"Modern Mongolian historians say that towards the end of his life, Genghis Khan attempted to create a civil state under the Great Yassa that would have established the legal equality of all individuals, including women. However, there is no evidence of this, or of the lifting of discriminatory policies towards sedentary peoples such as the Chinese. Women played a relatively important role in Mongol Empire and in family, for example Töregene Khatun was briefly in charge of the Mongol Empire when next male Khagan was being chosen. Modern scholars refer to the alleged policy of encouraging trade and communication as the Pax Mongolica (Mongol Peace).",What was the gender of the Khagan after Töregene Khatun?,male
"Modern Mongolian historians say that towards the end of his life, Genghis Khan attempted to create a civil state under the Great Yassa that would have established the legal equality of all individuals, including women. However, there is no evidence of this, or of the lifting of discriminatory policies towards sedentary peoples such as the Chinese. Women played a relatively important role in Mongol Empire and in family, for example Töregene Khatun was briefly in charge of the Mongol Empire when next male Khagan was being chosen. Modern scholars refer to the alleged policy of encouraging trade and communication as the Pax Mongolica (Mongol Peace).",What was Töregene Khatun role in the Mongol Empire?,briefly in charge
"Modern Mongolian historians say that towards the end of his life, Genghis Khan attempted to create a civil state under the Great Yassa that would have established the legal equality of all individuals, including women. However, there is no evidence of this, or of the lifting of discriminatory policies towards sedentary peoples such as the Chinese. Women played a relatively important role in Mongol Empire and in family, for example Töregene Khatun was briefly in charge of the Mongol Empire when next male Khagan was being chosen. Modern scholars refer to the alleged policy of encouraging trade and communication as the Pax Mongolica (Mongol Peace).",What type of policies were applied against the Chinese in the Mongol Empire?,discriminatory
"There were tax exemptions for religious figures and, to some extent, teachers and doctors. The Mongol Empire practiced religious tolerance because Mongol tradition had long held that religion was a personal concept, and not subject to law or interference.[citation needed] Sometime before the rise of Genghis Khan, Ong Khan, his mentor and eventual rival, had converted to Nestorian Christianity. Various Mongol tribes were Shamanist, Buddhist or Christian. Religious tolerance was thus a well established concept on the Asian steppe.",What was not ruled by law and free from interference?,religion
"There were tax exemptions for religious figures and, to some extent, teachers and doctors. The Mongol Empire practiced religious tolerance because Mongol tradition had long held that religion was a personal concept, and not subject to law or interference.[citation needed] Sometime before the rise of Genghis Khan, Ong Khan, his mentor and eventual rival, had converted to Nestorian Christianity. Various Mongol tribes were Shamanist, Buddhist or Christian. Religious tolerance was thus a well established concept on the Asian steppe.",What did the Mongol Empire believe?,religion was a personal concept
"There were tax exemptions for religious figures and, to some extent, teachers and doctors. The Mongol Empire practiced religious tolerance because Mongol tradition had long held that religion was a personal concept, and not subject to law or interference.[citation needed] Sometime before the rise of Genghis Khan, Ong Khan, his mentor and eventual rival, had converted to Nestorian Christianity. Various Mongol tribes were Shamanist, Buddhist or Christian. Religious tolerance was thus a well established concept on the Asian steppe.",Which of Genghis Khan and Ong Khan was more experienced?,Ong Khan
"There were tax exemptions for religious figures and, to some extent, teachers and doctors. The Mongol Empire practiced religious tolerance because Mongol tradition had long held that religion was a personal concept, and not subject to law or interference.[citation needed] Sometime before the rise of Genghis Khan, Ong Khan, his mentor and eventual rival, had converted to Nestorian Christianity. Various Mongol tribes were Shamanist, Buddhist or Christian. Religious tolerance was thus a well established concept on the Asian steppe.",What was the final relationship between Genghis Khan and Ong Khan?,rival
"The next direct threat to Temüjin was the Naimans (Naiman Mongols), with whom Jamukha and his followers took refuge. The Naimans did not surrender, although enough sectors again voluntarily sided with Temüjin. In 1201, a khuruldai elected Jamukha as Gür Khan, ""universal ruler"", a title used by the rulers of the Qara Khitai. Jamukha's assumption of this title was the final breach with Temüjin, and Jamukha formed a coalition of tribes to oppose him. Before the conflict, however, several generals abandoned Jamukha, including Subutai, Jelme's well-known younger brother. After several battles, Jamukha was finally turned over to Temüjin by his own men in 1206.",Who was the leader of the Temujins in 1201?,Jamukha
"The next direct threat to Temüjin was the Naimans (Naiman Mongols), with whom Jamukha and his followers took refuge. The Naimans did not surrender, although enough sectors again voluntarily sided with Temüjin. In 1201, a khuruldai elected Jamukha as Gür Khan, ""universal ruler"", a title used by the rulers of the Qara Khitai. Jamukha's assumption of this title was the final breach with Temüjin, and Jamukha formed a coalition of tribes to oppose him. Before the conflict, however, several generals abandoned Jamukha, including Subutai, Jelme's well-known younger brother. After several battles, Jamukha was finally turned over to Temüjin by his own men in 1206.",Who is known to use Gur Khan?,the rulers of the Qara Khitai
"The next direct threat to Temüjin was the Naimans (Naiman Mongols), with whom Jamukha and his followers took refuge. The Naimans did not surrender, although enough sectors again voluntarily sided with Temüjin. In 1201, a khuruldai elected Jamukha as Gür Khan, ""universal ruler"", a title used by the rulers of the Qara Khitai. Jamukha's assumption of this title was the final breach with Temüjin, and Jamukha formed a coalition of tribes to oppose him. Before the conflict, however, several generals abandoned Jamukha, including Subutai, Jelme's well-known younger brother. After several battles, Jamukha was finally turned over to Temüjin by his own men in 1206.",Who elected the Gur Khan in 1201?,a khuruldai
"One theory suggests the name stems from a palatalised version of the Mongolian and Turkic word tenggis, meaning ""ocean"", ""oceanic"" or ""wide-spreading"". (Lake Baikal and ocean were called tenggis by the Mongols. However, it seems that if they had meant to call Genghis tenggis they could have said, and written, ""Tenggis Khan"", which they did not.) Zhèng (Chinese: 正) meaning ""right"", ""just"", or ""true"", would have received the Mongolian adjectival modifier -s, creating ""Jenggis"", which in medieval romanization would be written ""Genghis"". It is likely that the 13th century Mongolian pronunciation would have closely matched ""Chinggis"".","What is the Chinese character of ""true""?",正
"One theory suggests the name stems from a palatalised version of the Mongolian and Turkic word tenggis, meaning ""ocean"", ""oceanic"" or ""wide-spreading"". (Lake Baikal and ocean were called tenggis by the Mongols. However, it seems that if they had meant to call Genghis tenggis they could have said, and written, ""Tenggis Khan"", which they did not.) Zhèng (Chinese: 正) meaning ""right"", ""just"", or ""true"", would have received the Mongolian adjectival modifier -s, creating ""Jenggis"", which in medieval romanization would be written ""Genghis"". It is likely that the 13th century Mongolian pronunciation would have closely matched ""Chinggis"".",What was the other name of Genghis?,Chinggis
"One theory suggests the name stems from a palatalised version of the Mongolian and Turkic word tenggis, meaning ""ocean"", ""oceanic"" or ""wide-spreading"". (Lake Baikal and ocean were called tenggis by the Mongols. However, it seems that if they had meant to call Genghis tenggis they could have said, and written, ""Tenggis Khan"", which they did not.) Zhèng (Chinese: 正) meaning ""right"", ""just"", or ""true"", would have received the Mongolian adjectival modifier -s, creating ""Jenggis"", which in medieval romanization would be written ""Genghis"". It is likely that the 13th century Mongolian pronunciation would have closely matched ""Chinggis"".",What name was preferred over Tenggis?,Jenggis
"One theory suggests the name stems from a palatalised version of the Mongolian and Turkic word tenggis, meaning ""ocean"", ""oceanic"" or ""wide-spreading"". (Lake Baikal and ocean were called tenggis by the Mongols. However, it seems that if they had meant to call Genghis tenggis they could have said, and written, ""Tenggis Khan"", which they did not.) Zhèng (Chinese: 正) meaning ""right"", ""just"", or ""true"", would have received the Mongolian adjectival modifier -s, creating ""Jenggis"", which in medieval romanization would be written ""Genghis"". It is likely that the 13th century Mongolian pronunciation would have closely matched ""Chinggis"".",How was the name Genghis pronounced by the Mongolians?,Chinggis
"One theory suggests the name stems from a palatalised version of the Mongolian and Turkic word tenggis, meaning ""ocean"", ""oceanic"" or ""wide-spreading"". (Lake Baikal and ocean were called tenggis by the Mongols. However, it seems that if they had meant to call Genghis tenggis they could have said, and written, ""Tenggis Khan"", which they did not.) Zhèng (Chinese: 正) meaning ""right"", ""just"", or ""true"", would have received the Mongolian adjectival modifier -s, creating ""Jenggis"", which in medieval romanization would be written ""Genghis"". It is likely that the 13th century Mongolian pronunciation would have closely matched ""Chinggis"".",Why is Genghis spelled with a G and not a J?,medieval romanization
"One theory suggests the name stems from a palatalised version of the Mongolian and Turkic word tenggis, meaning ""ocean"", ""oceanic"" or ""wide-spreading"". (Lake Baikal and ocean were called tenggis by the Mongols. However, it seems that if they had meant to call Genghis tenggis they could have said, and written, ""Tenggis Khan"", which they did not.) Zhèng (Chinese: 正) meaning ""right"", ""just"", or ""true"", would have received the Mongolian adjectival modifier -s, creating ""Jenggis"", which in medieval romanization would be written ""Genghis"". It is likely that the 13th century Mongolian pronunciation would have closely matched ""Chinggis"".",How would Mongols say Jenggis?,Chinggis
"One theory suggests the name stems from a palatalised version of the Mongolian and Turkic word tenggis, meaning ""ocean"", ""oceanic"" or ""wide-spreading"". (Lake Baikal and ocean were called tenggis by the Mongols. However, it seems that if they had meant to call Genghis tenggis they could have said, and written, ""Tenggis Khan"", which they did not.) Zhèng (Chinese: 正) meaning ""right"", ""just"", or ""true"", would have received the Mongolian adjectival modifier -s, creating ""Jenggis"", which in medieval romanization would be written ""Genghis"". It is likely that the 13th century Mongolian pronunciation would have closely matched ""Chinggis"".",What does Genghis mean?,"""right"", ""just"", or ""true"""
"In Mongolia today, Genghis Khan's name and likeness are endorsed on products, streets, buildings, and other places. His face can be found on everyday commodities, from liquor bottles to candy products, and on the largest denominations of 500, 1,000, 5,000, 10,000, and 20,000 Mongolian tögrög (₮). Mongolia's main international airport in Ulaanbaatar is named Chinggis Khaan International Airport. Major Genghis Khan statues have been erected before the parliament and near Ulaanbaatar. There have been repeated discussions about regulating the use of his name and image to avoid trivialization.",On what consumable products might you see an image of Genghis Khan?,liquor bottles to candy products
"In Mongolia today, Genghis Khan's name and likeness are endorsed on products, streets, buildings, and other places. His face can be found on everyday commodities, from liquor bottles to candy products, and on the largest denominations of 500, 1,000, 5,000, 10,000, and 20,000 Mongolian tögrög (₮). Mongolia's main international airport in Ulaanbaatar is named Chinggis Khaan International Airport. Major Genghis Khan statues have been erected before the parliament and near Ulaanbaatar. There have been repeated discussions about regulating the use of his name and image to avoid trivialization.",What does Mongolia want to do about Genghis Khan's name and face being so widespread?,regulating the use of his name and image to avoid trivialization
"In Mongolia today, Genghis Khan's name and likeness are endorsed on products, streets, buildings, and other places. His face can be found on everyday commodities, from liquor bottles to candy products, and on the largest denominations of 500, 1,000, 5,000, 10,000, and 20,000 Mongolian tögrög (₮). Mongolia's main international airport in Ulaanbaatar is named Chinggis Khaan International Airport. Major Genghis Khan statues have been erected before the parliament and near Ulaanbaatar. There have been repeated discussions about regulating the use of his name and image to avoid trivialization.",What is Khan's first name?,Genghis
"The Mongols learned from captives of the abundant green pastures beyond the Bulgar territory, allowing for the planning for conquest of Hungary and Europe. Genghis Khan recalled Subutai back to Mongolia soon afterwards, and Jebe died on the road back to Samarkand. The famous cavalry expedition led by Subutai and Jebe, in which they encircled the entire Caspian Sea defeating all armies in their path, remains unparalleled to this day, and word of the Mongol triumphs began to trickle to other nations, particularly Europe. These two campaigns are generally regarded as reconnaissance campaigns that tried to get the feel of the political and cultural elements of the regions. In 1225 both divisions returned to Mongolia. These invasions added Transoxiana and Persia to an already formidable empire while destroying any resistance along the way. Later under Genghis Khan's grandson Batu and the Golden Horde, the Mongols returned to conquer Volga Bulgaria and Kievan Rus' in 1237, concluding the campaign in 1240.",the leader of the Mongols was who,Genghis Khan
"The Mongols learned from captives of the abundant green pastures beyond the Bulgar territory, allowing for the planning for conquest of Hungary and Europe. Genghis Khan recalled Subutai back to Mongolia soon afterwards, and Jebe died on the road back to Samarkand. The famous cavalry expedition led by Subutai and Jebe, in which they encircled the entire Caspian Sea defeating all armies in their path, remains unparalleled to this day, and word of the Mongol triumphs began to trickle to other nations, particularly Europe. These two campaigns are generally regarded as reconnaissance campaigns that tried to get the feel of the political and cultural elements of the regions. In 1225 both divisions returned to Mongolia. These invasions added Transoxiana and Persia to an already formidable empire while destroying any resistance along the way. Later under Genghis Khan's grandson Batu and the Golden Horde, the Mongols returned to conquer Volga Bulgaria and Kievan Rus' in 1237, concluding the campaign in 1240.",who did the Mongols learn from,captives
"The Mongols learned from captives of the abundant green pastures beyond the Bulgar territory, allowing for the planning for conquest of Hungary and Europe. Genghis Khan recalled Subutai back to Mongolia soon afterwards, and Jebe died on the road back to Samarkand. The famous cavalry expedition led by Subutai and Jebe, in which they encircled the entire Caspian Sea defeating all armies in their path, remains unparalleled to this day, and word of the Mongol triumphs began to trickle to other nations, particularly Europe. These two campaigns are generally regarded as reconnaissance campaigns that tried to get the feel of the political and cultural elements of the regions. In 1225 both divisions returned to Mongolia. These invasions added Transoxiana and Persia to an already formidable empire while destroying any resistance along the way. Later under Genghis Khan's grandson Batu and the Golden Horde, the Mongols returned to conquer Volga Bulgaria and Kievan Rus' in 1237, concluding the campaign in 1240.",who led the conquest of Volga Bulgaria,Batu
"The Mongols learned from captives of the abundant green pastures beyond the Bulgar territory, allowing for the planning for conquest of Hungary and Europe. Genghis Khan recalled Subutai back to Mongolia soon afterwards, and Jebe died on the road back to Samarkand. The famous cavalry expedition led by Subutai and Jebe, in which they encircled the entire Caspian Sea defeating all armies in their path, remains unparalleled to this day, and word of the Mongol triumphs began to trickle to other nations, particularly Europe. These two campaigns are generally regarded as reconnaissance campaigns that tried to get the feel of the political and cultural elements of the regions. In 1225 both divisions returned to Mongolia. These invasions added Transoxiana and Persia to an already formidable empire while destroying any resistance along the way. Later under Genghis Khan's grandson Batu and the Golden Horde, the Mongols returned to conquer Volga Bulgaria and Kievan Rus' in 1237, concluding the campaign in 1240.",Jebe died where,on the road back to Samarkand
"The Mongols learned from captives of the abundant green pastures beyond the Bulgar territory, allowing for the planning for conquest of Hungary and Europe. Genghis Khan recalled Subutai back to Mongolia soon afterwards, and Jebe died on the road back to Samarkand. The famous cavalry expedition led by Subutai and Jebe, in which they encircled the entire Caspian Sea defeating all armies in their path, remains unparalleled to this day, and word of the Mongol triumphs began to trickle to other nations, particularly Europe. These two campaigns are generally regarded as reconnaissance campaigns that tried to get the feel of the political and cultural elements of the regions. In 1225 both divisions returned to Mongolia. These invasions added Transoxiana and Persia to an already formidable empire while destroying any resistance along the way. Later under Genghis Khan's grandson Batu and the Golden Horde, the Mongols returned to conquer Volga Bulgaria and Kievan Rus' in 1237, concluding the campaign in 1240.",what campaign is unrivaled even to today,"The famous cavalry expedition led by Subutai and Jebe, in which they encircled the entire Caspian Sea defeating all armies in their path"
"Years before his death, Genghis Khan asked to be buried without markings, according to the customs of his tribe. After he died, his body was returned to Mongolia and presumably to his birthplace in Khentii Aimag, where many assume he is buried somewhere close to the Onon River and the Burkhan Khaldun mountain (part of the Kentii mountain range). According to legend, the funeral escort killed anyone and anything across their path to conceal where he was finally buried. The Genghis Khan Mausoleum, constructed many years after his death, is his memorial, but not his burial site.",Near which mountain range was Genghis Khan buried?,Kentii
"Years before his death, Genghis Khan asked to be buried without markings, according to the customs of his tribe. After he died, his body was returned to Mongolia and presumably to his birthplace in Khentii Aimag, where many assume he is buried somewhere close to the Onon River and the Burkhan Khaldun mountain (part of the Kentii mountain range). According to legend, the funeral escort killed anyone and anything across their path to conceal where he was finally buried. The Genghis Khan Mausoleum, constructed many years after his death, is his memorial, but not his burial site.",How did Genghis Khan's burial site remain a secret?,the funeral escort killed anyone and anything across their path
"Before Genghis Khan died, he assigned Ögedei Khan as his successor and split his empire into khanates among his sons and grandsons. He died in 1227 after defeating the Western Xia. He was buried in an unmarked grave somewhere in Mongolia at an unknown location. His descendants extended the Mongol Empire across most of Eurasia by conquering or creating vassal states out of all of modern-day China, Korea, the Caucasus, Central Asia, and substantial portions of modern Eastern Europe, Russia, and Southwest Asia. Many of these invasions repeated the earlier large-scale slaughters of local populations. As a result, Genghis Khan and his empire have a fearsome reputation in local histories.",What was the first name of the Khan that beat Western Xia?,Genghis
"Before Genghis Khan died, he assigned Ögedei Khan as his successor and split his empire into khanates among his sons and grandsons. He died in 1227 after defeating the Western Xia. He was buried in an unmarked grave somewhere in Mongolia at an unknown location. His descendants extended the Mongol Empire across most of Eurasia by conquering or creating vassal states out of all of modern-day China, Korea, the Caucasus, Central Asia, and substantial portions of modern Eastern Europe, Russia, and Southwest Asia. Many of these invasions repeated the earlier large-scale slaughters of local populations. As a result, Genghis Khan and his empire have a fearsome reputation in local histories.",Who ruled the khanates?,his sons and grandsons
"Before Genghis Khan died, he assigned Ögedei Khan as his successor and split his empire into khanates among his sons and grandsons. He died in 1227 after defeating the Western Xia. He was buried in an unmarked grave somewhere in Mongolia at an unknown location. His descendants extended the Mongol Empire across most of Eurasia by conquering or creating vassal states out of all of modern-day China, Korea, the Caucasus, Central Asia, and substantial portions of modern Eastern Europe, Russia, and Southwest Asia. Many of these invasions repeated the earlier large-scale slaughters of local populations. As a result, Genghis Khan and his empire have a fearsome reputation in local histories.",What was the first name of Ogedei Khan's predecessor?,Genghis
"Before Genghis Khan died, he assigned Ögedei Khan as his successor and split his empire into khanates among his sons and grandsons. He died in 1227 after defeating the Western Xia. He was buried in an unmarked grave somewhere in Mongolia at an unknown location. His descendants extended the Mongol Empire across most of Eurasia by conquering or creating vassal states out of all of modern-day China, Korea, the Caucasus, Central Asia, and substantial portions of modern Eastern Europe, Russia, and Southwest Asia. Many of these invasions repeated the earlier large-scale slaughters of local populations. As a result, Genghis Khan and his empire have a fearsome reputation in local histories.",What was given to Khan's posterity?,his empire
"The efficiency of a Rankine cycle is usually limited by the working fluid. Without the pressure reaching supercritical levels for the working fluid, the temperature range the cycle can operate over is quite small; in steam turbines, turbine entry temperatures are typically 565 °C (the creep limit of stainless steel) and condenser temperatures are around 30 °C. This gives a theoretical Carnot efficiency of about 63% compared with an actual efficiency of 42% for a modern coal-fired power station. This low turbine entry temperature (compared with a gas turbine) is why the Rankine cycle is often used as a bottoming cycle in combined-cycle gas turbine power stations.[citation needed]",Why might underlie the upper limit of the turbine temperature?,the creep limit of stainless steel
"The efficiency of a Rankine cycle is usually limited by the working fluid. Without the pressure reaching supercritical levels for the working fluid, the temperature range the cycle can operate over is quite small; in steam turbines, turbine entry temperatures are typically 565 °C (the creep limit of stainless steel) and condenser temperatures are around 30 °C. This gives a theoretical Carnot efficiency of about 63% compared with an actual efficiency of 42% for a modern coal-fired power station. This low turbine entry temperature (compared with a gas turbine) is why the Rankine cycle is often used as a bottoming cycle in combined-cycle gas turbine power stations.[citation needed]",What might stem from the supercritical levels of the fluid?,the temperature range the cycle can operate over is quite small
"The efficiency of a Rankine cycle is usually limited by the working fluid. Without the pressure reaching supercritical levels for the working fluid, the temperature range the cycle can operate over is quite small; in steam turbines, turbine entry temperatures are typically 565 °C (the creep limit of stainless steel) and condenser temperatures are around 30 °C. This gives a theoretical Carnot efficiency of about 63% compared with an actual efficiency of 42% for a modern coal-fired power station. This low turbine entry temperature (compared with a gas turbine) is why the Rankine cycle is often used as a bottoming cycle in combined-cycle gas turbine power stations.[citation needed]",What underlies the utility of the Rankine cycle in power stations?,low turbine entry temperature
"It is possible to use a mechanism based on a pistonless rotary engine such as the Wankel engine in place of the cylinders and valve gear of a conventional reciprocating steam engine. Many such engines have been designed, from the time of James Watt to the present day, but relatively few were actually built and even fewer went into quantity production; see link at bottom of article for more details. The major problem is the difficulty of sealing the rotors to make them steam-tight in the face of wear and thermal expansion; the resulting leakage made them very inefficient. Lack of expansive working, or any means of control of the cutoff is also a serious problem with many such designs.[citation needed]",What problem causes leakage?,sealing the rotors
"It is possible to use a mechanism based on a pistonless rotary engine such as the Wankel engine in place of the cylinders and valve gear of a conventional reciprocating steam engine. Many such engines have been designed, from the time of James Watt to the present day, but relatively few were actually built and even fewer went into quantity production; see link at bottom of article for more details. The major problem is the difficulty of sealing the rotors to make them steam-tight in the face of wear and thermal expansion; the resulting leakage made them very inefficient. Lack of expansive working, or any means of control of the cutoff is also a serious problem with many such designs.[citation needed]",What type of engine is the Wankel?,pistonless rotary engine
"It is possible to use a mechanism based on a pistonless rotary engine such as the Wankel engine in place of the cylinders and valve gear of a conventional reciprocating steam engine. Many such engines have been designed, from the time of James Watt to the present day, but relatively few were actually built and even fewer went into quantity production; see link at bottom of article for more details. The major problem is the difficulty of sealing the rotors to make them steam-tight in the face of wear and thermal expansion; the resulting leakage made them very inefficient. Lack of expansive working, or any means of control of the cutoff is also a serious problem with many such designs.[citation needed]",How popular were the engines?,relatively few were actually built
"It is possible to use a mechanism based on a pistonless rotary engine such as the Wankel engine in place of the cylinders and valve gear of a conventional reciprocating steam engine. Many such engines have been designed, from the time of James Watt to the present day, but relatively few were actually built and even fewer went into quantity production; see link at bottom of article for more details. The major problem is the difficulty of sealing the rotors to make them steam-tight in the face of wear and thermal expansion; the resulting leakage made them very inefficient. Lack of expansive working, or any means of control of the cutoff is also a serious problem with many such designs.[citation needed]",What type of engine is cited other than the pistonless rotary engine?,conventional reciprocating steam engine
"It is possible to use a mechanism based on a pistonless rotary engine such as the Wankel engine in place of the cylinders and valve gear of a conventional reciprocating steam engine. Many such engines have been designed, from the time of James Watt to the present day, but relatively few were actually built and even fewer went into quantity production; see link at bottom of article for more details. The major problem is the difficulty of sealing the rotors to make them steam-tight in the face of wear and thermal expansion; the resulting leakage made them very inefficient. Lack of expansive working, or any means of control of the cutoff is also a serious problem with many such designs.[citation needed]",How many designs were made from Watts' time to today?,Many
"Near the end of the 19th century compound engines came into widespread use. Compound engines exhausted steam in to successively larger cylinders to accommodate the higher volumes at reduced pressures, giving improved efficiency. These stages were called expansions, with double and triple expansion engines being common, especially in shipping where efficiency was important to reduce the weight of coal carried. Steam engines remained the dominant source of power until the early 20th century, when advances in the design of electric motors and internal combustion engines gradually resulted in the replacement of reciprocating (piston) steam engines, with shipping in the 20th-century relying upon the steam turbine.",What became obsolete?,Steam engines
"Near the end of the 19th century compound engines came into widespread use. Compound engines exhausted steam in to successively larger cylinders to accommodate the higher volumes at reduced pressures, giving improved efficiency. These stages were called expansions, with double and triple expansion engines being common, especially in shipping where efficiency was important to reduce the weight of coal carried. Steam engines remained the dominant source of power until the early 20th century, when advances in the design of electric motors and internal combustion engines gradually resulted in the replacement of reciprocating (piston) steam engines, with shipping in the 20th-century relying upon the steam turbine.",What was a newer idea?,electric motors
"Using boiling water to produce mechanical motion goes back over 2000 years, but early devices were not practical. The Spanish inventor Jerónimo de Ayanz y Beaumont obtained the first patent for a steam engine in 1606. In 1698 Thomas Savery patented a steam pump that used steam in direct contact with the water being pumped. Savery's steam pump used condensing steam to create a vacuum and draw water into a chamber, and then applied pressurized steam to further pump the water. Thomas Newcomen's atmospheric engine was the first commercial true steam engine using a piston, and was used in 1712 for pumping in a mine.",What is the basic goal of a steam engine?,Using boiling water to produce mechanical motion
"Using boiling water to produce mechanical motion goes back over 2000 years, but early devices were not practical. The Spanish inventor Jerónimo de Ayanz y Beaumont obtained the first patent for a steam engine in 1606. In 1698 Thomas Savery patented a steam pump that used steam in direct contact with the water being pumped. Savery's steam pump used condensing steam to create a vacuum and draw water into a chamber, and then applied pressurized steam to further pump the water. Thomas Newcomen's atmospheric engine was the first commercial true steam engine using a piston, and was used in 1712 for pumping in a mine.",Jerónimo de Ayanz y Beaumont is an inventor noted for what?,the first patent for a steam engine
"Using boiling water to produce mechanical motion goes back over 2000 years, but early devices were not practical. The Spanish inventor Jerónimo de Ayanz y Beaumont obtained the first patent for a steam engine in 1606. In 1698 Thomas Savery patented a steam pump that used steam in direct contact with the water being pumped. Savery's steam pump used condensing steam to create a vacuum and draw water into a chamber, and then applied pressurized steam to further pump the water. Thomas Newcomen's atmospheric engine was the first commercial true steam engine using a piston, and was used in 1712 for pumping in a mine.",Early attempts to use steam to do work were what?,not practical
"Using boiling water to produce mechanical motion goes back over 2000 years, but early devices were not practical. The Spanish inventor Jerónimo de Ayanz y Beaumont obtained the first patent for a steam engine in 1606. In 1698 Thomas Savery patented a steam pump that used steam in direct contact with the water being pumped. Savery's steam pump used condensing steam to create a vacuum and draw water into a chamber, and then applied pressurized steam to further pump the water. Thomas Newcomen's atmospheric engine was the first commercial true steam engine using a piston, and was used in 1712 for pumping in a mine.","Thomas Savery patented a device that was less of a steam engine, and more of a what?",steam pump
"Using boiling water to produce mechanical motion goes back over 2000 years, but early devices were not practical. The Spanish inventor Jerónimo de Ayanz y Beaumont obtained the first patent for a steam engine in 1606. In 1698 Thomas Savery patented a steam pump that used steam in direct contact with the water being pumped. Savery's steam pump used condensing steam to create a vacuum and draw water into a chamber, and then applied pressurized steam to further pump the water. Thomas Newcomen's atmospheric engine was the first commercial true steam engine using a piston, and was used in 1712 for pumping in a mine.","Unlike those before him, Thomas Newcomen's steam engine successfully used what?",a piston
"Steam engines frequently possess two independent mechanisms for ensuring that the pressure in the boiler does not go too high; one may be adjusted by the user, the second is typically designed as an ultimate fail-safe. Such safety valves traditionally used a simple lever to restrain a plug valve in the top of a boiler. One end of the lever carried a weight or spring that restrained the valve against steam pressure. Early valves could be adjusted by engine drivers, leading to many accidents when a driver fastened the valve down to allow greater steam pressure and more power from the engine. The more recent type of safety valve uses an adjustable spring-loaded valve, which is locked such that operators may not tamper with its adjustment unless a seal illegally is broken. This arrangement is considerably safer.[citation needed]",Why would an engine driver close the valve and allow more steam pressure to build up?,more power from the engine
"Steam engines frequently possess two independent mechanisms for ensuring that the pressure in the boiler does not go too high; one may be adjusted by the user, the second is typically designed as an ultimate fail-safe. Such safety valves traditionally used a simple lever to restrain a plug valve in the top of a boiler. One end of the lever carried a weight or spring that restrained the valve against steam pressure. Early valves could be adjusted by engine drivers, leading to many accidents when a driver fastened the valve down to allow greater steam pressure and more power from the engine. The more recent type of safety valve uses an adjustable spring-loaded valve, which is locked such that operators may not tamper with its adjustment unless a seal illegally is broken. This arrangement is considerably safer.[citation needed]",What would an engine driver have to do to adjust the more modern type of valve?,seal illegally is broken
"Steam engines frequently possess two independent mechanisms for ensuring that the pressure in the boiler does not go too high; one may be adjusted by the user, the second is typically designed as an ultimate fail-safe. Such safety valves traditionally used a simple lever to restrain a plug valve in the top of a boiler. One end of the lever carried a weight or spring that restrained the valve against steam pressure. Early valves could be adjusted by engine drivers, leading to many accidents when a driver fastened the valve down to allow greater steam pressure and more power from the engine. The more recent type of safety valve uses an adjustable spring-loaded valve, which is locked such that operators may not tamper with its adjustment unless a seal illegally is broken. This arrangement is considerably safer.[citation needed]",What part of the more modern safety valves is adjustable?,spring
"Steam engines frequently possess two independent mechanisms for ensuring that the pressure in the boiler does not go too high; one may be adjusted by the user, the second is typically designed as an ultimate fail-safe. Such safety valves traditionally used a simple lever to restrain a plug valve in the top of a boiler. One end of the lever carried a weight or spring that restrained the valve against steam pressure. Early valves could be adjusted by engine drivers, leading to many accidents when a driver fastened the valve down to allow greater steam pressure and more power from the engine. The more recent type of safety valve uses an adjustable spring-loaded valve, which is locked such that operators may not tamper with its adjustment unless a seal illegally is broken. This arrangement is considerably safer.[citation needed]",Why are the modern safety valves safer than the old style?,operators may not tamper
"Other components are often present; pumps (such as an injector) to supply water to the boiler during operation, condensers to recirculate the water and recover the latent heat of vaporisation, and superheaters to raise the temperature of the steam above its saturated vapour point, and various mechanisms to increase the draft for fireboxes. When coal is used, a chain or screw stoking mechanism and its drive engine or motor may be included to move the fuel from a supply bin (bunker) to the firebox. See: Mechanical stoker",What kind of pump brings water to the boiler,injector
"Other components are often present; pumps (such as an injector) to supply water to the boiler during operation, condensers to recirculate the water and recover the latent heat of vaporisation, and superheaters to raise the temperature of the steam above its saturated vapour point, and various mechanisms to increase the draft for fireboxes. When coal is used, a chain or screw stoking mechanism and its drive engine or motor may be included to move the fuel from a supply bin (bunker) to the firebox. See: Mechanical stoker",What fossil fuel is mentioned in this process,coal
"Other components are often present; pumps (such as an injector) to supply water to the boiler during operation, condensers to recirculate the water and recover the latent heat of vaporisation, and superheaters to raise the temperature of the steam above its saturated vapour point, and various mechanisms to increase the draft for fireboxes. When coal is used, a chain or screw stoking mechanism and its drive engine or motor may be included to move the fuel from a supply bin (bunker) to the firebox. See: Mechanical stoker",What else do condensers do besides circulation of the water,recover the latent heat
"Lead fusible plugs may be present in the crown of the boiler's firebox. If the water level drops, such that the temperature of the firebox crown increases significantly, the lead melts and the steam escapes, warning the operators, who may then manually suppress the fire. Except in the smallest of boilers the steam escape has little effect on dampening the fire. The plugs are also too small in area to lower steam pressure significantly, depressurizing the boiler. If they were any larger, the volume of escaping steam would itself endanger the crew.[citation needed]",Who has to make changes when the lead melts and steam escapes?,operators
"Lead fusible plugs may be present in the crown of the boiler's firebox. If the water level drops, such that the temperature of the firebox crown increases significantly, the lead melts and the steam escapes, warning the operators, who may then manually suppress the fire. Except in the smallest of boilers the steam escape has little effect on dampening the fire. The plugs are also too small in area to lower steam pressure significantly, depressurizing the boiler. If they were any larger, the volume of escaping steam would itself endanger the crew.[citation needed]",Why doesn't steam escape dampen fires?,The plugs are also too small in area
"Lead fusible plugs may be present in the crown of the boiler's firebox. If the water level drops, such that the temperature of the firebox crown increases significantly, the lead melts and the steam escapes, warning the operators, who may then manually suppress the fire. Except in the smallest of boilers the steam escape has little effect on dampening the fire. The plugs are also too small in area to lower steam pressure significantly, depressurizing the boiler. If they were any larger, the volume of escaping steam would itself endanger the crew.[citation needed]",What would be in danger if the plugs were bigger?,crew
"Lead fusible plugs may be present in the crown of the boiler's firebox. If the water level drops, such that the temperature of the firebox crown increases significantly, the lead melts and the steam escapes, warning the operators, who may then manually suppress the fire. Except in the smallest of boilers the steam escape has little effect on dampening the fire. The plugs are also too small in area to lower steam pressure significantly, depressurizing the boiler. If they were any larger, the volume of escaping steam would itself endanger the crew.[citation needed]",How much does the temperature increase when water level drops?,significantly
"Lead fusible plugs may be present in the crown of the boiler's firebox. If the water level drops, such that the temperature of the firebox crown increases significantly, the lead melts and the steam escapes, warning the operators, who may then manually suppress the fire. Except in the smallest of boilers the steam escape has little effect on dampening the fire. The plugs are also too small in area to lower steam pressure significantly, depressurizing the boiler. If they were any larger, the volume of escaping steam would itself endanger the crew.[citation needed]",How does the fire get suppressed?,manually
"It is a logical extension of the compound engine (described above) to split the expansion into yet more stages to increase efficiency. The result is the multiple expansion engine. Such engines use either three or four expansion stages and are known as triple and quadruple expansion engines respectively. These engines use a series of cylinders of progressively increasing diameter. These cylinders are designed to divide the work into equal shares for each expansion stage. As with the double expansion engine, if space is at a premium, then two smaller cylinders may be used for the low-pressure stage. Multiple expansion engines typically had the cylinders arranged inline, but various other formations were used. In the late 19th century, the Yarrow-Schlick-Tweedy balancing 'system' was used on some marine triple expansion engines. Y-S-T engines divided the low-pressure expansion stages between two cylinders, one at each end of the engine. This allowed the crankshaft to be better balanced, resulting in a smoother, faster-responding engine which ran with less vibration. This made the 4-cylinder triple-expansion engine popular with large passenger liners (such as the Olympic class), but this was ultimately replaced by the virtually vibration-free turbine engine.[citation needed]",what type of engine is mentioned first?,compound
"It is a logical extension of the compound engine (described above) to split the expansion into yet more stages to increase efficiency. The result is the multiple expansion engine. Such engines use either three or four expansion stages and are known as triple and quadruple expansion engines respectively. These engines use a series of cylinders of progressively increasing diameter. These cylinders are designed to divide the work into equal shares for each expansion stage. As with the double expansion engine, if space is at a premium, then two smaller cylinders may be used for the low-pressure stage. Multiple expansion engines typically had the cylinders arranged inline, but various other formations were used. In the late 19th century, the Yarrow-Schlick-Tweedy balancing 'system' was used on some marine triple expansion engines. Y-S-T engines divided the low-pressure expansion stages between two cylinders, one at each end of the engine. This allowed the crankshaft to be better balanced, resulting in a smoother, faster-responding engine which ran with less vibration. This made the 4-cylinder triple-expansion engine popular with large passenger liners (such as the Olympic class), but this was ultimately replaced by the virtually vibration-free turbine engine.[citation needed]",what type of engine is mentioned last?,turbine
"It is a logical extension of the compound engine (described above) to split the expansion into yet more stages to increase efficiency. The result is the multiple expansion engine. Such engines use either three or four expansion stages and are known as triple and quadruple expansion engines respectively. These engines use a series of cylinders of progressively increasing diameter. These cylinders are designed to divide the work into equal shares for each expansion stage. As with the double expansion engine, if space is at a premium, then two smaller cylinders may be used for the low-pressure stage. Multiple expansion engines typically had the cylinders arranged inline, but various other formations were used. In the late 19th century, the Yarrow-Schlick-Tweedy balancing 'system' was used on some marine triple expansion engines. Y-S-T engines divided the low-pressure expansion stages between two cylinders, one at each end of the engine. This allowed the crankshaft to be better balanced, resulting in a smoother, faster-responding engine which ran with less vibration. This made the 4-cylinder triple-expansion engine popular with large passenger liners (such as the Olympic class), but this was ultimately replaced by the virtually vibration-free turbine engine.[citation needed]",what is missing with the last engine mentioned?,vibration
"It is a logical extension of the compound engine (described above) to split the expansion into yet more stages to increase efficiency. The result is the multiple expansion engine. Such engines use either three or four expansion stages and are known as triple and quadruple expansion engines respectively. These engines use a series of cylinders of progressively increasing diameter. These cylinders are designed to divide the work into equal shares for each expansion stage. As with the double expansion engine, if space is at a premium, then two smaller cylinders may be used for the low-pressure stage. Multiple expansion engines typically had the cylinders arranged inline, but various other formations were used. In the late 19th century, the Yarrow-Schlick-Tweedy balancing 'system' was used on some marine triple expansion engines. Y-S-T engines divided the low-pressure expansion stages between two cylinders, one at each end of the engine. This allowed the crankshaft to be better balanced, resulting in a smoother, faster-responding engine which ran with less vibration. This made the 4-cylinder triple-expansion engine popular with large passenger liners (such as the Olympic class), but this was ultimately replaced by the virtually vibration-free turbine engine.[citation needed]",what is the time period mentioned?,late 19th century
"A steam turbine consists of one or more rotors (rotating discs) mounted on a drive shaft, alternating with a series of stators (static discs) fixed to the turbine casing. The rotors have a propeller-like arrangement of blades at the outer edge. Steam acts upon these blades, producing rotary motion. The stator consists of a similar, but fixed, series of blades that serve to redirect the steam flow onto the next rotor stage. A steam turbine often exhausts into a surface condenser that provides a vacuum. The stages of a steam turbine are typically arranged to extract the maximum potential work from a specific velocity and pressure of steam, giving rise to a series of variably sized high- and low-pressure stages. Turbines are only efficient if they rotate at relatively high speed, therefore they are usually connected to reduction gearing to drive lower speed applications, such as a ship's propeller. In the vast majority of large electric generating stations, turbines are directly connected to generators with no reduction gearing. Typical speeds are 3600 revolutions per minute (RPM) in the USA with 60 Hertz power, 3000 RPM in Europe and other countries with 50 Hertz electric power systems. In nuclear power applications the turbines typically run at half these speeds, 1800 RPM and 1500 RPM. A turbine rotor is also only capable of providing power when rotating in one direction. Therefore, a reversing stage or gearbox is usually required where power is required in the opposite direction.[citation needed]",What turbines run double the speed of nuclear power?,electric
"A steam turbine consists of one or more rotors (rotating discs) mounted on a drive shaft, alternating with a series of stators (static discs) fixed to the turbine casing. The rotors have a propeller-like arrangement of blades at the outer edge. Steam acts upon these blades, producing rotary motion. The stator consists of a similar, but fixed, series of blades that serve to redirect the steam flow onto the next rotor stage. A steam turbine often exhausts into a surface condenser that provides a vacuum. The stages of a steam turbine are typically arranged to extract the maximum potential work from a specific velocity and pressure of steam, giving rise to a series of variably sized high- and low-pressure stages. Turbines are only efficient if they rotate at relatively high speed, therefore they are usually connected to reduction gearing to drive lower speed applications, such as a ship's propeller. In the vast majority of large electric generating stations, turbines are directly connected to generators with no reduction gearing. Typical speeds are 3600 revolutions per minute (RPM) in the USA with 60 Hertz power, 3000 RPM in Europe and other countries with 50 Hertz electric power systems. In nuclear power applications the turbines typically run at half these speeds, 1800 RPM and 1500 RPM. A turbine rotor is also only capable of providing power when rotating in one direction. Therefore, a reversing stage or gearbox is usually required where power is required in the opposite direction.[citation needed]",What will increase how well the turbines run?,high speed
"A steam turbine consists of one or more rotors (rotating discs) mounted on a drive shaft, alternating with a series of stators (static discs) fixed to the turbine casing. The rotors have a propeller-like arrangement of blades at the outer edge. Steam acts upon these blades, producing rotary motion. The stator consists of a similar, but fixed, series of blades that serve to redirect the steam flow onto the next rotor stage. A steam turbine often exhausts into a surface condenser that provides a vacuum. The stages of a steam turbine are typically arranged to extract the maximum potential work from a specific velocity and pressure of steam, giving rise to a series of variably sized high- and low-pressure stages. Turbines are only efficient if they rotate at relatively high speed, therefore they are usually connected to reduction gearing to drive lower speed applications, such as a ship's propeller. In the vast majority of large electric generating stations, turbines are directly connected to generators with no reduction gearing. Typical speeds are 3600 revolutions per minute (RPM) in the USA with 60 Hertz power, 3000 RPM in Europe and other countries with 50 Hertz electric power systems. In nuclear power applications the turbines typically run at half these speeds, 1800 RPM and 1500 RPM. A turbine rotor is also only capable of providing power when rotating in one direction. Therefore, a reversing stage or gearbox is usually required where power is required in the opposite direction.[citation needed]",What causes the spinning motion?,Steam
"The working fluid in a Rankine cycle can operate as a closed loop system, where the working fluid is recycled continuously, or may be an ""open loop"" system, where the exhaust steam is directly released to the atmosphere, and a separate source of water feeding the boiler is supplied. Normally water is the fluid of choice due to its favourable properties, such as non-toxic and unreactive chemistry, abundance, low cost, and its thermodynamic properties. Mercury is the working fluid in the mercury vapor turbine. Low boiling hydrocarbons can be used in a binary cycle.",What other type of loop is there other than an open loop?,closed loop
"The working fluid in a Rankine cycle can operate as a closed loop system, where the working fluid is recycled continuously, or may be an ""open loop"" system, where the exhaust steam is directly released to the atmosphere, and a separate source of water feeding the boiler is supplied. Normally water is the fluid of choice due to its favourable properties, such as non-toxic and unreactive chemistry, abundance, low cost, and its thermodynamic properties. Mercury is the working fluid in the mercury vapor turbine. Low boiling hydrocarbons can be used in a binary cycle.",What is the open loop system used in?,Rankine cycle
"The working fluid in a Rankine cycle can operate as a closed loop system, where the working fluid is recycled continuously, or may be an ""open loop"" system, where the exhaust steam is directly released to the atmosphere, and a separate source of water feeding the boiler is supplied. Normally water is the fluid of choice due to its favourable properties, such as non-toxic and unreactive chemistry, abundance, low cost, and its thermodynamic properties. Mercury is the working fluid in the mercury vapor turbine. Low boiling hydrocarbons can be used in a binary cycle.",What is advantageous about water?,"non-toxic and unreactive chemistry, abundance, low cost, and its thermodynamic properties"
"The working fluid in a Rankine cycle can operate as a closed loop system, where the working fluid is recycled continuously, or may be an ""open loop"" system, where the exhaust steam is directly released to the atmosphere, and a separate source of water feeding the boiler is supplied. Normally water is the fluid of choice due to its favourable properties, such as non-toxic and unreactive chemistry, abundance, low cost, and its thermodynamic properties. Mercury is the working fluid in the mercury vapor turbine. Low boiling hydrocarbons can be used in a binary cycle.",What is the most popular type of fluid?,water
"The working fluid in a Rankine cycle can operate as a closed loop system, where the working fluid is recycled continuously, or may be an ""open loop"" system, where the exhaust steam is directly released to the atmosphere, and a separate source of water feeding the boiler is supplied. Normally water is the fluid of choice due to its favourable properties, such as non-toxic and unreactive chemistry, abundance, low cost, and its thermodynamic properties. Mercury is the working fluid in the mercury vapor turbine. Low boiling hydrocarbons can be used in a binary cycle.",How available is water to use in the system?,abundance
"Uniflow engines attempt to remedy the difficulties arising from the usual counterflow cycle where, during each stroke, the port and the cylinder walls will be cooled by the passing exhaust steam, whilst the hotter incoming admission steam will waste some of its energy in restoring working temperature. The aim of the uniflow is to remedy this defect and improve efficiency by providing an additional port uncovered by the piston at the end of each stroke making the steam flow only in one direction. By this means, the simple-expansion uniflow engine gives efficiency equivalent to that of classic compound systems with the added advantage of superior part-load performance, and comparable efficiency to turbines for smaller engines below one thousand horsepower. However, the thermal expansion gradient uniflow engines produce along the cylinder wall gives practical difficulties.[citation needed]. The Quasiturbine is a uniflow rotary steam engine where steam intakes in hot areas, while exhausting in cold areas.",What does the exhaust steam cool?,port and the cylinder walls
"Uniflow engines attempt to remedy the difficulties arising from the usual counterflow cycle where, during each stroke, the port and the cylinder walls will be cooled by the passing exhaust steam, whilst the hotter incoming admission steam will waste some of its energy in restoring working temperature. The aim of the uniflow is to remedy this defect and improve efficiency by providing an additional port uncovered by the piston at the end of each stroke making the steam flow only in one direction. By this means, the simple-expansion uniflow engine gives efficiency equivalent to that of classic compound systems with the added advantage of superior part-load performance, and comparable efficiency to turbines for smaller engines below one thousand horsepower. However, the thermal expansion gradient uniflow engines produce along the cylinder wall gives practical difficulties.[citation needed]. The Quasiturbine is a uniflow rotary steam engine where steam intakes in hot areas, while exhausting in cold areas.","Compared to turbines for smaller engines, how is the efficiency of the uniflow?",comparable
"Uniflow engines attempt to remedy the difficulties arising from the usual counterflow cycle where, during each stroke, the port and the cylinder walls will be cooled by the passing exhaust steam, whilst the hotter incoming admission steam will waste some of its energy in restoring working temperature. The aim of the uniflow is to remedy this defect and improve efficiency by providing an additional port uncovered by the piston at the end of each stroke making the steam flow only in one direction. By this means, the simple-expansion uniflow engine gives efficiency equivalent to that of classic compound systems with the added advantage of superior part-load performance, and comparable efficiency to turbines for smaller engines below one thousand horsepower. However, the thermal expansion gradient uniflow engines produce along the cylinder wall gives practical difficulties.[citation needed]. The Quasiturbine is a uniflow rotary steam engine where steam intakes in hot areas, while exhausting in cold areas.",Making the steam flow only in one direction has what purpose?,improve efficiency
"Uniflow engines attempt to remedy the difficulties arising from the usual counterflow cycle where, during each stroke, the port and the cylinder walls will be cooled by the passing exhaust steam, whilst the hotter incoming admission steam will waste some of its energy in restoring working temperature. The aim of the uniflow is to remedy this defect and improve efficiency by providing an additional port uncovered by the piston at the end of each stroke making the steam flow only in one direction. By this means, the simple-expansion uniflow engine gives efficiency equivalent to that of classic compound systems with the added advantage of superior part-load performance, and comparable efficiency to turbines for smaller engines below one thousand horsepower. However, the thermal expansion gradient uniflow engines produce along the cylinder wall gives practical difficulties.[citation needed]. The Quasiturbine is a uniflow rotary steam engine where steam intakes in hot areas, while exhausting in cold areas.",What causes the energy waste in the counterflow cycle?,hotter incoming admission steam
"An oscillating cylinder steam engine is a variant of the simple expansion steam engine which does not require valves to direct steam into and out of the cylinder. Instead of valves, the entire cylinder rocks, or oscillates, such that one or more holes in the cylinder line up with holes in a fixed port face or in the pivot mounting (trunnion). These engines are mainly used in toys and models, because of their simplicity, but have also been used in full size working engines, mainly on ships where their compactness is valued.[citation needed]",What feature makes this type of engine valuable for use in small mechanized items?,simplicity
"An oscillating cylinder steam engine is a variant of the simple expansion steam engine which does not require valves to direct steam into and out of the cylinder. Instead of valves, the entire cylinder rocks, or oscillates, such that one or more holes in the cylinder line up with holes in a fixed port face or in the pivot mounting (trunnion). These engines are mainly used in toys and models, because of their simplicity, but have also been used in full size working engines, mainly on ships where their compactness is valued.[citation needed]",What aspect of an oscillating steam engine would be considered very beneficial for use in small spaces?,compactness
"An oscillating cylinder steam engine is a variant of the simple expansion steam engine which does not require valves to direct steam into and out of the cylinder. Instead of valves, the entire cylinder rocks, or oscillates, such that one or more holes in the cylinder line up with holes in a fixed port face or in the pivot mounting (trunnion). These engines are mainly used in toys and models, because of their simplicity, but have also been used in full size working engines, mainly on ships where their compactness is valued.[citation needed]",What is another term for oscillates?,rocks
"An oscillating cylinder steam engine is a variant of the simple expansion steam engine which does not require valves to direct steam into and out of the cylinder. Instead of valves, the entire cylinder rocks, or oscillates, such that one or more holes in the cylinder line up with holes in a fixed port face or in the pivot mounting (trunnion). These engines are mainly used in toys and models, because of their simplicity, but have also been used in full size working engines, mainly on ships where their compactness is valued.[citation needed]",In what application is this engine valued because of it's ease of operation?,toys and models
"The Rankine cycle and most practical steam engines have a water pump to recycle or top up the boiler water, so that they may be run continuously. Utility and industrial boilers commonly use multi-stage centrifugal pumps; however, other types are used. Another means of supplying lower-pressure boiler feed water is an injector, which uses a steam jet usually supplied from the boiler. Injectors became popular in the 1850s but are no longer widely used, except in applications such as steam locomotives.",What substance is pumped by the pumps?,water
"The Rankine cycle and most practical steam engines have a water pump to recycle or top up the boiler water, so that they may be run continuously. Utility and industrial boilers commonly use multi-stage centrifugal pumps; however, other types are used. Another means of supplying lower-pressure boiler feed water is an injector, which uses a steam jet usually supplied from the boiler. Injectors became popular in the 1850s but are no longer widely used, except in applications such as steam locomotives.",What substance goes through an injector?,water
"The Rankine cycle and most practical steam engines have a water pump to recycle or top up the boiler water, so that they may be run continuously. Utility and industrial boilers commonly use multi-stage centrifugal pumps; however, other types are used. Another means of supplying lower-pressure boiler feed water is an injector, which uses a steam jet usually supplied from the boiler. Injectors became popular in the 1850s but are no longer widely used, except in applications such as steam locomotives.",What vapor produced from heated water is mentioned here?,steam
"The simplest valve gears give events of fixed length during the engine cycle and often make the engine rotate in only one direction. Most however have a reversing mechanism which additionally can provide means for saving steam as speed and momentum are gained by gradually ""shortening the cutoff"" or rather, shortening the admission event; this in turn proportionately lengthens the expansion period. However, as one and the same valve usually controls both steam flows, a short cutoff at admission adversely affects the exhaust and compression periods which should ideally always be kept fairly constant; if the exhaust event is too brief, the totality of the exhaust steam cannot evacuate the cylinder, choking it and giving excessive compression (""kick back"").[citation needed]",What needs consistency?,exhaust and compression periods
"The simplest valve gears give events of fixed length during the engine cycle and often make the engine rotate in only one direction. Most however have a reversing mechanism which additionally can provide means for saving steam as speed and momentum are gained by gradually ""shortening the cutoff"" or rather, shortening the admission event; this in turn proportionately lengthens the expansion period. However, as one and the same valve usually controls both steam flows, a short cutoff at admission adversely affects the exhaust and compression periods which should ideally always be kept fairly constant; if the exhaust event is too brief, the totality of the exhaust steam cannot evacuate the cylinder, choking it and giving excessive compression (""kick back"").[citation needed]",What needs to be saved?,steam
"The third assessment report (TAR) prominently featured a graph labeled ""Millennial Northern Hemisphere temperature reconstruction"" based on a 1999 paper by Michael E. Mann, Raymond S. Bradley and Malcolm K. Hughes (MBH99), which has been referred to as the ""hockey stick graph"". This graph extended the similar graph in Figure 3.20 from the IPCC Second Assessment Report of 1995, and differed from a schematic in the first assessment report that lacked temperature units, but appeared to depict larger global temperature variations over the past 1000 years, and higher temperatures during the Medieval Warm Period than the mid 20th century. The schematic was not an actual plot of data, and was based on a diagram of temperatures in central England, with temperatures increased on the basis of documentary evidence of Medieval vineyards in England. Even with this increase, the maximum it showed for the Medieval Warm Period did not reach temperatures recorded in central England in 2007. The MBH99 finding was supported by cited reconstructions by Jones et al. 1998, Pollack, Huang & Shen 1998, Crowley & Lowery 2000 and Briffa 2000, using differing data and methods. The Jones et al. and Briffa reconstructions were overlaid with the MBH99 reconstruction in Figure 2.21 of the IPCC report.",What sport is referenced in a paper by Mann?,hockey
"The third assessment report (TAR) prominently featured a graph labeled ""Millennial Northern Hemisphere temperature reconstruction"" based on a 1999 paper by Michael E. Mann, Raymond S. Bradley and Malcolm K. Hughes (MBH99), which has been referred to as the ""hockey stick graph"". This graph extended the similar graph in Figure 3.20 from the IPCC Second Assessment Report of 1995, and differed from a schematic in the first assessment report that lacked temperature units, but appeared to depict larger global temperature variations over the past 1000 years, and higher temperatures during the Medieval Warm Period than the mid 20th century. The schematic was not an actual plot of data, and was based on a diagram of temperatures in central England, with temperatures increased on the basis of documentary evidence of Medieval vineyards in England. Even with this increase, the maximum it showed for the Medieval Warm Period did not reach temperatures recorded in central England in 2007. The MBH99 finding was supported by cited reconstructions by Jones et al. 1998, Pollack, Huang & Shen 1998, Crowley & Lowery 2000 and Briffa 2000, using differing data and methods. The Jones et al. and Briffa reconstructions were overlaid with the MBH99 reconstruction in Figure 2.21 of the IPCC report.",What is Raymond Bradley's middle initial?,S
"The third assessment report (TAR) prominently featured a graph labeled ""Millennial Northern Hemisphere temperature reconstruction"" based on a 1999 paper by Michael E. Mann, Raymond S. Bradley and Malcolm K. Hughes (MBH99), which has been referred to as the ""hockey stick graph"". This graph extended the similar graph in Figure 3.20 from the IPCC Second Assessment Report of 1995, and differed from a schematic in the first assessment report that lacked temperature units, but appeared to depict larger global temperature variations over the past 1000 years, and higher temperatures during the Medieval Warm Period than the mid 20th century. The schematic was not an actual plot of data, and was based on a diagram of temperatures in central England, with temperatures increased on the basis of documentary evidence of Medieval vineyards in England. Even with this increase, the maximum it showed for the Medieval Warm Period did not reach temperatures recorded in central England in 2007. The MBH99 finding was supported by cited reconstructions by Jones et al. 1998, Pollack, Huang & Shen 1998, Crowley & Lowery 2000 and Briffa 2000, using differing data and methods. The Jones et al. and Briffa reconstructions were overlaid with the MBH99 reconstruction in Figure 2.21 of the IPCC report.","Which came out first, the second assessment report or the third assessment report?",the IPCC Second Assessment Report
"The third assessment report (TAR) prominently featured a graph labeled ""Millennial Northern Hemisphere temperature reconstruction"" based on a 1999 paper by Michael E. Mann, Raymond S. Bradley and Malcolm K. Hughes (MBH99), which has been referred to as the ""hockey stick graph"". This graph extended the similar graph in Figure 3.20 from the IPCC Second Assessment Report of 1995, and differed from a schematic in the first assessment report that lacked temperature units, but appeared to depict larger global temperature variations over the past 1000 years, and higher temperatures during the Medieval Warm Period than the mid 20th century. The schematic was not an actual plot of data, and was based on a diagram of temperatures in central England, with temperatures increased on the basis of documentary evidence of Medieval vineyards in England. Even with this increase, the maximum it showed for the Medieval Warm Period did not reach temperatures recorded in central England in 2007. The MBH99 finding was supported by cited reconstructions by Jones et al. 1998, Pollack, Huang & Shen 1998, Crowley & Lowery 2000 and Briffa 2000, using differing data and methods. The Jones et al. and Briffa reconstructions were overlaid with the MBH99 reconstruction in Figure 2.21 of the IPCC report.","Which time had higher temperatures in England, the Medieval Warm Period or 2007?",2007
"The third assessment report (TAR) prominently featured a graph labeled ""Millennial Northern Hemisphere temperature reconstruction"" based on a 1999 paper by Michael E. Mann, Raymond S. Bradley and Malcolm K. Hughes (MBH99), which has been referred to as the ""hockey stick graph"". This graph extended the similar graph in Figure 3.20 from the IPCC Second Assessment Report of 1995, and differed from a schematic in the first assessment report that lacked temperature units, but appeared to depict larger global temperature variations over the past 1000 years, and higher temperatures during the Medieval Warm Period than the mid 20th century. The schematic was not an actual plot of data, and was based on a diagram of temperatures in central England, with temperatures increased on the basis of documentary evidence of Medieval vineyards in England. Even with this increase, the maximum it showed for the Medieval Warm Period did not reach temperatures recorded in central England in 2007. The MBH99 finding was supported by cited reconstructions by Jones et al. 1998, Pollack, Huang & Shen 1998, Crowley & Lowery 2000 and Briffa 2000, using differing data and methods. The Jones et al. and Briffa reconstructions were overlaid with the MBH99 reconstruction in Figure 2.21 of the IPCC report.",Who published in the same year as Briffa?,Crowley & Lowery
"The IPCC does not carry out research nor does it monitor climate related data. Lead authors of IPCC reports assess the available information about climate change based on published sources. According to IPCC guidelines, authors should give priority to peer-reviewed sources. Authors may refer to non-peer-reviewed sources (the ""grey literature""), provided that they are of sufficient quality. Examples of non-peer-reviewed sources include model results, reports from government agencies and non-governmental organizations, and industry journals. Each subsequent IPCC report notes areas where the science has improved since the previous report and also notes areas where further research is required.",What would have to be true of a government agency report in order for an IPCC author to refer to it?,sufficient quality
"The IPCC does not carry out research nor does it monitor climate related data. Lead authors of IPCC reports assess the available information about climate change based on published sources. According to IPCC guidelines, authors should give priority to peer-reviewed sources. Authors may refer to non-peer-reviewed sources (the ""grey literature""), provided that they are of sufficient quality. Examples of non-peer-reviewed sources include model results, reports from government agencies and non-governmental organizations, and industry journals. Each subsequent IPCC report notes areas where the science has improved since the previous report and also notes areas where further research is required.",What type of written item would be of most value to an IPCC lead author?,peer-reviewed sources
"The IPCC does not carry out research nor does it monitor climate related data. Lead authors of IPCC reports assess the available information about climate change based on published sources. According to IPCC guidelines, authors should give priority to peer-reviewed sources. Authors may refer to non-peer-reviewed sources (the ""grey literature""), provided that they are of sufficient quality. Examples of non-peer-reviewed sources include model results, reports from government agencies and non-governmental organizations, and industry journals. Each subsequent IPCC report notes areas where the science has improved since the previous report and also notes areas where further research is required.",What document states that peer-reviewed sources are best for IPCC authors?,IPCC guidelines
"The IPCC does not carry out research nor does it monitor climate related data. Lead authors of IPCC reports assess the available information about climate change based on published sources. According to IPCC guidelines, authors should give priority to peer-reviewed sources. Authors may refer to non-peer-reviewed sources (the ""grey literature""), provided that they are of sufficient quality. Examples of non-peer-reviewed sources include model results, reports from government agencies and non-governmental organizations, and industry journals. Each subsequent IPCC report notes areas where the science has improved since the previous report and also notes areas where further research is required.",What type of source is not included in the grey literature?,peer-reviewed sources
"The executive summary of the WG I Summary for Policymakers report says they are certain that emissions resulting from human activities are substantially increasing the atmospheric concentrations of the greenhouse gases, resulting on average in an additional warming of the Earth's surface. They calculate with confidence that CO2 has been responsible for over half the enhanced greenhouse effect. They predict that under a ""business as usual"" (BAU) scenario, global mean temperature will increase by about 0.3 °C per decade during the [21st] century. They judge that global mean surface air temperature has increased by 0.3 to 0.6 °C over the last 100 years, broadly consistent with prediction of climate models, but also of the same magnitude as natural climate variability. The unequivocal detection of the enhanced greenhouse effect is not likely for a decade or more.",What is the result of emitting CO2 in the atmosphere?,greenhouse effect
"The executive summary of the WG I Summary for Policymakers report says they are certain that emissions resulting from human activities are substantially increasing the atmospheric concentrations of the greenhouse gases, resulting on average in an additional warming of the Earth's surface. They calculate with confidence that CO2 has been responsible for over half the enhanced greenhouse effect. They predict that under a ""business as usual"" (BAU) scenario, global mean temperature will increase by about 0.3 °C per decade during the [21st] century. They judge that global mean surface air temperature has increased by 0.3 to 0.6 °C over the last 100 years, broadly consistent with prediction of climate models, but also of the same magnitude as natural climate variability. The unequivocal detection of the enhanced greenhouse effect is not likely for a decade or more.",What do politicians in Washington say if they are unwilling to make changes to laws?,business as usual
"The executive summary of the WG I Summary for Policymakers report says they are certain that emissions resulting from human activities are substantially increasing the atmospheric concentrations of the greenhouse gases, resulting on average in an additional warming of the Earth's surface. They calculate with confidence that CO2 has been responsible for over half the enhanced greenhouse effect. They predict that under a ""business as usual"" (BAU) scenario, global mean temperature will increase by about 0.3 °C per decade during the [21st] century. They judge that global mean surface air temperature has increased by 0.3 to 0.6 °C over the last 100 years, broadly consistent with prediction of climate models, but also of the same magnitude as natural climate variability. The unequivocal detection of the enhanced greenhouse effect is not likely for a decade or more.","In regards of emissions of greenhouse gases, what has happened to the air temperature in the last century?",increased by 0.3 to 0.6 °C
"The executive summary of the WG I Summary for Policymakers report says they are certain that emissions resulting from human activities are substantially increasing the atmospheric concentrations of the greenhouse gases, resulting on average in an additional warming of the Earth's surface. They calculate with confidence that CO2 has been responsible for over half the enhanced greenhouse effect. They predict that under a ""business as usual"" (BAU) scenario, global mean temperature will increase by about 0.3 °C per decade during the [21st] century. They judge that global mean surface air temperature has increased by 0.3 to 0.6 °C over the last 100 years, broadly consistent with prediction of climate models, but also of the same magnitude as natural climate variability. The unequivocal detection of the enhanced greenhouse effect is not likely for a decade or more.",When will we be able to see the effects of the increased emission of greenhouse gases that are occurring now?,not likely for a decade or more
"Since the IPCC does not carry out its own research, it operates on the basis of scientific papers and independently documented results from other scientific bodies, and its schedule for producing reports requires a deadline for submissions prior to the report's final release. In principle, this means that any significant new evidence or events that change our understanding of climate science between this deadline and publication of an IPCC report cannot be included. In an area of science where our scientific understanding is rapidly changing, this has been raised as a serious shortcoming in a body which is widely regarded as the ultimate authority on the science. However, there has generally been a steady evolution of key findings and levels of scientific confidence from one assessment report to the next.[citation needed]",What scientific body is widely regarded as the ultimately authority on the science of climate science?,IPCC
"Since the IPCC does not carry out its own research, it operates on the basis of scientific papers and independently documented results from other scientific bodies, and its schedule for producing reports requires a deadline for submissions prior to the report's final release. In principle, this means that any significant new evidence or events that change our understanding of climate science between this deadline and publication of an IPCC report cannot be included. In an area of science where our scientific understanding is rapidly changing, this has been raised as a serious shortcoming in a body which is widely regarded as the ultimate authority on the science. However, there has generally been a steady evolution of key findings and levels of scientific confidence from one assessment report to the next.[citation needed]","Despite the need for strict deadlines, which sometimes excludes new scientific findings, what reveals a steady evolution of key findings?",assessment report
"Since the IPCC does not carry out its own research, it operates on the basis of scientific papers and independently documented results from other scientific bodies, and its schedule for producing reports requires a deadline for submissions prior to the report's final release. In principle, this means that any significant new evidence or events that change our understanding of climate science between this deadline and publication of an IPCC report cannot be included. In an area of science where our scientific understanding is rapidly changing, this has been raised as a serious shortcoming in a body which is widely regarded as the ultimate authority on the science. However, there has generally been a steady evolution of key findings and levels of scientific confidence from one assessment report to the next.[citation needed]",What is an area of science in which our understanding and knowledge is rapidly changing?,climate science
"Since the IPCC does not carry out its own research, it operates on the basis of scientific papers and independently documented results from other scientific bodies, and its schedule for producing reports requires a deadline for submissions prior to the report's final release. In principle, this means that any significant new evidence or events that change our understanding of climate science between this deadline and publication of an IPCC report cannot be included. In an area of science where our scientific understanding is rapidly changing, this has been raised as a serious shortcoming in a body which is widely regarded as the ultimate authority on the science. However, there has generally been a steady evolution of key findings and levels of scientific confidence from one assessment report to the next.[citation needed]","If some new scientific finding is reported just after the submission deadline, what will happen to it in respect to the IPCC assessment reports?",cannot be included
"The IPCC process on climate change and its efficiency and success has been compared with dealings with other environmental challenges (compare Ozone depletion and global warming). In case of the Ozone depletion global regulation based on the Montreal Protocol has been successful, in case of Climate Change, the Kyoto Protocol failed. The Ozone case was used to assess the efficiency of the IPCC process. The lockstep situation of the IPCC is having built a broad science consensus while states and governments still follow different, if not opposing goals. The underlying linear model of policy-making of more knowledge we have, the better the political response will be is being doubted.",What worked out?,the Montreal Protocol
"The IPCC process on climate change and its efficiency and success has been compared with dealings with other environmental challenges (compare Ozone depletion and global warming). In case of the Ozone depletion global regulation based on the Montreal Protocol has been successful, in case of Climate Change, the Kyoto Protocol failed. The Ozone case was used to assess the efficiency of the IPCC process. The lockstep situation of the IPCC is having built a broad science consensus while states and governments still follow different, if not opposing goals. The underlying linear model of policy-making of more knowledge we have, the better the political response will be is being doubted.",What was a model for global regulation?,Montreal Protocol
"BSkyB's direct-to-home satellite service became available in 10 million homes in 2010, Europe's first pay-TV platform in to achieve that milestone. Confirming it had reached its target, the broadcaster said its reach into 36% of households in the UK represented an audience of more than 25m people. The target was first announced in August 2004, since then an additional 2.4m customers had subscribed to BSkyB's direct-to-home service. Media commentators had debated whether the figure could be reached as the growth in subscriber numbers elsewhere in Europe flattened.",Ten years after the start of the decade it was found in millions of dwellings?,BSkyB's direct-to-home satellite service
"BSkyB's direct-to-home satellite service became available in 10 million homes in 2010, Europe's first pay-TV platform in to achieve that milestone. Confirming it had reached its target, the broadcaster said its reach into 36% of households in the UK represented an audience of more than 25m people. The target was first announced in August 2004, since then an additional 2.4m customers had subscribed to BSkyB's direct-to-home service. Media commentators had debated whether the figure could be reached as the growth in subscriber numbers elsewhere in Europe flattened.",At the forefront of pay-TV in Europe?,BSkyB's direct-to-home satellite service
"BSkyB's direct-to-home satellite service became available in 10 million homes in 2010, Europe's first pay-TV platform in to achieve that milestone. Confirming it had reached its target, the broadcaster said its reach into 36% of households in the UK represented an audience of more than 25m people. The target was first announced in August 2004, since then an additional 2.4m customers had subscribed to BSkyB's direct-to-home service. Media commentators had debated whether the figure could be reached as the growth in subscriber numbers elsewhere in Europe flattened.",Thirty-six percent of households translates into a viewing of north of ?,25m people
"BSkyB's direct-to-home satellite service became available in 10 million homes in 2010, Europe's first pay-TV platform in to achieve that milestone. Confirming it had reached its target, the broadcaster said its reach into 36% of households in the UK represented an audience of more than 25m people. The target was first announced in August 2004, since then an additional 2.4m customers had subscribed to BSkyB's direct-to-home service. Media commentators had debated whether the figure could be reached as the growth in subscriber numbers elsewhere in Europe flattened.",More than 25 million people have subscribed to BSkyB's direct-to-home service which is remarkable because they were doubtful it was was even possible?,Media commentators
"Following a lengthy legal battle with the European Commission, which deemed the exclusivity of the rights to be against the interests of competition and the consumer, BSkyB's monopoly came to an end from the 2007–08 season. In May 2006, the Irish broadcaster Setanta Sports was awarded two of the six Premier League packages that the English FA offered to broadcasters. Sky picked up the remaining four for £1.3bn. In February 2015, Sky bid £4.2bn for a package of 120 premier league games across the three seasons from 2016. This represented an increase of 70% on the previous contract and was said to be £1bn more than the company had expected to pay. The move has been followed by staff cuts, increased subscription prices (including 9% in Sky's family package) and the dropping of the 3D channel.",What was discontinued after the move?,3D channel
"Following a lengthy legal battle with the European Commission, which deemed the exclusivity of the rights to be against the interests of competition and the consumer, BSkyB's monopoly came to an end from the 2007–08 season. In May 2006, the Irish broadcaster Setanta Sports was awarded two of the six Premier League packages that the English FA offered to broadcasters. Sky picked up the remaining four for £1.3bn. In February 2015, Sky bid £4.2bn for a package of 120 premier league games across the three seasons from 2016. This represented an increase of 70% on the previous contract and was said to be £1bn more than the company had expected to pay. The move has been followed by staff cuts, increased subscription prices (including 9% in Sky's family package) and the dropping of the 3D channel.",What happened to Sky afterSetanta Sports was awarded packages?,monopoly came to an end
"Following a lengthy legal battle with the European Commission, which deemed the exclusivity of the rights to be against the interests of competition and the consumer, BSkyB's monopoly came to an end from the 2007–08 season. In May 2006, the Irish broadcaster Setanta Sports was awarded two of the six Premier League packages that the English FA offered to broadcasters. Sky picked up the remaining four for £1.3bn. In February 2015, Sky bid £4.2bn for a package of 120 premier league games across the three seasons from 2016. This represented an increase of 70% on the previous contract and was said to be £1bn more than the company had expected to pay. The move has been followed by staff cuts, increased subscription prices (including 9% in Sky's family package) and the dropping of the 3D channel.",How much more did customers have to pay for the family package?,9%
"Following a lengthy legal battle with the European Commission, which deemed the exclusivity of the rights to be against the interests of competition and the consumer, BSkyB's monopoly came to an end from the 2007–08 season. In May 2006, the Irish broadcaster Setanta Sports was awarded two of the six Premier League packages that the English FA offered to broadcasters. Sky picked up the remaining four for £1.3bn. In February 2015, Sky bid £4.2bn for a package of 120 premier league games across the three seasons from 2016. This represented an increase of 70% on the previous contract and was said to be £1bn more than the company had expected to pay. The move has been followed by staff cuts, increased subscription prices (including 9% in Sky's family package) and the dropping of the 3D channel.",What happened to some employees who worked for Sky?,staff cuts
"BSkyB has no veto over the presence of channels on their EPG, with open access being an enforced part of their operating licence from Ofcom. Any channel which can get carriage on a suitable beam of a satellite at 28° East is entitled to access to BSkyB's EPG for a fee, ranging from £15–100,000. Third-party channels which opt for encryption receive discounts ranging from reduced price to free EPG entries, free carriage on a BSkyB leased transponder, or actual payment for being carried. However, even in this case, BSkyB does not carry any control over the channel's content or carriage issues such as picture quality.",Who cannot overturn change?,BSkyB
"BSkyB has no veto over the presence of channels on their EPG, with open access being an enforced part of their operating licence from Ofcom. Any channel which can get carriage on a suitable beam of a satellite at 28° East is entitled to access to BSkyB's EPG for a fee, ranging from £15–100,000. Third-party channels which opt for encryption receive discounts ranging from reduced price to free EPG entries, free carriage on a BSkyB leased transponder, or actual payment for being carried. However, even in this case, BSkyB does not carry any control over the channel's content or carriage issues such as picture quality.",Who is limited?,BSkyB
"BSkyB has no veto over the presence of channels on their EPG, with open access being an enforced part of their operating licence from Ofcom. Any channel which can get carriage on a suitable beam of a satellite at 28° East is entitled to access to BSkyB's EPG for a fee, ranging from £15–100,000. Third-party channels which opt for encryption receive discounts ranging from reduced price to free EPG entries, free carriage on a BSkyB leased transponder, or actual payment for being carried. However, even in this case, BSkyB does not carry any control over the channel's content or carriage issues such as picture quality.",How can one get a deal?,encryption
"In the autumn of 1991, talks were held for the broadcast rights for Premier League for a five-year period, from the 1992 season. ITV were the current rights holders, and fought hard to retain the new rights. ITV had increased its offer from £18m to £34m per year to keep control of the rights. BSkyB joined forces with the BBC to make a counter bid. The BBC was given the highlights of most of the matches, while BSkyB paying £304m for the Premier League rights, would give them a monopoly of all live matches, up to 60 per year from the 1992 season. Murdoch described sport as a ""battering ram"" for pay-television, providing a strong customer base. A few weeks after the deal, ITV went to the High Court to get an injunction as it believed their bid details had been leaked before the decision was taken. ITV also asked the Office of Fair Trading to investigate since it believed Rupert Murdoch's media empire via its newspapers had influenced the deal. A few days later neither action took effect, ITV believed BSkyB was telephoned and informed of its £262m bid, and Premier League advised BSkyB to increase its counter bid.",Who held the broadcasting rights for the Premier League prior to 1992,ITV
"In the autumn of 1991, talks were held for the broadcast rights for Premier League for a five-year period, from the 1992 season. ITV were the current rights holders, and fought hard to retain the new rights. ITV had increased its offer from £18m to £34m per year to keep control of the rights. BSkyB joined forces with the BBC to make a counter bid. The BBC was given the highlights of most of the matches, while BSkyB paying £304m for the Premier League rights, would give them a monopoly of all live matches, up to 60 per year from the 1992 season. Murdoch described sport as a ""battering ram"" for pay-television, providing a strong customer base. A few weeks after the deal, ITV went to the High Court to get an injunction as it believed their bid details had been leaked before the decision was taken. ITV also asked the Office of Fair Trading to investigate since it believed Rupert Murdoch's media empire via its newspapers had influenced the deal. A few days later neither action took effect, ITV believed BSkyB was telephoned and informed of its £262m bid, and Premier League advised BSkyB to increase its counter bid.",Who bid against ITV for broadcasting rights after the 1991 season,BSkyB joined forces with the BBC to make a counter bid
"In the autumn of 1991, talks were held for the broadcast rights for Premier League for a five-year period, from the 1992 season. ITV were the current rights holders, and fought hard to retain the new rights. ITV had increased its offer from £18m to £34m per year to keep control of the rights. BSkyB joined forces with the BBC to make a counter bid. The BBC was given the highlights of most of the matches, while BSkyB paying £304m for the Premier League rights, would give them a monopoly of all live matches, up to 60 per year from the 1992 season. Murdoch described sport as a ""battering ram"" for pay-television, providing a strong customer base. A few weeks after the deal, ITV went to the High Court to get an injunction as it believed their bid details had been leaked before the decision was taken. ITV also asked the Office of Fair Trading to investigate since it believed Rupert Murdoch's media empire via its newspapers had influenced the deal. A few days later neither action took effect, ITV believed BSkyB was telephoned and informed of its £262m bid, and Premier League advised BSkyB to increase its counter bid.",How weree the broadcasting rights divided between the two successful bidders,"The BBC was given the highlights of most of the matches, while BSkyB paying £304m for the Premier League rights"
"In the autumn of 1991, talks were held for the broadcast rights for Premier League for a five-year period, from the 1992 season. ITV were the current rights holders, and fought hard to retain the new rights. ITV had increased its offer from £18m to £34m per year to keep control of the rights. BSkyB joined forces with the BBC to make a counter bid. The BBC was given the highlights of most of the matches, while BSkyB paying £304m for the Premier League rights, would give them a monopoly of all live matches, up to 60 per year from the 1992 season. Murdoch described sport as a ""battering ram"" for pay-television, providing a strong customer base. A few weeks after the deal, ITV went to the High Court to get an injunction as it believed their bid details had been leaked before the decision was taken. ITV also asked the Office of Fair Trading to investigate since it believed Rupert Murdoch's media empire via its newspapers had influenced the deal. A few days later neither action took effect, ITV believed BSkyB was telephoned and informed of its £262m bid, and Premier League advised BSkyB to increase its counter bid.",Why did ITV challenge the Premier League's decision,it believed their bid details had been leaked before the decision was taken
"In the autumn of 1991, talks were held for the broadcast rights for Premier League for a five-year period, from the 1992 season. ITV were the current rights holders, and fought hard to retain the new rights. ITV had increased its offer from £18m to £34m per year to keep control of the rights. BSkyB joined forces with the BBC to make a counter bid. The BBC was given the highlights of most of the matches, while BSkyB paying £304m for the Premier League rights, would give them a monopoly of all live matches, up to 60 per year from the 1992 season. Murdoch described sport as a ""battering ram"" for pay-television, providing a strong customer base. A few weeks after the deal, ITV went to the High Court to get an injunction as it believed their bid details had been leaked before the decision was taken. ITV also asked the Office of Fair Trading to investigate since it believed Rupert Murdoch's media empire via its newspapers had influenced the deal. A few days later neither action took effect, ITV believed BSkyB was telephoned and informed of its £262m bid, and Premier League advised BSkyB to increase its counter bid.",How did ITV specifically think bid details had been leaked,"ITV believed BSkyB was telephoned and informed of its £262m bid, and Premier League advised BSkyB to increase its counter bid"
"On 8 February 2007, BSkyB announced its intention to replace its three free-to-air digital terrestrial channels with four subscription channels. It was proposed that these channels would offer a range of content from the BSkyB portfolio including sport (including English Premier League Football), films, entertainment and news. The announcement came a day after Setanta Sports confirmed that it would launch in March as a subscription service on the digital terrestrial platform, and on the same day that NTL's services re-branded as Virgin Media. However, industry sources believe BSkyB will be forced to shelve plans to withdraw its channels from Freeview and replace them with subscription channels, due to possible lost advertising revenue.",What happened at the same time NTL's services re-branded as Virgin Media?,BSkyB announced its intention to replace its three free-to-air digital terrestrial channels with four subscription channels
"On 8 February 2007, BSkyB announced its intention to replace its three free-to-air digital terrestrial channels with four subscription channels. It was proposed that these channels would offer a range of content from the BSkyB portfolio including sport (including English Premier League Football), films, entertainment and news. The announcement came a day after Setanta Sports confirmed that it would launch in March as a subscription service on the digital terrestrial platform, and on the same day that NTL's services re-branded as Virgin Media. However, industry sources believe BSkyB will be forced to shelve plans to withdraw its channels from Freeview and replace them with subscription channels, due to possible lost advertising revenue.",What happened 24 hours before NTL changed it's name?,Setanta Sports confirmed that it would launch in March as a subscription service on the digital terrestrial platform
"On 8 February 2007, BSkyB announced its intention to replace its three free-to-air digital terrestrial channels with four subscription channels. It was proposed that these channels would offer a range of content from the BSkyB portfolio including sport (including English Premier League Football), films, entertainment and news. The announcement came a day after Setanta Sports confirmed that it would launch in March as a subscription service on the digital terrestrial platform, and on the same day that NTL's services re-branded as Virgin Media. However, industry sources believe BSkyB will be forced to shelve plans to withdraw its channels from Freeview and replace them with subscription channels, due to possible lost advertising revenue.",Who thought BSkyB might change its mind about the transition?,industry sources
"On 8 February 2007, BSkyB announced its intention to replace its three free-to-air digital terrestrial channels with four subscription channels. It was proposed that these channels would offer a range of content from the BSkyB portfolio including sport (including English Premier League Football), films, entertainment and news. The announcement came a day after Setanta Sports confirmed that it would launch in March as a subscription service on the digital terrestrial platform, and on the same day that NTL's services re-branded as Virgin Media. However, industry sources believe BSkyB will be forced to shelve plans to withdraw its channels from Freeview and replace them with subscription channels, due to possible lost advertising revenue.",What was Virgin Media previous known as?,NTL
"On 8 February 2007, BSkyB announced its intention to replace its three free-to-air digital terrestrial channels with four subscription channels. It was proposed that these channels would offer a range of content from the BSkyB portfolio including sport (including English Premier League Football), films, entertainment and news. The announcement came a day after Setanta Sports confirmed that it would launch in March as a subscription service on the digital terrestrial platform, and on the same day that NTL's services re-branded as Virgin Media. However, industry sources believe BSkyB will be forced to shelve plans to withdraw its channels from Freeview and replace them with subscription channels, due to possible lost advertising revenue.","What range of content does BSkyB offer besides films, sport, and news?",entertainment
"BSkyB initially charged additional subscription fees for using a Sky+ PVR with their service; waiving the charge for subscribers whose package included two or more premium channels. This changed as from 1 July 2007, and now customers that have Sky+ and subscribe to any BSkyB subscription package get Sky+ included at no extra charge. Customers that do not subscribe to BSkyB's channels can still pay a monthly fee to enable Sky+ functions. In January 2010 BSkyB discontinued the Sky+ Box, limited the standard Sky Box to Multiroom upgrade only and started to issue the Sky+HD Box as standard, thus giving all new subscribers the functions of Sky+. In February 2011 BSkyB discontinued the non-HD variant of its Multiroom box, offering a smaller version of the SkyHD box without Sky+ functionality. In September 2007, Sky launched a new TV advertising campaign targeting Sky+ at women. As of 31 March 2008, Sky had 3,393,000 Sky+ users.",How could subscribers get free Sky+?,package included two or more premium channels
"BSkyB initially charged additional subscription fees for using a Sky+ PVR with their service; waiving the charge for subscribers whose package included two or more premium channels. This changed as from 1 July 2007, and now customers that have Sky+ and subscribe to any BSkyB subscription package get Sky+ included at no extra charge. Customers that do not subscribe to BSkyB's channels can still pay a monthly fee to enable Sky+ functions. In January 2010 BSkyB discontinued the Sky+ Box, limited the standard Sky Box to Multiroom upgrade only and started to issue the Sky+HD Box as standard, thus giving all new subscribers the functions of Sky+. In February 2011 BSkyB discontinued the non-HD variant of its Multiroom box, offering a smaller version of the SkyHD box without Sky+ functionality. In September 2007, Sky launched a new TV advertising campaign targeting Sky+ at women. As of 31 March 2008, Sky had 3,393,000 Sky+ users.",What do customers that subscribe to BSkyB get for free?,Sky+
"BSkyB initially charged additional subscription fees for using a Sky+ PVR with their service; waiving the charge for subscribers whose package included two or more premium channels. This changed as from 1 July 2007, and now customers that have Sky+ and subscribe to any BSkyB subscription package get Sky+ included at no extra charge. Customers that do not subscribe to BSkyB's channels can still pay a monthly fee to enable Sky+ functions. In January 2010 BSkyB discontinued the Sky+ Box, limited the standard Sky Box to Multiroom upgrade only and started to issue the Sky+HD Box as standard, thus giving all new subscribers the functions of Sky+. In February 2011 BSkyB discontinued the non-HD variant of its Multiroom box, offering a smaller version of the SkyHD box without Sky+ functionality. In September 2007, Sky launched a new TV advertising campaign targeting Sky+ at women. As of 31 March 2008, Sky had 3,393,000 Sky+ users.",What was the replacement for the Sky+ Box?,Sky+HD Box
"BSkyB initially charged additional subscription fees for using a Sky+ PVR with their service; waiving the charge for subscribers whose package included two or more premium channels. This changed as from 1 July 2007, and now customers that have Sky+ and subscribe to any BSkyB subscription package get Sky+ included at no extra charge. Customers that do not subscribe to BSkyB's channels can still pay a monthly fee to enable Sky+ functions. In January 2010 BSkyB discontinued the Sky+ Box, limited the standard Sky Box to Multiroom upgrade only and started to issue the Sky+HD Box as standard, thus giving all new subscribers the functions of Sky+. In February 2011 BSkyB discontinued the non-HD variant of its Multiroom box, offering a smaller version of the SkyHD box without Sky+ functionality. In September 2007, Sky launched a new TV advertising campaign targeting Sky+ at women. As of 31 March 2008, Sky had 3,393,000 Sky+ users.",What box customers who don't want Sky+ service get?,smaller version of the SkyHD box without Sky+
"BSkyB initially charged additional subscription fees for using a Sky+ PVR with their service; waiving the charge for subscribers whose package included two or more premium channels. This changed as from 1 July 2007, and now customers that have Sky+ and subscribe to any BSkyB subscription package get Sky+ included at no extra charge. Customers that do not subscribe to BSkyB's channels can still pay a monthly fee to enable Sky+ functions. In January 2010 BSkyB discontinued the Sky+ Box, limited the standard Sky Box to Multiroom upgrade only and started to issue the Sky+HD Box as standard, thus giving all new subscribers the functions of Sky+. In February 2011 BSkyB discontinued the non-HD variant of its Multiroom box, offering a smaller version of the SkyHD box without Sky+ functionality. In September 2007, Sky launched a new TV advertising campaign targeting Sky+ at women. As of 31 March 2008, Sky had 3,393,000 Sky+ users.",If a customer in 2012 subscribed to BSkyB and also had an HDTV and wanted Sky+ which box would they use?,Sky+HD
"Formed in November 1990 by the equal merger of Sky Television and British Satellite Broadcasting, BSkyB became the UK's largest digital subscription television company. Following BSkyB's 2014 acquisition of Sky Italia and a majority 90.04% interest in Sky Deutschland in November 2014, its holding company British Sky Broadcasting Group plc changed its name to Sky plc. The United Kingdom operations also changed the company name from British Sky Broadcasting Limited to Sky UK Limited, still trading as Sky.",Another way to call Germany in the German language is?,Deutschland
"Formed in November 1990 by the equal merger of Sky Television and British Satellite Broadcasting, BSkyB became the UK's largest digital subscription television company. Following BSkyB's 2014 acquisition of Sky Italia and a majority 90.04% interest in Sky Deutschland in November 2014, its holding company British Sky Broadcasting Group plc changed its name to Sky plc. The United Kingdom operations also changed the company name from British Sky Broadcasting Limited to Sky UK Limited, still trading as Sky.","Sky UK Limited aquired various companies before it was renamed from British Sky Broadcasting Limited, which one orignated from the country where Rome is located?",Sky Italia
"Formed in November 1990 by the equal merger of Sky Television and British Satellite Broadcasting, BSkyB became the UK's largest digital subscription television company. Following BSkyB's 2014 acquisition of Sky Italia and a majority 90.04% interest in Sky Deutschland in November 2014, its holding company British Sky Broadcasting Group plc changed its name to Sky plc. The United Kingdom operations also changed the company name from British Sky Broadcasting Limited to Sky UK Limited, still trading as Sky.",Sky UK Limited primarily deals with what kind of service or product?,digital subscription television
"Formed in November 1990 by the equal merger of Sky Television and British Satellite Broadcasting, BSkyB became the UK's largest digital subscription television company. Following BSkyB's 2014 acquisition of Sky Italia and a majority 90.04% interest in Sky Deutschland in November 2014, its holding company British Sky Broadcasting Group plc changed its name to Sky plc. The United Kingdom operations also changed the company name from British Sky Broadcasting Limited to Sky UK Limited, still trading as Sky.",What entertainment medium does Sky UK Limited deal with in its products and subscriptions?,television
"Formed in November 1990 by the equal merger of Sky Television and British Satellite Broadcasting, BSkyB became the UK's largest digital subscription television company. Following BSkyB's 2014 acquisition of Sky Italia and a majority 90.04% interest in Sky Deutschland in November 2014, its holding company British Sky Broadcasting Group plc changed its name to Sky plc. The United Kingdom operations also changed the company name from British Sky Broadcasting Limited to Sky UK Limited, still trading as Sky.",The previous name for Sky UK Limited that likely gave it is modern name was called?,British Sky Broadcasting Limited
"The Daily Mail newspaper reported in 2012 that the UK government's benefits agency was checking claimants' ""Sky TV bills to establish if a woman in receipt of benefits as a single mother is wrongly claiming to be living alone"" – as, it claimed, subscription to sports channels would betray a man's presence in the household. In December, the UK’s parliament heard a claim that a subscription to BSkyB was ‘often damaging’, along with alcohol, tobacco and gambling. Conservative MP Alec Shelbrooke was proposing the payments of benefits and tax credits on a ""Welfare Cash Card"", in the style of the Supplemental Nutrition Assistance Program, that could be used to buy only ""essentials"".","A subscription to BSkyB was described to damage an individual in many ways, in addition to which vice that is primarily involved with the potential to earn money?",gambling
"The Daily Mail newspaper reported in 2012 that the UK government's benefits agency was checking claimants' ""Sky TV bills to establish if a woman in receipt of benefits as a single mother is wrongly claiming to be living alone"" – as, it claimed, subscription to sports channels would betray a man's presence in the household. In December, the UK’s parliament heard a claim that a subscription to BSkyB was ‘often damaging’, along with alcohol, tobacco and gambling. Conservative MP Alec Shelbrooke was proposing the payments of benefits and tax credits on a ""Welfare Cash Card"", in the style of the Supplemental Nutrition Assistance Program, that could be used to buy only ""essentials"".",Sports channel subscriptions are implied by the passage to primarily be associated with which gender?,man
"The Daily Mail newspaper reported in 2012 that the UK government's benefits agency was checking claimants' ""Sky TV bills to establish if a woman in receipt of benefits as a single mother is wrongly claiming to be living alone"" – as, it claimed, subscription to sports channels would betray a man's presence in the household. In December, the UK’s parliament heard a claim that a subscription to BSkyB was ‘often damaging’, along with alcohol, tobacco and gambling. Conservative MP Alec Shelbrooke was proposing the payments of benefits and tax credits on a ""Welfare Cash Card"", in the style of the Supplemental Nutrition Assistance Program, that could be used to buy only ""essentials"".",A substance that can be chewed or smoked that is considered to be hazardous to be used by an individual is called?,tobacco
"The Daily Mail newspaper reported in 2012 that the UK government's benefits agency was checking claimants' ""Sky TV bills to establish if a woman in receipt of benefits as a single mother is wrongly claiming to be living alone"" – as, it claimed, subscription to sports channels would betray a man's presence in the household. In December, the UK’s parliament heard a claim that a subscription to BSkyB was ‘often damaging’, along with alcohol, tobacco and gambling. Conservative MP Alec Shelbrooke was proposing the payments of benefits and tax credits on a ""Welfare Cash Card"", in the style of the Supplemental Nutrition Assistance Program, that could be used to buy only ""essentials"".","Conservative members of the UK parliament in 2012 argued that a Welfare Cash Card should be used to pay for essentials, not which item being bought by single mothers?",subscription to sports channels
"The Daily Mail newspaper reported in 2012 that the UK government's benefits agency was checking claimants' ""Sky TV bills to establish if a woman in receipt of benefits as a single mother is wrongly claiming to be living alone"" – as, it claimed, subscription to sports channels would betray a man's presence in the household. In December, the UK’s parliament heard a claim that a subscription to BSkyB was ‘often damaging’, along with alcohol, tobacco and gambling. Conservative MP Alec Shelbrooke was proposing the payments of benefits and tax credits on a ""Welfare Cash Card"", in the style of the Supplemental Nutrition Assistance Program, that could be used to buy only ""essentials"".",Incentives given to taxpayers to reduce the amount of taxes are called?,tax credits
"The city is served by the Tyne and Wear Metro, a system of suburban and underground railways covering much of Tyne and Wear. It was opened in five phases between 1980 and 1984, and was Britain's first urban light rail transit system; two extensions were opened in 1991 and 2002. It was developed from a combination of existing and newly built tracks and stations, with deep-level tunnels constructed through Newcastle city centre. A bridge was built across the Tyne, between Newcastle and Gateshead, and opened by Queen Elizabeth II in 1981. The network is operated by DB Regio on behalf of Nexus and carries over 37 million passengers a year, extending as far as Newcastle Airport, Tynemouth, South Shields and South Hylton in Sunderland. In 2004, the company Marconi designed and constructed the mobile radio system to the underground Metro system. The Metro system was the first in the UK to have mobile phone antennae installed in the tunnels.",What area does Tyne and Wear Metro cover besides Wear?,Tyne
"The city is served by the Tyne and Wear Metro, a system of suburban and underground railways covering much of Tyne and Wear. It was opened in five phases between 1980 and 1984, and was Britain's first urban light rail transit system; two extensions were opened in 1991 and 2002. It was developed from a combination of existing and newly built tracks and stations, with deep-level tunnels constructed through Newcastle city centre. A bridge was built across the Tyne, between Newcastle and Gateshead, and opened by Queen Elizabeth II in 1981. The network is operated by DB Regio on behalf of Nexus and carries over 37 million passengers a year, extending as far as Newcastle Airport, Tynemouth, South Shields and South Hylton in Sunderland. In 2004, the company Marconi designed and constructed the mobile radio system to the underground Metro system. The Metro system was the first in the UK to have mobile phone antennae installed in the tunnels.",What sort of area is covered by the railways besides suburban?,underground
"The city is served by the Tyne and Wear Metro, a system of suburban and underground railways covering much of Tyne and Wear. It was opened in five phases between 1980 and 1984, and was Britain's first urban light rail transit system; two extensions were opened in 1991 and 2002. It was developed from a combination of existing and newly built tracks and stations, with deep-level tunnels constructed through Newcastle city centre. A bridge was built across the Tyne, between Newcastle and Gateshead, and opened by Queen Elizabeth II in 1981. The network is operated by DB Regio on behalf of Nexus and carries over 37 million passengers a year, extending as far as Newcastle Airport, Tynemouth, South Shields and South Hylton in Sunderland. In 2004, the company Marconi designed and constructed the mobile radio system to the underground Metro system. The Metro system was the first in the UK to have mobile phone antennae installed in the tunnels.",What did the Tyne and Wear Metro system come out with before anyone else?,phone antennae installed in the tunnels
"The city is served by the Tyne and Wear Metro, a system of suburban and underground railways covering much of Tyne and Wear. It was opened in five phases between 1980 and 1984, and was Britain's first urban light rail transit system; two extensions were opened in 1991 and 2002. It was developed from a combination of existing and newly built tracks and stations, with deep-level tunnels constructed through Newcastle city centre. A bridge was built across the Tyne, between Newcastle and Gateshead, and opened by Queen Elizabeth II in 1981. The network is operated by DB Regio on behalf of Nexus and carries over 37 million passengers a year, extending as far as Newcastle Airport, Tynemouth, South Shields and South Hylton in Sunderland. In 2004, the company Marconi designed and constructed the mobile radio system to the underground Metro system. The Metro system was the first in the UK to have mobile phone antennae installed in the tunnels.",WHat did the bridge connect besides Gateshead and Tyne?,Newcastle
"There are 3 main bus companies providing services in the city; Arriva North East, Go North East and Stagecoach North East. There are two major bus stations in the city: Haymarket bus station and Eldon Square bus station. Arriva mainly operates from Haymarket Bus Station providing the majority of services to the north of Newcastle, Northumberland and North Tyneside. Go-Ahead operates from Eldon Square Bus Station, providing the majority of services south of the river in Gateshead, South Tyneside, Sunderland, and County Durham. Stagecoach is the primary operator in the city proper, with cross-city services mainly between both the West and East ends via the city centre with some services extending out to the MetroCentre, Killingworth, Wallsend and Ponteland. Bus Services in Newcastle upon Tyne and the surrounding boroughs part of the Tyne and Wear area are coordinated by Nexus, the Tyne and Wear Passenger Transport Executive.",Who shares a name with an older type of transportation?,Stagecoach North East
"The city has an extensive neoclassical centre referred to as Tyneside Classical largely developed in the 1830s by Richard Grainger and John Dobson, and recently extensively restored. Broadcaster and writer Stuart Maconie described Newcastle as England's best-looking city and the late German-born British scholar of architecture, Nikolaus Pevsner, describes Grey Street as one of the finest streets in England. The street curves down from Grey's Monument towards the valley of the River Tyne and was voted England's finest street in 2005 in a survey of BBC Radio 4 listeners. In the Google Street View awards of 2010, Grey Street came 3rd in the British picturesque category. Osborne Road came 4th in the foodie street category. A portion of Grainger Town was demolished in the 1960s to make way for the Eldon Square Shopping Centre, including all but one side of the original Eldon Square itself.",What did Grey Street get for it's looks?,Google Street View awards
"The city has an extensive neoclassical centre referred to as Tyneside Classical largely developed in the 1830s by Richard Grainger and John Dobson, and recently extensively restored. Broadcaster and writer Stuart Maconie described Newcastle as England's best-looking city and the late German-born British scholar of architecture, Nikolaus Pevsner, describes Grey Street as one of the finest streets in England. The street curves down from Grey's Monument towards the valley of the River Tyne and was voted England's finest street in 2005 in a survey of BBC Radio 4 listeners. In the Google Street View awards of 2010, Grey Street came 3rd in the British picturesque category. Osborne Road came 4th in the foodie street category. A portion of Grainger Town was demolished in the 1960s to make way for the Eldon Square Shopping Centre, including all but one side of the original Eldon Square itself.",What position did Pevsner have?,scholar
"Other shopping destinations in Newcastle include Grainger Street and the area around Grey's Monument, the relatively modern Eldon Garden and Monument Mall complexes, the Newgate Centre, Central Arcade and the traditional Grainger Market. Outside the city centre, the largest suburban shopping areas are Gosforth and Byker. The largest Tesco store in the United Kingdom is located in Kingston Park on the edge of Newcastle. Close to Newcastle, the largest indoor shopping centre in Europe, the MetroCentre, is located in Gateshead.",Where is the city located?,United Kingdom
"Other shopping destinations in Newcastle include Grainger Street and the area around Grey's Monument, the relatively modern Eldon Garden and Monument Mall complexes, the Newgate Centre, Central Arcade and the traditional Grainger Market. Outside the city centre, the largest suburban shopping areas are Gosforth and Byker. The largest Tesco store in the United Kingdom is located in Kingston Park on the edge of Newcastle. Close to Newcastle, the largest indoor shopping centre in Europe, the MetroCentre, is located in Gateshead.",What is the only continent mentioned in the text?,Europe
"Other shopping destinations in Newcastle include Grainger Street and the area around Grey's Monument, the relatively modern Eldon Garden and Monument Mall complexes, the Newgate Centre, Central Arcade and the traditional Grainger Market. Outside the city centre, the largest suburban shopping areas are Gosforth and Byker. The largest Tesco store in the United Kingdom is located in Kingston Park on the edge of Newcastle. Close to Newcastle, the largest indoor shopping centre in Europe, the MetroCentre, is located in Gateshead.",What activity is at the center of the text?,shopping
"Other shopping destinations in Newcastle include Grainger Street and the area around Grey's Monument, the relatively modern Eldon Garden and Monument Mall complexes, the Newgate Centre, Central Arcade and the traditional Grainger Market. Outside the city centre, the largest suburban shopping areas are Gosforth and Byker. The largest Tesco store in the United Kingdom is located in Kingston Park on the edge of Newcastle. Close to Newcastle, the largest indoor shopping centre in Europe, the MetroCentre, is located in Gateshead.",Where do you find the largest indoor shopping center in Europe?,Gateshead
"In 2010, Newcastle was positioned ninth in the retail centre expenditure league of the UK. There are several major shopping areas in Newcastle City Centre. The largest of these is the Eldon Square Shopping Centre, one of the largest city centre shopping complexes in the UK. It incorporates a flagship Debenhams store as well as one of the largest John Lewis stores in the UK. John Lewis is still known to many in Newcastle as Bainbridges. Newcastle store Bainbridge's, opened in 1838, is often cited as the world’s first department store. Emerson Bainbridge (1817–1892), a pioneer and the founder of Bainbridges, sold goods via department, a new for merchant custom for that time. The Bainbridge’s official ledgers reported revenue by department, giving birth to the name department store. Eldon Square is currently undergoing a full redevelopment. A new bus station, replacing the old underground bus station, was officially opened in March 2007. The wing of the centre, including the undercover Green Market, near Grainger Street was demolished in 2007 so that the area could be redeveloped. This was completed in February 2010 with the opening of a flagship Debenhams department store as well as other major stores including Apple, Hollister and Guess.",Another name for the retail outlet John Lewis is what?,Bainbridges
"In 2010, Newcastle was positioned ninth in the retail centre expenditure league of the UK. There are several major shopping areas in Newcastle City Centre. The largest of these is the Eldon Square Shopping Centre, one of the largest city centre shopping complexes in the UK. It incorporates a flagship Debenhams store as well as one of the largest John Lewis stores in the UK. John Lewis is still known to many in Newcastle as Bainbridges. Newcastle store Bainbridge's, opened in 1838, is often cited as the world’s first department store. Emerson Bainbridge (1817–1892), a pioneer and the founder of Bainbridges, sold goods via department, a new for merchant custom for that time. The Bainbridge’s official ledgers reported revenue by department, giving birth to the name department store. Eldon Square is currently undergoing a full redevelopment. A new bus station, replacing the old underground bus station, was officially opened in March 2007. The wing of the centre, including the undercover Green Market, near Grainger Street was demolished in 2007 so that the area could be redeveloped. This was completed in February 2010 with the opening of a flagship Debenhams department store as well as other major stores including Apple, Hollister and Guess.","Historically, Bainbridges is credited as being what?",world’s first department store
"In 2010, Newcastle was positioned ninth in the retail centre expenditure league of the UK. There are several major shopping areas in Newcastle City Centre. The largest of these is the Eldon Square Shopping Centre, one of the largest city centre shopping complexes in the UK. It incorporates a flagship Debenhams store as well as one of the largest John Lewis stores in the UK. John Lewis is still known to many in Newcastle as Bainbridges. Newcastle store Bainbridge's, opened in 1838, is often cited as the world’s first department store. Emerson Bainbridge (1817–1892), a pioneer and the founder of Bainbridges, sold goods via department, a new for merchant custom for that time. The Bainbridge’s official ledgers reported revenue by department, giving birth to the name department store. Eldon Square is currently undergoing a full redevelopment. A new bus station, replacing the old underground bus station, was officially opened in March 2007. The wing of the centre, including the undercover Green Market, near Grainger Street was demolished in 2007 so that the area could be redeveloped. This was completed in February 2010 with the opening of a flagship Debenhams department store as well as other major stores including Apple, Hollister and Guess.","The rational behind calling a retailer a ""department store"" comes from the fact that Bainbridges originally did what for the first time?",sold goods via department
"In 2010, Newcastle was positioned ninth in the retail centre expenditure league of the UK. There are several major shopping areas in Newcastle City Centre. The largest of these is the Eldon Square Shopping Centre, one of the largest city centre shopping complexes in the UK. It incorporates a flagship Debenhams store as well as one of the largest John Lewis stores in the UK. John Lewis is still known to many in Newcastle as Bainbridges. Newcastle store Bainbridge's, opened in 1838, is often cited as the world’s first department store. Emerson Bainbridge (1817–1892), a pioneer and the founder of Bainbridges, sold goods via department, a new for merchant custom for that time. The Bainbridge’s official ledgers reported revenue by department, giving birth to the name department store. Eldon Square is currently undergoing a full redevelopment. A new bus station, replacing the old underground bus station, was officially opened in March 2007. The wing of the centre, including the undercover Green Market, near Grainger Street was demolished in 2007 so that the area could be redeveloped. This was completed in February 2010 with the opening of a flagship Debenhams department store as well as other major stores including Apple, Hollister and Guess.",The founder of Bainbridges department store died in what year?,1892
"In 2010, Newcastle was positioned ninth in the retail centre expenditure league of the UK. There are several major shopping areas in Newcastle City Centre. The largest of these is the Eldon Square Shopping Centre, one of the largest city centre shopping complexes in the UK. It incorporates a flagship Debenhams store as well as one of the largest John Lewis stores in the UK. John Lewis is still known to many in Newcastle as Bainbridges. Newcastle store Bainbridge's, opened in 1838, is often cited as the world’s first department store. Emerson Bainbridge (1817–1892), a pioneer and the founder of Bainbridges, sold goods via department, a new for merchant custom for that time. The Bainbridge’s official ledgers reported revenue by department, giving birth to the name department store. Eldon Square is currently undergoing a full redevelopment. A new bus station, replacing the old underground bus station, was officially opened in March 2007. The wing of the centre, including the undercover Green Market, near Grainger Street was demolished in 2007 so that the area could be redeveloped. This was completed in February 2010 with the opening of a flagship Debenhams department store as well as other major stores including Apple, Hollister and Guess.",The founder of Bainbridges department store was born in what year?,1817
"In 2010, Newcastle was positioned ninth in the retail centre expenditure league of the UK. There are several major shopping areas in Newcastle City Centre. The largest of these is the Eldon Square Shopping Centre, one of the largest city centre shopping complexes in the UK. It incorporates a flagship Debenhams store as well as one of the largest John Lewis stores in the UK. John Lewis is still known to many in Newcastle as Bainbridges. Newcastle store Bainbridge's, opened in 1838, is often cited as the world’s first department store. Emerson Bainbridge (1817–1892), a pioneer and the founder of Bainbridges, sold goods via department, a new for merchant custom for that time. The Bainbridge’s official ledgers reported revenue by department, giving birth to the name department store. Eldon Square is currently undergoing a full redevelopment. A new bus station, replacing the old underground bus station, was officially opened in March 2007. The wing of the centre, including the undercover Green Market, near Grainger Street was demolished in 2007 so that the area could be redeveloped. This was completed in February 2010 with the opening of a flagship Debenhams department store as well as other major stores including Apple, Hollister and Guess.",Who was born in the year that immediately precedes 1818?,Emerson Bainbridge
"In 2010, Newcastle was positioned ninth in the retail centre expenditure league of the UK. There are several major shopping areas in Newcastle City Centre. The largest of these is the Eldon Square Shopping Centre, one of the largest city centre shopping complexes in the UK. It incorporates a flagship Debenhams store as well as one of the largest John Lewis stores in the UK. John Lewis is still known to many in Newcastle as Bainbridges. Newcastle store Bainbridge's, opened in 1838, is often cited as the world’s first department store. Emerson Bainbridge (1817–1892), a pioneer and the founder of Bainbridges, sold goods via department, a new for merchant custom for that time. The Bainbridge’s official ledgers reported revenue by department, giving birth to the name department store. Eldon Square is currently undergoing a full redevelopment. A new bus station, replacing the old underground bus station, was officially opened in March 2007. The wing of the centre, including the undercover Green Market, near Grainger Street was demolished in 2007 so that the area could be redeveloped. This was completed in February 2010 with the opening of a flagship Debenhams department store as well as other major stores including Apple, Hollister and Guess.",Who died in the year that immediately follows 1891?,Emerson Bainbridge
"In 2010, Newcastle was positioned ninth in the retail centre expenditure league of the UK. There are several major shopping areas in Newcastle City Centre. The largest of these is the Eldon Square Shopping Centre, one of the largest city centre shopping complexes in the UK. It incorporates a flagship Debenhams store as well as one of the largest John Lewis stores in the UK. John Lewis is still known to many in Newcastle as Bainbridges. Newcastle store Bainbridge's, opened in 1838, is often cited as the world’s first department store. Emerson Bainbridge (1817–1892), a pioneer and the founder of Bainbridges, sold goods via department, a new for merchant custom for that time. The Bainbridge’s official ledgers reported revenue by department, giving birth to the name department store. Eldon Square is currently undergoing a full redevelopment. A new bus station, replacing the old underground bus station, was officially opened in March 2007. The wing of the centre, including the undercover Green Market, near Grainger Street was demolished in 2007 so that the area could be redeveloped. This was completed in February 2010 with the opening of a flagship Debenhams department store as well as other major stores including Apple, Hollister and Guess.","Which opened earlier, the new bus station or the flagship Debenhams department store?",new bus station
"In 2010, Newcastle was positioned ninth in the retail centre expenditure league of the UK. There are several major shopping areas in Newcastle City Centre. The largest of these is the Eldon Square Shopping Centre, one of the largest city centre shopping complexes in the UK. It incorporates a flagship Debenhams store as well as one of the largest John Lewis stores in the UK. John Lewis is still known to many in Newcastle as Bainbridges. Newcastle store Bainbridge's, opened in 1838, is often cited as the world’s first department store. Emerson Bainbridge (1817–1892), a pioneer and the founder of Bainbridges, sold goods via department, a new for merchant custom for that time. The Bainbridge’s official ledgers reported revenue by department, giving birth to the name department store. Eldon Square is currently undergoing a full redevelopment. A new bus station, replacing the old underground bus station, was officially opened in March 2007. The wing of the centre, including the undercover Green Market, near Grainger Street was demolished in 2007 so that the area could be redeveloped. This was completed in February 2010 with the opening of a flagship Debenhams department store as well as other major stores including Apple, Hollister and Guess.","Which opened after 2009, the new bus station or the flagship Debenhams department store?",flagship Debenhams department store
"In 2010, Newcastle was positioned ninth in the retail centre expenditure league of the UK. There are several major shopping areas in Newcastle City Centre. The largest of these is the Eldon Square Shopping Centre, one of the largest city centre shopping complexes in the UK. It incorporates a flagship Debenhams store as well as one of the largest John Lewis stores in the UK. John Lewis is still known to many in Newcastle as Bainbridges. Newcastle store Bainbridge's, opened in 1838, is often cited as the world’s first department store. Emerson Bainbridge (1817–1892), a pioneer and the founder of Bainbridges, sold goods via department, a new for merchant custom for that time. The Bainbridge’s official ledgers reported revenue by department, giving birth to the name department store. Eldon Square is currently undergoing a full redevelopment. A new bus station, replacing the old underground bus station, was officially opened in March 2007. The wing of the centre, including the undercover Green Market, near Grainger Street was demolished in 2007 so that the area could be redeveloped. This was completed in February 2010 with the opening of a flagship Debenhams department store as well as other major stores including Apple, Hollister and Guess.","Which opened before 2008, the new bus station or the flagship Debenhams department store?",new bus station
"Train operator Virgin Trains East Coast provides a half-hourly frequency of trains to London King's Cross, with a journey time of about three hours, these services call at Durham, Darlington, York, Doncaster, Newark North Gate and Peterborough and north to Scotland with all trains calling at Edinburgh and a small number of trains extended to Glasgow, Aberdeen and Inverness. CrossCountry trains serve destinations in Yorkshire, the Midlands and the South West. First TransPennine Express operates services to Manchester and Liverpool. Northern Rail provides local and regional services.",Who besides the South West and Midlands uses CrossCountry?,Yorkshire
"Train operator Virgin Trains East Coast provides a half-hourly frequency of trains to London King's Cross, with a journey time of about three hours, these services call at Durham, Darlington, York, Doncaster, Newark North Gate and Peterborough and north to Scotland with all trains calling at Edinburgh and a small number of trains extended to Glasgow, Aberdeen and Inverness. CrossCountry trains serve destinations in Yorkshire, the Midlands and the South West. First TransPennine Express operates services to Manchester and Liverpool. Northern Rail provides local and regional services.",Where did a small number of trains go besides Glasgow and Inverness?,Aberdeen
"Train operator Virgin Trains East Coast provides a half-hourly frequency of trains to London King's Cross, with a journey time of about three hours, these services call at Durham, Darlington, York, Doncaster, Newark North Gate and Peterborough and north to Scotland with all trains calling at Edinburgh and a small number of trains extended to Glasgow, Aberdeen and Inverness. CrossCountry trains serve destinations in Yorkshire, the Midlands and the South West. First TransPennine Express operates services to Manchester and Liverpool. Northern Rail provides local and regional services.",Where did a small number of trains extend to besides Glasgow and Inverness?,Aberdeen
"Train operator Virgin Trains East Coast provides a half-hourly frequency of trains to London King's Cross, with a journey time of about three hours, these services call at Durham, Darlington, York, Doncaster, Newark North Gate and Peterborough and north to Scotland with all trains calling at Edinburgh and a small number of trains extended to Glasgow, Aberdeen and Inverness. CrossCountry trains serve destinations in Yorkshire, the Midlands and the South West. First TransPennine Express operates services to Manchester and Liverpool. Northern Rail provides local and regional services.",Where did a small number of trains extend to besides Aberdeen and Glasgow?,Inverness
"Train operator Virgin Trains East Coast provides a half-hourly frequency of trains to London King's Cross, with a journey time of about three hours, these services call at Durham, Darlington, York, Doncaster, Newark North Gate and Peterborough and north to Scotland with all trains calling at Edinburgh and a small number of trains extended to Glasgow, Aberdeen and Inverness. CrossCountry trains serve destinations in Yorkshire, the Midlands and the South West. First TransPennine Express operates services to Manchester and Liverpool. Northern Rail provides local and regional services.",How often does the London King's Cross run?,half-hourly frequency
"In 2014, work was completed on the stations historic entrance. Glazing was placed over the historic arches and the Victorian architecture was enhanced; transforming the 19th century public portico. The station is one of only six Grade One listed railway stations in the UK. Opened in 1850 by Queen Victoria, it was the first covered railway station in the world and was much copied across the UK. It has a neoclassical façade, originally designed by the architect John Dobson, and was constructed in collaboration with Robert Stephenson. The station sightlines towards the Castle Keep, whilst showcasing the curvature of the station’s arched roof. The first services were operated by the North Eastern Railway company. The city's other mainline station, Manors, is to the east of the city centre.",What covered the arches after renovation?,Glazing
"In 2014, work was completed on the stations historic entrance. Glazing was placed over the historic arches and the Victorian architecture was enhanced; transforming the 19th century public portico. The station is one of only six Grade One listed railway stations in the UK. Opened in 1850 by Queen Victoria, it was the first covered railway station in the world and was much copied across the UK. It has a neoclassical façade, originally designed by the architect John Dobson, and was constructed in collaboration with Robert Stephenson. The station sightlines towards the Castle Keep, whilst showcasing the curvature of the station’s arched roof. The first services were operated by the North Eastern Railway company. The city's other mainline station, Manors, is to the east of the city centre.",What can be seen from the station?,the Castle Keep
"In 2014, work was completed on the stations historic entrance. Glazing was placed over the historic arches and the Victorian architecture was enhanced; transforming the 19th century public portico. The station is one of only six Grade One listed railway stations in the UK. Opened in 1850 by Queen Victoria, it was the first covered railway station in the world and was much copied across the UK. It has a neoclassical façade, originally designed by the architect John Dobson, and was constructed in collaboration with Robert Stephenson. The station sightlines towards the Castle Keep, whilst showcasing the curvature of the station’s arched roof. The first services were operated by the North Eastern Railway company. The city's other mainline station, Manors, is to the east of the city centre.",How is the front of the station designed?,neoclassical
"In 2014, work was completed on the stations historic entrance. Glazing was placed over the historic arches and the Victorian architecture was enhanced; transforming the 19th century public portico. The station is one of only six Grade One listed railway stations in the UK. Opened in 1850 by Queen Victoria, it was the first covered railway station in the world and was much copied across the UK. It has a neoclassical façade, originally designed by the architect John Dobson, and was constructed in collaboration with Robert Stephenson. The station sightlines towards the Castle Keep, whilst showcasing the curvature of the station’s arched roof. The first services were operated by the North Eastern Railway company. The city's other mainline station, Manors, is to the east of the city centre.",What was the station transformed from?,public portico
"Newcastle Mela, held on the late August bank holiday weekend, is an annual two-day multicultural event, blending drama, music and food from Punjabi, Pakistani, Bengali and Hindu cultures. NewcastleGateshead also holds an annual International Arts Fair. The 2009 event will be in the Norman Foster designed Sage Gateshead Music and Arts Centre in September. In October, there is the Design Event festival—an annual festival providing the public with an opportunity to see work by regional, national and international designers. The SAMA Festival, an East Asian cultural festival is also held in early October.",What is a form of theater?,drama
"The Pilgrim Street building was refurbished between November 2006 and May 2008; during the refurbishment works, the cinema relocated to the Old Town Hall, Gateshead. In May 2008 the Tyneside Cinema reopened in the restored and refurbished original building. The site currently houses three cinemas, including the restored Classic —the United Kingdom's last surviving news cinema still in full-time operation—alongside two new screens, a roof extension containing the Tyneside Bar, and dedicated education and teaching suites.",Where are motion pictures viewed?,cinema
"The Pilgrim Street building was refurbished between November 2006 and May 2008; during the refurbishment works, the cinema relocated to the Old Town Hall, Gateshead. In May 2008 the Tyneside Cinema reopened in the restored and refurbished original building. The site currently houses three cinemas, including the restored Classic —the United Kingdom's last surviving news cinema still in full-time operation—alongside two new screens, a roof extension containing the Tyneside Bar, and dedicated education and teaching suites.",What will keep viewers out of the elements?,roof
"Throughout the Middle Ages, Newcastle was England's northern fortress. Incorporated first by Henry II, the city had a new charter granted by Elizabeth in 1589. A 25-foot (7.6 m) high stone wall was built around the town in the 13th century, to defend it from invaders during the Border war against Scotland. The Scots king William the Lion was imprisoned in Newcastle in 1174, and Edward I brought the Stone of Scone and William Wallace south through the town. Newcastle was successfully defended against the Scots three times during the 14th century, and was created a county corporate with its own sheriff by Henry IV in 1400.",Who was England's main foe?,Scotland
"Throughout the Middle Ages, Newcastle was England's northern fortress. Incorporated first by Henry II, the city had a new charter granted by Elizabeth in 1589. A 25-foot (7.6 m) high stone wall was built around the town in the 13th century, to defend it from invaders during the Border war against Scotland. The Scots king William the Lion was imprisoned in Newcastle in 1174, and Edward I brought the Stone of Scone and William Wallace south through the town. Newcastle was successfully defended against the Scots three times during the 14th century, and was created a county corporate with its own sheriff by Henry IV in 1400.",What did Henry IV do for Newcastle?,was created a county corporate with its own sheriff
"Throughout the Middle Ages, Newcastle was England's northern fortress. Incorporated first by Henry II, the city had a new charter granted by Elizabeth in 1589. A 25-foot (7.6 m) high stone wall was built around the town in the 13th century, to defend it from invaders during the Border war against Scotland. The Scots king William the Lion was imprisoned in Newcastle in 1174, and Edward I brought the Stone of Scone and William Wallace south through the town. Newcastle was successfully defended against the Scots three times during the 14th century, and was created a county corporate with its own sheriff by Henry IV in 1400.",What did England do in the 1200's?,25-foot (7.6 m) high stone wall was built around the town
"Throughout the Middle Ages, Newcastle was England's northern fortress. Incorporated first by Henry II, the city had a new charter granted by Elizabeth in 1589. A 25-foot (7.6 m) high stone wall was built around the town in the 13th century, to defend it from invaders during the Border war against Scotland. The Scots king William the Lion was imprisoned in Newcastle in 1174, and Edward I brought the Stone of Scone and William Wallace south through the town. Newcastle was successfully defended against the Scots three times during the 14th century, and was created a county corporate with its own sheriff by Henry IV in 1400.",What happened to Newcastle in the sixteenth century?,new charter granted by Elizabeth
"Throughout the Middle Ages, Newcastle was England's northern fortress. Incorporated first by Henry II, the city had a new charter granted by Elizabeth in 1589. A 25-foot (7.6 m) high stone wall was built around the town in the 13th century, to defend it from invaders during the Border war against Scotland. The Scots king William the Lion was imprisoned in Newcastle in 1174, and Edward I brought the Stone of Scone and William Wallace south through the town. Newcastle was successfully defended against the Scots three times during the 14th century, and was created a county corporate with its own sheriff by Henry IV in 1400.",Who did Newcastle lock up?,Scots king William the Lion
"In a report, published in early February 2007 by the Ear Institute at the University College London, and Widex, a Danish hearing aid manufacturer, Newcastle was named as the noisiest city in the whole of the UK, with an average level of 80.4 decibels. The report claimed that these noise levels would have a negative long-term impact on the health of the city's residents. The report was criticized, however, for attaching too much weight to readings at arbitrarily selected locations, which in Newcastle's case included a motorway underpass without pedestrian access.",What was the corporation that was part of the study?,Widex
"In a report, published in early February 2007 by the Ear Institute at the University College London, and Widex, a Danish hearing aid manufacturer, Newcastle was named as the noisiest city in the whole of the UK, with an average level of 80.4 decibels. The report claimed that these noise levels would have a negative long-term impact on the health of the city's residents. The report was criticized, however, for attaching too much weight to readings at arbitrarily selected locations, which in Newcastle's case included a motorway underpass without pedestrian access.",What was the educational establishment that ran the study?,University College London
"In a report, published in early February 2007 by the Ear Institute at the University College London, and Widex, a Danish hearing aid manufacturer, Newcastle was named as the noisiest city in the whole of the UK, with an average level of 80.4 decibels. The report claimed that these noise levels would have a negative long-term impact on the health of the city's residents. The report was criticized, however, for attaching too much weight to readings at arbitrarily selected locations, which in Newcastle's case included a motorway underpass without pedestrian access.",What location might have skewed the results negatively for Newcastle?,motorway underpass
"In large parts, Newcastle still retains a medieval street layout. Narrow alleys or 'chares', most of which can only be traversed by foot, still exist in abundance, particularly around the riverside. Stairs from the riverside to higher parts of the city centre and the extant Castle Keep, originally recorded in the 14th century, remain intact in places. Close, Sandhill and Quayside contain modern buildings as well as structures dating from the 15th–18th centuries, including Bessie Surtees House, the Cooperage and Lloyds Quayside Bars, Derwentwater House and ""House of Tides"", a restaurant situated at a Grade I-listed 16th century merchant's house at 28–30 Close.",How does one get to the Castle Keep?,Stairs
"In large parts, Newcastle still retains a medieval street layout. Narrow alleys or 'chares', most of which can only be traversed by foot, still exist in abundance, particularly around the riverside. Stairs from the riverside to higher parts of the city centre and the extant Castle Keep, originally recorded in the 14th century, remain intact in places. Close, Sandhill and Quayside contain modern buildings as well as structures dating from the 15th–18th centuries, including Bessie Surtees House, the Cooperage and Lloyds Quayside Bars, Derwentwater House and ""House of Tides"", a restaurant situated at a Grade I-listed 16th century merchant's house at 28–30 Close.",Where could one avoid car traffic?,Narrow alleys or 'chares'
"Following guidelines set in the National Cycling strategy, Newcastle first developed its cycling strategy in 1998. As of 2012, the local council social aims and objectives for cycling include: highlighting the usage of cycling to cut city congestion; educating that cycling promotes healthy living… The authority also has infrastructure aims and objectives which include: developing on road cycle networks on quieter streets; making safer routes on busier streets; innovating and implementing contraflows on one way streets; developing the existing off road cycle route networks and improve signage; joining up routes that are partially or completely isolated; Increase the number of cycle parking facilities; working with employers to integrate cycling into workplace travel plans; link the local networks to national networks.",Where can residents leave their bicycles?,cycle parking facilities
"Following guidelines set in the National Cycling strategy, Newcastle first developed its cycling strategy in 1998. As of 2012, the local council social aims and objectives for cycling include: highlighting the usage of cycling to cut city congestion; educating that cycling promotes healthy living… The authority also has infrastructure aims and objectives which include: developing on road cycle networks on quieter streets; making safer routes on busier streets; innovating and implementing contraflows on one way streets; developing the existing off road cycle route networks and improve signage; joining up routes that are partially or completely isolated; Increase the number of cycle parking facilities; working with employers to integrate cycling into workplace travel plans; link the local networks to national networks.",What has been added to streets to allow traffic in both directions?,contraflows on one way streets
"Following guidelines set in the National Cycling strategy, Newcastle first developed its cycling strategy in 1998. As of 2012, the local council social aims and objectives for cycling include: highlighting the usage of cycling to cut city congestion; educating that cycling promotes healthy living… The authority also has infrastructure aims and objectives which include: developing on road cycle networks on quieter streets; making safer routes on busier streets; innovating and implementing contraflows on one way streets; developing the existing off road cycle route networks and improve signage; joining up routes that are partially or completely isolated; Increase the number of cycle parking facilities; working with employers to integrate cycling into workplace travel plans; link the local networks to national networks.",How is the city convincing people that cycling is better?,educating that cycling promotes healthy living
"From Newcastle International Ferry Terminal, at North Shields, Danish DFDS Seaways run a service to IJmuiden (near Amsterdam). The DFDS ferry service to Gothenburg, Sweden, ceased at the end of October 2006 – the company cited high fuel prices and new competition from low-cost air services as the cause – and their service to Bergen and Stavanger, Norway was terminated late 2008. Since summer 2007, Thomson cruise lines have included Newcastle as a departure port on its Norwegian and Fjords cruise.",Near what city in the Netherlands is Umulden located?,Amsterdam
"From Newcastle International Ferry Terminal, at North Shields, Danish DFDS Seaways run a service to IJmuiden (near Amsterdam). The DFDS ferry service to Gothenburg, Sweden, ceased at the end of October 2006 – the company cited high fuel prices and new competition from low-cost air services as the cause – and their service to Bergen and Stavanger, Norway was terminated late 2008. Since summer 2007, Thomson cruise lines have included Newcastle as a departure port on its Norwegian and Fjords cruise.",What is a city that DFDS stopped serving during the last quarter of 2006?,Gothenburg
"From Newcastle International Ferry Terminal, at North Shields, Danish DFDS Seaways run a service to IJmuiden (near Amsterdam). The DFDS ferry service to Gothenburg, Sweden, ceased at the end of October 2006 – the company cited high fuel prices and new competition from low-cost air services as the cause – and their service to Bergen and Stavanger, Norway was terminated late 2008. Since summer 2007, Thomson cruise lines have included Newcastle as a departure port on its Norwegian and Fjords cruise.",What did low cost air services represent to DFDS?,new competition
"The earliest known movie featuring some exterior scenes filmed in the city is On the Night of the Fire (1939), though by and large the action is studio-bound. Later came The Clouded Yellow (1951) and Payroll (1961), both of which feature more extensive scenes filmed in the city. The 1971 film Get Carter was shot on location in and around Newcastle and offers an opportunity to see what Newcastle looked like in the 1960s and early 1970s. The city was also backdrop to another gangster film, the 1988 film noir thriller Stormy Monday, directed by Mike Figgis and starring Tommy Lee Jones, Melanie Griffith, Sting and Sean Bean.",Which musician was featured in the film Stormy Monday?,Sting
"The earliest known movie featuring some exterior scenes filmed in the city is On the Night of the Fire (1939), though by and large the action is studio-bound. Later came The Clouded Yellow (1951) and Payroll (1961), both of which feature more extensive scenes filmed in the city. The 1971 film Get Carter was shot on location in and around Newcastle and offers an opportunity to see what Newcastle looked like in the 1960s and early 1970s. The city was also backdrop to another gangster film, the 1988 film noir thriller Stormy Monday, directed by Mike Figgis and starring Tommy Lee Jones, Melanie Griffith, Sting and Sean Bean.",Which Newcastle film starred a bassist who was born Gordon Sumner?,Stormy Monday
"ITV Tyne Tees was based at City Road for over 40 years after its launch in January 1959. In 2005 it moved to a new facility on The Watermark business park next to the MetroCentre in Gateshead. The entrance to studio 5 at the City Road complex gave its name to the 1980s music television programme, The Tube. BBC North East and Cumbria is located to the north of the city on Barrack Road, Spital Tongues, in a building known, as the result of its colouring, as the Pink Palace. It is from here that the Corporation broadcasts the Look North television regional news programme and local radio station BBC Radio Newcastle.",What is the Corporation?,ITV Tyne Tees
"ITV Tyne Tees was based at City Road for over 40 years after its launch in January 1959. In 2005 it moved to a new facility on The Watermark business park next to the MetroCentre in Gateshead. The entrance to studio 5 at the City Road complex gave its name to the 1980s music television programme, The Tube. BBC North East and Cumbria is located to the north of the city on Barrack Road, Spital Tongues, in a building known, as the result of its colouring, as the Pink Palace. It is from here that the Corporation broadcasts the Look North television regional news programme and local radio station BBC Radio Newcastle.",North of what city?,Gateshead
"ITV Tyne Tees was based at City Road for over 40 years after its launch in January 1959. In 2005 it moved to a new facility on The Watermark business park next to the MetroCentre in Gateshead. The entrance to studio 5 at the City Road complex gave its name to the 1980s music television programme, The Tube. BBC North East and Cumbria is located to the north of the city on Barrack Road, Spital Tongues, in a building known, as the result of its colouring, as the Pink Palace. It is from here that the Corporation broadcasts the Look North television regional news programme and local radio station BBC Radio Newcastle.",What inadvertently named the music television programme?,The entrance to studio 5
"The climate in Newcastle is oceanic (Köppen Cfb) and significantly milder than some other locations in the world at a similar latitude, due to the warming influence of the Gulf Stream (via the North Atlantic Drift). Being in the rain shadow of the North Pennines, it is among the driest cities in the UK. Temperature extremes recorded at Newcastle Weather Centre include 32.5 °C (90.5 °F) during August 1990 down to −12.6 °C (9.3 °F) during January 1982. In contrast to other areas influenced by the Gulf Stream, such as inland Scandinavia, Newcastle has milder winters and cooler summers, similar to the remainder of the British Isles.",How does the gulf stream get to newcastle?,North Atlantic Drift
"The climate in Newcastle is oceanic (Köppen Cfb) and significantly milder than some other locations in the world at a similar latitude, due to the warming influence of the Gulf Stream (via the North Atlantic Drift). Being in the rain shadow of the North Pennines, it is among the driest cities in the UK. Temperature extremes recorded at Newcastle Weather Centre include 32.5 °C (90.5 °F) during August 1990 down to −12.6 °C (9.3 °F) during January 1982. In contrast to other areas influenced by the Gulf Stream, such as inland Scandinavia, Newcastle has milder winters and cooler summers, similar to the remainder of the British Isles.",What is similar to the British Isles?,Newcastle
"The climate in Newcastle is oceanic (Köppen Cfb) and significantly milder than some other locations in the world at a similar latitude, due to the warming influence of the Gulf Stream (via the North Atlantic Drift). Being in the rain shadow of the North Pennines, it is among the driest cities in the UK. Temperature extremes recorded at Newcastle Weather Centre include 32.5 °C (90.5 °F) during August 1990 down to −12.6 °C (9.3 °F) during January 1982. In contrast to other areas influenced by the Gulf Stream, such as inland Scandinavia, Newcastle has milder winters and cooler summers, similar to the remainder of the British Isles.",Where are winters colder?,inland Scandinavia
"The climate in Newcastle is oceanic (Köppen Cfb) and significantly milder than some other locations in the world at a similar latitude, due to the warming influence of the Gulf Stream (via the North Atlantic Drift). Being in the rain shadow of the North Pennines, it is among the driest cities in the UK. Temperature extremes recorded at Newcastle Weather Centre include 32.5 °C (90.5 °F) during August 1990 down to −12.6 °C (9.3 °F) during January 1982. In contrast to other areas influenced by the Gulf Stream, such as inland Scandinavia, Newcastle has milder winters and cooler summers, similar to the remainder of the British Isles.",When was it coldest in Newcastle?,January 1982
"The Parish Church of St Andrew is traditionally recognised as 'the oldest church in this town'. The present building was begun in the 12th Century and the last addition to it, apart from the vestries, was the main porch in 1726. It is quite possible that there was an earlier church here dating from Saxon times. This older church would have been one of several churches along the River Tyne dedicated to St Andrew, including the Priory church at Hexham. The building contains more old stonework than any other church in Newcastle. It is surrounded by the last of the ancient churchyards to retain its original character. Many key names associated with Newcastle's history worshipped and were buried here. The church tower received a battering during the Siege of Newcastle by the Scots who finally breached the Town Wall and forced surrender. Three of the cannonballs remain on site as testament to the siege.",Who were buried at the Parish Church?,Many key names
"The Parish Church of St Andrew is traditionally recognised as 'the oldest church in this town'. The present building was begun in the 12th Century and the last addition to it, apart from the vestries, was the main porch in 1726. It is quite possible that there was an earlier church here dating from Saxon times. This older church would have been one of several churches along the River Tyne dedicated to St Andrew, including the Priory church at Hexham. The building contains more old stonework than any other church in Newcastle. It is surrounded by the last of the ancient churchyards to retain its original character. Many key names associated with Newcastle's history worshipped and were buried here. The church tower received a battering during the Siege of Newcastle by the Scots who finally breached the Town Wall and forced surrender. Three of the cannonballs remain on site as testament to the siege.",Who worshipped at the Parish Church?,Many key names
"The Parish Church of St Andrew is traditionally recognised as 'the oldest church in this town'. The present building was begun in the 12th Century and the last addition to it, apart from the vestries, was the main porch in 1726. It is quite possible that there was an earlier church here dating from Saxon times. This older church would have been one of several churches along the River Tyne dedicated to St Andrew, including the Priory church at Hexham. The building contains more old stonework than any other church in Newcastle. It is surrounded by the last of the ancient churchyards to retain its original character. Many key names associated with Newcastle's history worshipped and were buried here. The church tower received a battering during the Siege of Newcastle by the Scots who finally breached the Town Wall and forced surrender. Three of the cannonballs remain on site as testament to the siege.",What part of the church was damaged by the Scots?,The church tower
"There are concentrations of pubs, bars and nightclubs around the Bigg Market and the Quayside area of the city centre. There are many bars on the Bigg Market, and other popular areas for nightlife are Collingwood Street, popularly referred to as the 'Diamond Strip' due to its concentration of high-end bars, Neville Street, the Central Station area and Osborne Road in the Jesmond area of the city. In recent years ""The Gate"" has opened in the city centre, a new indoor complex consisting of bars, upmarket clubs, restaurants and a 12-screen Empire multiplex cinema. Newcastle's gay scene - 'The Pink Triangle' - is centred on the Times Square area near the Centre for Life and has a range of bars, cafés and clubs.",Which popular areas for night life are nearest to city centre?,Bigg Market and the Quayside
"In economics, notable Nobel Memorial Prize in Economic Sciences winners Milton Friedman, a major advisor to Republican U.S. President Ronald Reagan and Conservative British Prime Minister Margaret Thatcher, George Stigler, Nobel laureate and proponent of regulatory capture theory, Gary Becker, an important contributor to the family economics branch of economics, Herbert A. Simon, responsible for the modern interpretation of the concept of organizational decision-making, Paul Samuelson, the first American to win the Nobel Memorial Prize in Economic Sciences, and Eugene Fama, known for his work on portfolio theory, asset pricing and stock market behaviour, are all graduates. American economist, social theorist, political philosopher, and author Thomas Sowell is also an alumnus.",Paul Samuelson was the first of these?,American to win the Nobel Memorial Prize in Economic Sciences
"In economics, notable Nobel Memorial Prize in Economic Sciences winners Milton Friedman, a major advisor to Republican U.S. President Ronald Reagan and Conservative British Prime Minister Margaret Thatcher, George Stigler, Nobel laureate and proponent of regulatory capture theory, Gary Becker, an important contributor to the family economics branch of economics, Herbert A. Simon, responsible for the modern interpretation of the concept of organizational decision-making, Paul Samuelson, the first American to win the Nobel Memorial Prize in Economic Sciences, and Eugene Fama, known for his work on portfolio theory, asset pricing and stock market behaviour, are all graduates. American economist, social theorist, political philosopher, and author Thomas Sowell is also an alumnus.",Milton Friedman was a major advisor to what Prime Minister?,Margaret Thatcher
"In economics, notable Nobel Memorial Prize in Economic Sciences winners Milton Friedman, a major advisor to Republican U.S. President Ronald Reagan and Conservative British Prime Minister Margaret Thatcher, George Stigler, Nobel laureate and proponent of regulatory capture theory, Gary Becker, an important contributor to the family economics branch of economics, Herbert A. Simon, responsible for the modern interpretation of the concept of organizational decision-making, Paul Samuelson, the first American to win the Nobel Memorial Prize in Economic Sciences, and Eugene Fama, known for his work on portfolio theory, asset pricing and stock market behaviour, are all graduates. American economist, social theorist, political philosopher, and author Thomas Sowell is also an alumnus.",What alumni was a proponent of regulatory capture theory?,George Stigler
"In economics, notable Nobel Memorial Prize in Economic Sciences winners Milton Friedman, a major advisor to Republican U.S. President Ronald Reagan and Conservative British Prime Minister Margaret Thatcher, George Stigler, Nobel laureate and proponent of regulatory capture theory, Gary Becker, an important contributor to the family economics branch of economics, Herbert A. Simon, responsible for the modern interpretation of the concept of organizational decision-making, Paul Samuelson, the first American to win the Nobel Memorial Prize in Economic Sciences, and Eugene Fama, known for his work on portfolio theory, asset pricing and stock market behaviour, are all graduates. American economist, social theorist, political philosopher, and author Thomas Sowell is also an alumnus.",The concept of organization decision-making came from whom?,Herbert A. Simon
"The College of the University of Chicago grants Bachelor of Arts and Bachelor of Science degrees in 50 academic majors and 28 minors. The college's academics are divided into five divisions: the Biological Sciences Collegiate Division, the Physical Sciences Collegiate Division, the Social Sciences Collegiate Division, the Humanities Collegiate Division, and the New Collegiate Division. The first four are sections within their corresponding graduate divisions, while the New Collegiate Division administers interdisciplinary majors and studies which do not fit in one of the other four divisions.",Are there more majors or minors?,majors
"The College of the University of Chicago grants Bachelor of Arts and Bachelor of Science degrees in 50 academic majors and 28 minors. The college's academics are divided into five divisions: the Biological Sciences Collegiate Division, the Physical Sciences Collegiate Division, the Social Sciences Collegiate Division, the Humanities Collegiate Division, and the New Collegiate Division. The first four are sections within their corresponding graduate divisions, while the New Collegiate Division administers interdisciplinary majors and studies which do not fit in one of the other four divisions.",What sciencies can you study besides biological and physical?,Social
"The College of the University of Chicago grants Bachelor of Arts and Bachelor of Science degrees in 50 academic majors and 28 minors. The college's academics are divided into five divisions: the Biological Sciences Collegiate Division, the Physical Sciences Collegiate Division, the Social Sciences Collegiate Division, the Humanities Collegiate Division, and the New Collegiate Division. The first four are sections within their corresponding graduate divisions, while the New Collegiate Division administers interdisciplinary majors and studies which do not fit in one of the other four divisions.",Which part would you go to if you wanted to study in between different majors?,the New Collegiate Division
"The College of the University of Chicago grants Bachelor of Arts and Bachelor of Science degrees in 50 academic majors and 28 minors. The college's academics are divided into five divisions: the Biological Sciences Collegiate Division, the Physical Sciences Collegiate Division, the Social Sciences Collegiate Division, the Humanities Collegiate Division, and the New Collegiate Division. The first four are sections within their corresponding graduate divisions, while the New Collegiate Division administers interdisciplinary majors and studies which do not fit in one of the other four divisions.",What is the division not considered sciences besides the new collegiate division?,Humanities
"The College of the University of Chicago grants Bachelor of Arts and Bachelor of Science degrees in 50 academic majors and 28 minors. The college's academics are divided into five divisions: the Biological Sciences Collegiate Division, the Physical Sciences Collegiate Division, the Social Sciences Collegiate Division, the Humanities Collegiate Division, and the New Collegiate Division. The first four are sections within their corresponding graduate divisions, while the New Collegiate Division administers interdisciplinary majors and studies which do not fit in one of the other four divisions.",What sort of Bachelor degree can you get besides Science?,Bachelor of Arts
"Notable faculty in physics have included the speed of light calculator A. A. Michelson, elementary charge calculator Robert A. Millikan, discoverer of the Compton Effect Arthur H. Compton, the creator of the first nuclear reactor Enrico Fermi, ""the father of the hydrogen bomb"" Edward Teller, ""one of the most brilliant and productive experimental physicists of the twentieth century"" Luis Walter Alvarez, Murray Gell-Mann who introduced the quark, second female Nobel laureate Maria Goeppert-Mayer, the youngest American winner of the Nobel Prize Tsung-Dao Lee, and astrophysicist Subrahmanyan Chandrasekhar.",What did A.A. Michelson and Edward Teller have in common,faculty in physics
"Notable faculty in physics have included the speed of light calculator A. A. Michelson, elementary charge calculator Robert A. Millikan, discoverer of the Compton Effect Arthur H. Compton, the creator of the first nuclear reactor Enrico Fermi, ""the father of the hydrogen bomb"" Edward Teller, ""one of the most brilliant and productive experimental physicists of the twentieth century"" Luis Walter Alvarez, Murray Gell-Mann who introduced the quark, second female Nobel laureate Maria Goeppert-Mayer, the youngest American winner of the Nobel Prize Tsung-Dao Lee, and astrophysicist Subrahmanyan Chandrasekhar.",Who discovered the quark,Murray Gell-Mann
"Notable faculty in physics have included the speed of light calculator A. A. Michelson, elementary charge calculator Robert A. Millikan, discoverer of the Compton Effect Arthur H. Compton, the creator of the first nuclear reactor Enrico Fermi, ""the father of the hydrogen bomb"" Edward Teller, ""one of the most brilliant and productive experimental physicists of the twentieth century"" Luis Walter Alvarez, Murray Gell-Mann who introduced the quark, second female Nobel laureate Maria Goeppert-Mayer, the youngest American winner of the Nobel Prize Tsung-Dao Lee, and astrophysicist Subrahmanyan Chandrasekhar.",Who was Subrahmanyan chandrasekhar,astrophysicist
"Notable faculty in physics have included the speed of light calculator A. A. Michelson, elementary charge calculator Robert A. Millikan, discoverer of the Compton Effect Arthur H. Compton, the creator of the first nuclear reactor Enrico Fermi, ""the father of the hydrogen bomb"" Edward Teller, ""one of the most brilliant and productive experimental physicists of the twentieth century"" Luis Walter Alvarez, Murray Gell-Mann who introduced the quark, second female Nobel laureate Maria Goeppert-Mayer, the youngest American winner of the Nobel Prize Tsung-Dao Lee, and astrophysicist Subrahmanyan Chandrasekhar.",Who envisioned the first nuclear reactor,Enrico Fermi
"Notable faculty in physics have included the speed of light calculator A. A. Michelson, elementary charge calculator Robert A. Millikan, discoverer of the Compton Effect Arthur H. Compton, the creator of the first nuclear reactor Enrico Fermi, ""the father of the hydrogen bomb"" Edward Teller, ""one of the most brilliant and productive experimental physicists of the twentieth century"" Luis Walter Alvarez, Murray Gell-Mann who introduced the quark, second female Nobel laureate Maria Goeppert-Mayer, the youngest American winner of the Nobel Prize Tsung-Dao Lee, and astrophysicist Subrahmanyan Chandrasekhar.",What was notable about Tsung-Dao Lee's Nobel Prize,youngest American winner
"The UChicago Arts program joins academic departments and programs in the Division of the Humanities and the College, as well as professional organizations including the Court Theatre, the Oriental Institute, the Smart Museum of Art, the Renaissance Society, University of Chicago Presents, and student arts organizations. The university has an artist-in-residence program and scholars in performance studies, contemporary art criticism, and film history. It has offered a doctorate in music composition since 1933 and in Cinema & Media studies since 2000, a master of fine arts in visual arts (early 1970s), and a master of arts in the humanities with a creative writing track (2000). It has bachelor's degree programs in visual arts, music, and art history, and, more recently, Cinema & Media studies (1996) and theater & performance studies (2002). The College's general education core includes a “dramatic, music, and visual arts” requirement, requiring students to study the history of the arts, stage desire, or begin working with sculpture. Several thousand major and non-major undergraduates enroll annually in creative and performing arts classes. UChicago is often considered the birthplace of improvisational comedy as the Compass Players student comedy troupe evolved into The Second City improv theater troupe in 1959. The Reva and David Logan Center for the Arts opened in October 2012, five years after a $35 million gift from alumnus David Logan and his wife Reva. The center includes spaces for exhibitions, performances, classes, and media production. The Logan Center was designed by Tod Williams and Billie Tsien. This building is actually entirely glass. The brick is a facade designed to keep the glass safe from the wind. The architects later removed sections of the bricks when pressure arose in the form of complaints that the views of the city were blocked.",What field does the university offer an MFA in?,visual arts
"The UChicago Arts program joins academic departments and programs in the Division of the Humanities and the College, as well as professional organizations including the Court Theatre, the Oriental Institute, the Smart Museum of Art, the Renaissance Society, University of Chicago Presents, and student arts organizations. The university has an artist-in-residence program and scholars in performance studies, contemporary art criticism, and film history. It has offered a doctorate in music composition since 1933 and in Cinema & Media studies since 2000, a master of fine arts in visual arts (early 1970s), and a master of arts in the humanities with a creative writing track (2000). It has bachelor's degree programs in visual arts, music, and art history, and, more recently, Cinema & Media studies (1996) and theater & performance studies (2002). The College's general education core includes a “dramatic, music, and visual arts” requirement, requiring students to study the history of the arts, stage desire, or begin working with sculpture. Several thousand major and non-major undergraduates enroll annually in creative and performing arts classes. UChicago is often considered the birthplace of improvisational comedy as the Compass Players student comedy troupe evolved into The Second City improv theater troupe in 1959. The Reva and David Logan Center for the Arts opened in October 2012, five years after a $35 million gift from alumnus David Logan and his wife Reva. The center includes spaces for exhibitions, performances, classes, and media production. The Logan Center was designed by Tod Williams and Billie Tsien. This building is actually entirely glass. The brick is a facade designed to keep the glass safe from the wind. The architects later removed sections of the bricks when pressure arose in the form of complaints that the views of the city were blocked.",What sort of performance art is the university thought to be the originating place for?,improvisational comedy
"The UChicago Arts program joins academic departments and programs in the Division of the Humanities and the College, as well as professional organizations including the Court Theatre, the Oriental Institute, the Smart Museum of Art, the Renaissance Society, University of Chicago Presents, and student arts organizations. The university has an artist-in-residence program and scholars in performance studies, contemporary art criticism, and film history. It has offered a doctorate in music composition since 1933 and in Cinema & Media studies since 2000, a master of fine arts in visual arts (early 1970s), and a master of arts in the humanities with a creative writing track (2000). It has bachelor's degree programs in visual arts, music, and art history, and, more recently, Cinema & Media studies (1996) and theater & performance studies (2002). The College's general education core includes a “dramatic, music, and visual arts” requirement, requiring students to study the history of the arts, stage desire, or begin working with sculpture. Several thousand major and non-major undergraduates enroll annually in creative and performing arts classes. UChicago is often considered the birthplace of improvisational comedy as the Compass Players student comedy troupe evolved into The Second City improv theater troupe in 1959. The Reva and David Logan Center for the Arts opened in October 2012, five years after a $35 million gift from alumnus David Logan and his wife Reva. The center includes spaces for exhibitions, performances, classes, and media production. The Logan Center was designed by Tod Williams and Billie Tsien. This building is actually entirely glass. The brick is a facade designed to keep the glass safe from the wind. The architects later removed sections of the bricks when pressure arose in the form of complaints that the views of the city were blocked.",What was the eventual name of the group that grew out of the student comedy group at the university?,The Second City improv theater troupe
"The UChicago Arts program joins academic departments and programs in the Division of the Humanities and the College, as well as professional organizations including the Court Theatre, the Oriental Institute, the Smart Museum of Art, the Renaissance Society, University of Chicago Presents, and student arts organizations. The university has an artist-in-residence program and scholars in performance studies, contemporary art criticism, and film history. It has offered a doctorate in music composition since 1933 and in Cinema & Media studies since 2000, a master of fine arts in visual arts (early 1970s), and a master of arts in the humanities with a creative writing track (2000). It has bachelor's degree programs in visual arts, music, and art history, and, more recently, Cinema & Media studies (1996) and theater & performance studies (2002). The College's general education core includes a “dramatic, music, and visual arts” requirement, requiring students to study the history of the arts, stage desire, or begin working with sculpture. Several thousand major and non-major undergraduates enroll annually in creative and performing arts classes. UChicago is often considered the birthplace of improvisational comedy as the Compass Players student comedy troupe evolved into The Second City improv theater troupe in 1959. The Reva and David Logan Center for the Arts opened in October 2012, five years after a $35 million gift from alumnus David Logan and his wife Reva. The center includes spaces for exhibitions, performances, classes, and media production. The Logan Center was designed by Tod Williams and Billie Tsien. This building is actually entirely glass. The brick is a facade designed to keep the glass safe from the wind. The architects later removed sections of the bricks when pressure arose in the form of complaints that the views of the city were blocked.",What building did Reva Logan contribute funding for?,The Reva and David Logan Center for the Arts
"The UChicago Arts program joins academic departments and programs in the Division of the Humanities and the College, as well as professional organizations including the Court Theatre, the Oriental Institute, the Smart Museum of Art, the Renaissance Society, University of Chicago Presents, and student arts organizations. The university has an artist-in-residence program and scholars in performance studies, contemporary art criticism, and film history. It has offered a doctorate in music composition since 1933 and in Cinema & Media studies since 2000, a master of fine arts in visual arts (early 1970s), and a master of arts in the humanities with a creative writing track (2000). It has bachelor's degree programs in visual arts, music, and art history, and, more recently, Cinema & Media studies (1996) and theater & performance studies (2002). The College's general education core includes a “dramatic, music, and visual arts” requirement, requiring students to study the history of the arts, stage desire, or begin working with sculpture. Several thousand major and non-major undergraduates enroll annually in creative and performing arts classes. UChicago is often considered the birthplace of improvisational comedy as the Compass Players student comedy troupe evolved into The Second City improv theater troupe in 1959. The Reva and David Logan Center for the Arts opened in October 2012, five years after a $35 million gift from alumnus David Logan and his wife Reva. The center includes spaces for exhibitions, performances, classes, and media production. The Logan Center was designed by Tod Williams and Billie Tsien. This building is actually entirely glass. The brick is a facade designed to keep the glass safe from the wind. The architects later removed sections of the bricks when pressure arose in the form of complaints that the views of the city were blocked.",Why were some people unhappy about the exterior wind-blocking layer on the arts center?,views of the city were blocked
"Other prominent alumni include anthropologists David Graeber and Donald Johanson, who is best known for discovering the fossil of a female hominid australopithecine known as ""Lucy"" in the Afar Triangle region, psychologist John B. Watson, American psychologist who established the psychological school of behaviorism, communication theorist Harold Innis, chess grandmaster Samuel Reshevsky, and conservative international relations scholar and White House Coordinator of Security Planning for the National Security Council Samuel P. Huntington.",Who was good at playing games?,Samuel Reshevsky
"Other prominent alumni include anthropologists David Graeber and Donald Johanson, who is best known for discovering the fossil of a female hominid australopithecine known as ""Lucy"" in the Afar Triangle region, psychologist John B. Watson, American psychologist who established the psychological school of behaviorism, communication theorist Harold Innis, chess grandmaster Samuel Reshevsky, and conservative international relations scholar and White House Coordinator of Security Planning for the National Security Council Samuel P. Huntington.",What was given a name?,fossil of a female hominid australopithecine
"In the 1890s, the University of Chicago, fearful that its vast resources would injure smaller schools by drawing away good students, affiliated with several regional colleges and universities: Des Moines College, Kalamazoo College, Butler University, and Stetson University. In 1896, the university affiliated with Shimer College in Mount Carroll, Illinois. Under the terms of the affiliation, the schools were required to have courses of study comparable to those at the university, to notify the university early of any contemplated faculty appointments or dismissals, to make no faculty appointment without the university's approval, and to send copies of examinations for suggestions. The University of Chicago agreed to confer a degree on any graduating senior from an affiliated school who made a grade of A for all four years, and on any other graduate who took twelve weeks additional study at the University of Chicago. A student or faculty member of an affiliated school was entitled to free tuition at the University of Chicago, and Chicago students were eligible to attend an affiliated school on the same terms and receive credit for their work. The University of Chicago also agreed to provide affiliated schools with books and scientific apparatus and supplies at cost; special instructors and lecturers without cost except travel expenses; and a copy of every book and journal published by the University of Chicago Press at no cost. The agreement provided that either party could terminate the affiliation on proper notice. Several University of Chicago professors disliked the program, as it involved uncompensated additional labor on their part, and they believed it cheapened the academic reputation of the university. The program passed into history by 1910.",who did University of Chicago partner with?,several regional colleges
"In the 1890s, the University of Chicago, fearful that its vast resources would injure smaller schools by drawing away good students, affiliated with several regional colleges and universities: Des Moines College, Kalamazoo College, Butler University, and Stetson University. In 1896, the university affiliated with Shimer College in Mount Carroll, Illinois. Under the terms of the affiliation, the schools were required to have courses of study comparable to those at the university, to notify the university early of any contemplated faculty appointments or dismissals, to make no faculty appointment without the university's approval, and to send copies of examinations for suggestions. The University of Chicago agreed to confer a degree on any graduating senior from an affiliated school who made a grade of A for all four years, and on any other graduate who took twelve weeks additional study at the University of Chicago. A student or faculty member of an affiliated school was entitled to free tuition at the University of Chicago, and Chicago students were eligible to attend an affiliated school on the same terms and receive credit for their work. The University of Chicago also agreed to provide affiliated schools with books and scientific apparatus and supplies at cost; special instructors and lecturers without cost except travel expenses; and a copy of every book and journal published by the University of Chicago Press at no cost. The agreement provided that either party could terminate the affiliation on proper notice. Several University of Chicago professors disliked the program, as it involved uncompensated additional labor on their part, and they believed it cheapened the academic reputation of the university. The program passed into history by 1910.",what was the cost of the lab gear to affiliated schools?,at cost
"Past faculty have also included Egyptologist James Henry Breasted, mathematician Alberto Calderón, Nobel prize winning economist and classical liberalism defender Friedrich Hayek, meteorologist Ted Fujita, chemists Glenn T. Seaborg, the developer of the actinide concept and Nobel Prize winner Yuan T. Lee, Nobel Prize winning novelist Saul Bellow, political philosopher and author Allan Bloom, cancer researchers Charles Brenton Huggins and Janet Rowley, astronomer Gerard Kuiper, one of the most important figures in the early development of the discipline of linguistics Edward Sapir, and the founder of McKinsey & Co., James O. McKinsey.",Who wrote about politics?,Allan Bloom
"Past faculty have also included Egyptologist James Henry Breasted, mathematician Alberto Calderón, Nobel prize winning economist and classical liberalism defender Friedrich Hayek, meteorologist Ted Fujita, chemists Glenn T. Seaborg, the developer of the actinide concept and Nobel Prize winner Yuan T. Lee, Nobel Prize winning novelist Saul Bellow, political philosopher and author Allan Bloom, cancer researchers Charles Brenton Huggins and Janet Rowley, astronomer Gerard Kuiper, one of the most important figures in the early development of the discipline of linguistics Edward Sapir, and the founder of McKinsey & Co., James O. McKinsey.",Who was in the medical field?,Janet Rowley
"Past faculty have also included Egyptologist James Henry Breasted, mathematician Alberto Calderón, Nobel prize winning economist and classical liberalism defender Friedrich Hayek, meteorologist Ted Fujita, chemists Glenn T. Seaborg, the developer of the actinide concept and Nobel Prize winner Yuan T. Lee, Nobel Prize winning novelist Saul Bellow, political philosopher and author Allan Bloom, cancer researchers Charles Brenton Huggins and Janet Rowley, astronomer Gerard Kuiper, one of the most important figures in the early development of the discipline of linguistics Edward Sapir, and the founder of McKinsey & Co., James O. McKinsey.",Who was interested in the stars?,Gerard Kuiper
"Past faculty have also included Egyptologist James Henry Breasted, mathematician Alberto Calderón, Nobel prize winning economist and classical liberalism defender Friedrich Hayek, meteorologist Ted Fujita, chemists Glenn T. Seaborg, the developer of the actinide concept and Nobel Prize winner Yuan T. Lee, Nobel Prize winning novelist Saul Bellow, political philosopher and author Allan Bloom, cancer researchers Charles Brenton Huggins and Janet Rowley, astronomer Gerard Kuiper, one of the most important figures in the early development of the discipline of linguistics Edward Sapir, and the founder of McKinsey & Co., James O. McKinsey.",Who was interested in language?,Edward Sapir
"The Maroons compete in the NCAA's Division III as members of the University Athletic Association (UAA). The university was a founding member of the Big Ten Conference and participated in the NCAA Division I Men's Basketball and Football and was a regular participant in the Men's Basketball tournament. In 1935, the University of Chicago reached the Sweet Sixteen. In 1935, Chicago Maroons football player Jay Berwanger became the first winner of the Heisman Trophy. However, the university chose to withdraw from the conference in 1946 after University President Robert Maynard Hutchins de-emphasized varsity athletics in 1939 and dropped football. (In 1969, Chicago reinstated football as a Division III team, resuming playing its home games at the new Stagg Field.)",What became less important?,varsity athletics
"The Maroons compete in the NCAA's Division III as members of the University Athletic Association (UAA). The university was a founding member of the Big Ten Conference and participated in the NCAA Division I Men's Basketball and Football and was a regular participant in the Men's Basketball tournament. In 1935, the University of Chicago reached the Sweet Sixteen. In 1935, Chicago Maroons football player Jay Berwanger became the first winner of the Heisman Trophy. However, the university chose to withdraw from the conference in 1946 after University President Robert Maynard Hutchins de-emphasized varsity athletics in 1939 and dropped football. (In 1969, Chicago reinstated football as a Division III team, resuming playing its home games at the new Stagg Field.)",Who brought the excluded sport back?,Chicago
"The Maroons compete in the NCAA's Division III as members of the University Athletic Association (UAA). The university was a founding member of the Big Ten Conference and participated in the NCAA Division I Men's Basketball and Football and was a regular participant in the Men's Basketball tournament. In 1935, the University of Chicago reached the Sweet Sixteen. In 1935, Chicago Maroons football player Jay Berwanger became the first winner of the Heisman Trophy. However, the university chose to withdraw from the conference in 1946 after University President Robert Maynard Hutchins de-emphasized varsity athletics in 1939 and dropped football. (In 1969, Chicago reinstated football as a Division III team, resuming playing its home games at the new Stagg Field.)",What was different with the reinstatement of football?,Stagg Field
"Torque is the rotation equivalent of force in the same way that angle is the rotational equivalent for position, angular velocity for velocity, and angular momentum for momentum. As a consequence of Newton's First Law of Motion, there exists rotational inertia that ensures that all bodies maintain their angular momentum unless acted upon by an unbalanced torque. Likewise, Newton's Second Law of Motion can be used to derive an analogous equation for the instantaneous angular acceleration of the rigid body:",What force maintains angular momentum without an unbalanced torque?,rotational inertia
"Torque is the rotation equivalent of force in the same way that angle is the rotational equivalent for position, angular velocity for velocity, and angular momentum for momentum. As a consequence of Newton's First Law of Motion, there exists rotational inertia that ensures that all bodies maintain their angular momentum unless acted upon by an unbalanced torque. Likewise, Newton's Second Law of Motion can be used to derive an analogous equation for the instantaneous angular acceleration of the rigid body:",What word describes the speed of an object?,momentum
where is the relevant cross-sectional area for the volume for which the stress-tensor is being calculated. This formalism includes pressure terms associated with forces that act normal to the cross-sectional area (the matrix diagonals of the tensor) as well as shear terms associated with forces that act parallel to the cross-sectional area (the off-diagonal elements). The stress tensor accounts for forces that cause all strains (deformations) including also tensile stresses and compressions.:133–134:38-1–38-11,What might be the subject of the stress-tensor?,volume
where is the relevant cross-sectional area for the volume for which the stress-tensor is being calculated. This formalism includes pressure terms associated with forces that act normal to the cross-sectional area (the matrix diagonals of the tensor) as well as shear terms associated with forces that act parallel to the cross-sectional area (the off-diagonal elements). The stress tensor accounts for forces that cause all strains (deformations) including also tensile stresses and compressions.:133–134:38-1–38-11,What is the force acting normal to the area?,pressure
where is the relevant cross-sectional area for the volume for which the stress-tensor is being calculated. This formalism includes pressure terms associated with forces that act normal to the cross-sectional area (the matrix diagonals of the tensor) as well as shear terms associated with forces that act parallel to the cross-sectional area (the off-diagonal elements). The stress tensor accounts for forces that cause all strains (deformations) including also tensile stresses and compressions.:133–134:38-1–38-11,What is the force that act parallel the the area?,shear
where is the relevant cross-sectional area for the volume for which the stress-tensor is being calculated. This formalism includes pressure terms associated with forces that act normal to the cross-sectional area (the matrix diagonals of the tensor) as well as shear terms associated with forces that act parallel to the cross-sectional area (the off-diagonal elements). The stress tensor accounts for forces that cause all strains (deformations) including also tensile stresses and compressions.:133–134:38-1–38-11,What might be components of forces that cause deformations?,tensile stresses and compressions
"The weak force is due to the exchange of the heavy W and Z bosons. Its most familiar effect is beta decay (of neutrons in atomic nuclei) and the associated radioactivity. The word ""weak"" derives from the fact that the field strength is some 1013 times less than that of the strong force. Still, it is stronger than gravity over short distances. A consistent electroweak theory has also been developed, which shows that electromagnetic forces and the weak force are indistinguishable at a temperatures in excess of approximately 1015 kelvins. Such temperatures have been probed in modern particle accelerators and show the conditions of the universe in the early moments of the Big Bang.",What results in breakdown?,decay
"The weak force is due to the exchange of the heavy W and Z bosons. Its most familiar effect is beta decay (of neutrons in atomic nuclei) and the associated radioactivity. The word ""weak"" derives from the fact that the field strength is some 1013 times less than that of the strong force. Still, it is stronger than gravity over short distances. A consistent electroweak theory has also been developed, which shows that electromagnetic forces and the weak force are indistinguishable at a temperatures in excess of approximately 1015 kelvins. Such temperatures have been probed in modern particle accelerators and show the conditions of the universe in the early moments of the Big Bang.",What keeps things on earth?,gravity
"The weak force is due to the exchange of the heavy W and Z bosons. Its most familiar effect is beta decay (of neutrons in atomic nuclei) and the associated radioactivity. The word ""weak"" derives from the fact that the field strength is some 1013 times less than that of the strong force. Still, it is stronger than gravity over short distances. A consistent electroweak theory has also been developed, which shows that electromagnetic forces and the weak force are indistinguishable at a temperatures in excess of approximately 1015 kelvins. Such temperatures have been probed in modern particle accelerators and show the conditions of the universe in the early moments of the Big Bang.",What causes uniformity between two forces?,temperatures in excess of approximately 1015 kelvins
"The concept of inertia can be further generalized to explain the tendency of objects to continue in many different forms of constant motion, even those that are not strictly constant velocity. The rotational inertia of planet Earth is what fixes the constancy of the length of a day and the length of a year. Albert Einstein extended the principle of inertia further when he explained that reference frames subject to constant acceleration, such as those free-falling toward a gravitating object, were physically equivalent to inertial reference frames. This is why, for example, astronauts experience weightlessness when in free-fall orbit around the Earth, and why Newton's Laws of Motion are more easily discernible in such environments. If an astronaut places an object with mass in mid-air next to himself, it will remain stationary with respect to the astronaut due to its inertia. This is the same thing that would occur if the astronaut and the object were in intergalactic space with no net force of gravity acting on their shared reference frame. This principle of equivalence was one of the foundational underpinnings for the development of the general theory of relativity.","In general, what do objects in motion do?",continue in many different forms of constant motion
"The concept of inertia can be further generalized to explain the tendency of objects to continue in many different forms of constant motion, even those that are not strictly constant velocity. The rotational inertia of planet Earth is what fixes the constancy of the length of a day and the length of a year. Albert Einstein extended the principle of inertia further when he explained that reference frames subject to constant acceleration, such as those free-falling toward a gravitating object, were physically equivalent to inertial reference frames. This is why, for example, astronauts experience weightlessness when in free-fall orbit around the Earth, and why Newton's Laws of Motion are more easily discernible in such environments. If an astronaut places an object with mass in mid-air next to himself, it will remain stationary with respect to the astronaut due to its inertia. This is the same thing that would occur if the astronaut and the object were in intergalactic space with no net force of gravity acting on their shared reference frame. This principle of equivalence was one of the foundational underpinnings for the development of the general theory of relativity.",How is the velocity changing for a free-falling object?,constant acceleration
"The concept of inertia can be further generalized to explain the tendency of objects to continue in many different forms of constant motion, even those that are not strictly constant velocity. The rotational inertia of planet Earth is what fixes the constancy of the length of a day and the length of a year. Albert Einstein extended the principle of inertia further when he explained that reference frames subject to constant acceleration, such as those free-falling toward a gravitating object, were physically equivalent to inertial reference frames. This is why, for example, astronauts experience weightlessness when in free-fall orbit around the Earth, and why Newton's Laws of Motion are more easily discernible in such environments. If an astronaut places an object with mass in mid-air next to himself, it will remain stationary with respect to the astronaut due to its inertia. This is the same thing that would occur if the astronaut and the object were in intergalactic space with no net force of gravity acting on their shared reference frame. This principle of equivalence was one of the foundational underpinnings for the development of the general theory of relativity.",What did the principle of inertia do for general relativity?,one of the foundational underpinnings
"The concept of inertia can be further generalized to explain the tendency of objects to continue in many different forms of constant motion, even those that are not strictly constant velocity. The rotational inertia of planet Earth is what fixes the constancy of the length of a day and the length of a year. Albert Einstein extended the principle of inertia further when he explained that reference frames subject to constant acceleration, such as those free-falling toward a gravitating object, were physically equivalent to inertial reference frames. This is why, for example, astronauts experience weightlessness when in free-fall orbit around the Earth, and why Newton's Laws of Motion are more easily discernible in such environments. If an astronaut places an object with mass in mid-air next to himself, it will remain stationary with respect to the astronaut due to its inertia. This is the same thing that would occur if the astronaut and the object were in intergalactic space with no net force of gravity acting on their shared reference frame. This principle of equivalence was one of the foundational underpinnings for the development of the general theory of relativity.",What are Newton's laws about?,Motion
"Newton came to realize that the effects of gravity might be observed in different ways at larger distances. In particular, Newton determined that the acceleration of the Moon around the Earth could be ascribed to the same force of gravity if the acceleration due to gravity decreased as an inverse square law. Further, Newton realized that the acceleration due to gravity is proportional to the mass of the attracting body. Combining these ideas gives a formula that relates the mass () and the radius () of the Earth to the gravitational acceleration:",The interaction between which two celestial bodies led Newton to produce new insights on the effects of gravity?,the Moon around the Earth
"Newton came to realize that the effects of gravity might be observed in different ways at larger distances. In particular, Newton determined that the acceleration of the Moon around the Earth could be ascribed to the same force of gravity if the acceleration due to gravity decreased as an inverse square law. Further, Newton realized that the acceleration due to gravity is proportional to the mass of the attracting body. Combining these ideas gives a formula that relates the mass () and the radius () of the Earth to the gravitational acceleration:",What mathematical formula helped Newton relate the acceleration of the Moon around the Earth?,inverse square law
"However, attempting to reconcile electromagnetic theory with two observations, the photoelectric effect, and the nonexistence of the ultraviolet catastrophe, proved troublesome. Through the work of leading theoretical physicists, a new theory of electromagnetism was developed using quantum mechanics. This final modification to electromagnetic theory ultimately led to quantum electrodynamics (or QED), which fully describes all electromagnetic phenomena as being mediated by wave–particles known as photons. In QED, photons are the fundamental exchange particle, which described all interactions relating to electromagnetism including the electromagnetic force.[Note 4]",What is trying to be brought together?,electromagnetic theory
"However, attempting to reconcile electromagnetic theory with two observations, the photoelectric effect, and the nonexistence of the ultraviolet catastrophe, proved troublesome. Through the work of leading theoretical physicists, a new theory of electromagnetism was developed using quantum mechanics. This final modification to electromagnetic theory ultimately led to quantum electrodynamics (or QED), which fully describes all electromagnetic phenomena as being mediated by wave–particles known as photons. In QED, photons are the fundamental exchange particle, which described all interactions relating to electromagnetism including the electromagnetic force.[Note 4]",What was a problem?,nonexistence of the ultraviolet catastrophe
"However, attempting to reconcile electromagnetic theory with two observations, the photoelectric effect, and the nonexistence of the ultraviolet catastrophe, proved troublesome. Through the work of leading theoretical physicists, a new theory of electromagnetism was developed using quantum mechanics. This final modification to electromagnetic theory ultimately led to quantum electrodynamics (or QED), which fully describes all electromagnetic phenomena as being mediated by wave–particles known as photons. In QED, photons are the fundamental exchange particle, which described all interactions relating to electromagnetism including the electromagnetic force.[Note 4]",What helped discover new findings?,quantum mechanics
"What we now call gravity was not identified as a universal force until the work of Isaac Newton. Before Newton, the tendency for objects to fall towards the Earth was not understood to be related to the motions of celestial objects. Galileo was instrumental in describing the characteristics of falling objects by determining that the acceleration of every object in free-fall was constant and independent of the mass of the object. Today, this acceleration due to gravity towards the surface of the Earth is usually designated as and has a magnitude of about 9.81 meters per second squared (this measurement is taken from sea level and may vary depending on location), and points toward the center of the Earth. This observation means that the force of gravity on an object at the Earth's surface is directly proportional to the object's mass. Thus an object that has a mass of will experience a force:",9.81 meters per second squared refers to what constant?,acceleration due to gravity towards the surface of the Earth
"What we now call gravity was not identified as a universal force until the work of Isaac Newton. Before Newton, the tendency for objects to fall towards the Earth was not understood to be related to the motions of celestial objects. Galileo was instrumental in describing the characteristics of falling objects by determining that the acceleration of every object in free-fall was constant and independent of the mass of the object. Today, this acceleration due to gravity towards the surface of the Earth is usually designated as and has a magnitude of about 9.81 meters per second squared (this measurement is taken from sea level and may vary depending on location), and points toward the center of the Earth. This observation means that the force of gravity on an object at the Earth's surface is directly proportional to the object's mass. Thus an object that has a mass of will experience a force:",What factor of objects in free-fall did Galileo find had no bearing on their acceleration?,mass
"What we now call gravity was not identified as a universal force until the work of Isaac Newton. Before Newton, the tendency for objects to fall towards the Earth was not understood to be related to the motions of celestial objects. Galileo was instrumental in describing the characteristics of falling objects by determining that the acceleration of every object in free-fall was constant and independent of the mass of the object. Today, this acceleration due to gravity towards the surface of the Earth is usually designated as and has a magnitude of about 9.81 meters per second squared (this measurement is taken from sea level and may vary depending on location), and points toward the center of the Earth. This observation means that the force of gravity on an object at the Earth's surface is directly proportional to the object's mass. Thus an object that has a mass of will experience a force:",At which altitude is it most accurate to say that acceleration due to gravity towards the surface of the earth is 9.81 meters per second squared?,sea level
"What we now call gravity was not identified as a universal force until the work of Isaac Newton. Before Newton, the tendency for objects to fall towards the Earth was not understood to be related to the motions of celestial objects. Galileo was instrumental in describing the characteristics of falling objects by determining that the acceleration of every object in free-fall was constant and independent of the mass of the object. Today, this acceleration due to gravity towards the surface of the Earth is usually designated as and has a magnitude of about 9.81 meters per second squared (this measurement is taken from sea level and may vary depending on location), and points toward the center of the Earth. This observation means that the force of gravity on an object at the Earth's surface is directly proportional to the object's mass. Thus an object that has a mass of will experience a force:",Acceleration due to gravity towards the surface of the Earth requires which location as a reference?,the center of the Earth
"What we now call gravity was not identified as a universal force until the work of Isaac Newton. Before Newton, the tendency for objects to fall towards the Earth was not understood to be related to the motions of celestial objects. Galileo was instrumental in describing the characteristics of falling objects by determining that the acceleration of every object in free-fall was constant and independent of the mass of the object. Today, this acceleration due to gravity towards the surface of the Earth is usually designated as and has a magnitude of about 9.81 meters per second squared (this measurement is taken from sea level and may vary depending on location), and points toward the center of the Earth. This observation means that the force of gravity on an object at the Earth's surface is directly proportional to the object's mass. Thus an object that has a mass of will experience a force:",Gravity can be classifed as what type of object?,a universal force
"The normal force is due to repulsive forces of interaction between atoms at close contact. When their electron clouds overlap, Pauli repulsion (due to fermionic nature of electrons) follows resulting in the force that acts in a direction normal to the surface interface between two objects.:93 The normal force, for example, is responsible for the structural integrity of tables and floors as well as being the force that responds whenever an external force pushes on a solid object. An example of the normal force in action is the impact force on an object crashing into an immobile surface.",An object that is fixed in place and cannot move is said to be also what?,immobile
"The normal force is due to repulsive forces of interaction between atoms at close contact. When their electron clouds overlap, Pauli repulsion (due to fermionic nature of electrons) follows resulting in the force that acts in a direction normal to the surface interface between two objects.:93 The normal force, for example, is responsible for the structural integrity of tables and floors as well as being the force that responds whenever an external force pushes on a solid object. An example of the normal force in action is the impact force on an object crashing into an immobile surface.","Normal force is responsible for furniture being able to stand upright even if weight is placed on it, an example of such furniture listed in the passage are?",tables
"The notion ""force"" keeps its meaning in quantum mechanics, though one is now dealing with operators instead of classical variables and though the physics is now described by the Schrödinger equation instead of Newtonian equations. This has the consequence that the results of a measurement are now sometimes ""quantized"", i.e. they appear in discrete portions. This is, of course, difficult to imagine in the context of ""forces"". However, the potentials V(x,y,z) or fields, from which the forces generally can be derived, are treated similar to classical position variables, i.e., .",Elements of an equation or even a study that can vary or change are called?,variables
"The notion ""force"" keeps its meaning in quantum mechanics, though one is now dealing with operators instead of classical variables and though the physics is now described by the Schrödinger equation instead of Newtonian equations. This has the consequence that the results of a measurement are now sometimes ""quantized"", i.e. they appear in discrete portions. This is, of course, difficult to imagine in the context of ""forces"". However, the potentials V(x,y,z) or fields, from which the forces generally can be derived, are treated similar to classical position variables, i.e., .",Objects that function or are related to the laws and work set by Sir Isaac Newton are described as?,Newtonian
"The notion ""force"" keeps its meaning in quantum mechanics, though one is now dealing with operators instead of classical variables and though the physics is now described by the Schrödinger equation instead of Newtonian equations. This has the consequence that the results of a measurement are now sometimes ""quantized"", i.e. they appear in discrete portions. This is, of course, difficult to imagine in the context of ""forces"". However, the potentials V(x,y,z) or fields, from which the forces generally can be derived, are treated similar to classical position variables, i.e., .","In the English alphabet, what is the last letter?",z
"The notion ""force"" keeps its meaning in quantum mechanics, though one is now dealing with operators instead of classical variables and though the physics is now described by the Schrödinger equation instead of Newtonian equations. This has the consequence that the results of a measurement are now sometimes ""quantized"", i.e. they appear in discrete portions. This is, of course, difficult to imagine in the context of ""forces"". However, the potentials V(x,y,z) or fields, from which the forces generally can be derived, are treated similar to classical position variables, i.e., .","A branch of science that studies the nature of matter and energy, and includes Newton's 1st law is called?",physics
"The notion ""force"" keeps its meaning in quantum mechanics, though one is now dealing with operators instead of classical variables and though the physics is now described by the Schrödinger equation instead of Newtonian equations. This has the consequence that the results of a measurement are now sometimes ""quantized"", i.e. they appear in discrete portions. This is, of course, difficult to imagine in the context of ""forces"". However, the potentials V(x,y,z) or fields, from which the forces generally can be derived, are treated similar to classical position variables, i.e., .",An Austrain physicist that won a nobel prize for his work in quantum physics is?,Schrödinger
"Newton's laws and Newtonian mechanics in general were first developed to describe how forces affect idealized point particles rather than three-dimensional objects. However, in real life, matter has extended structure and forces that act on one part of an object might affect other parts of an object. For situations where lattice holding together the atoms in an object is able to flow, contract, expand, or otherwise change shape, the theories of continuum mechanics describe the way forces affect the material. For example, in extended fluids, differences in pressure result in forces being directed along the pressure gradients as follows:",Theories of continuum mechanics describe the ways forces affect atoms in what structure?,lattice
"In modern particle physics, forces and the acceleration of particles are explained as a mathematical by-product of exchange of momentum-carrying gauge bosons. With the development of quantum field theory and general relativity, it was realized that force is a redundant concept arising from conservation of momentum (4-momentum in relativity and momentum of virtual particles in quantum electrodynamics). The conservation of momentum can be directly derived from the homogeneity or symmetry of space and so is usually considered more fundamental than the concept of a force. Thus the currently known fundamental forces are considered more accurately to be ""fundamental interactions"".:199–128 When particle A emits (creates) or absorbs (annihilates) virtual particle B, a momentum conservation results in recoil of particle A making impression of repulsion or attraction between particles A A' exchanging by B. This description applies to all forces arising from fundamental interactions. While sophisticated mathematical descriptions are needed to predict, in full detail, the accurate result of such interactions, there is a conceptually simple way to describe such interactions through the use of Feynman diagrams. In a Feynman diagram, each matter particle is represented as a straight line (see world line) traveling through time, which normally increases up or to the right in the diagram. Matter and anti-matter particles are identical except for their direction of propagation through the Feynman diagram. World lines of particles intersect at interaction vertices, and the Feynman diagram represents any force arising from an interaction as occurring at the vertex with an associated instantaneous change in the direction of the particle world lines. Gauge bosons are emitted away from the vertex as wavy lines and, in the case of virtual particle exchange, are absorbed at an adjacent vertex.","In a Feynman diagram, a straight line up and to the right normally represents what?",matter particle
"In modern particle physics, forces and the acceleration of particles are explained as a mathematical by-product of exchange of momentum-carrying gauge bosons. With the development of quantum field theory and general relativity, it was realized that force is a redundant concept arising from conservation of momentum (4-momentum in relativity and momentum of virtual particles in quantum electrodynamics). The conservation of momentum can be directly derived from the homogeneity or symmetry of space and so is usually considered more fundamental than the concept of a force. Thus the currently known fundamental forces are considered more accurately to be ""fundamental interactions"".:199–128 When particle A emits (creates) or absorbs (annihilates) virtual particle B, a momentum conservation results in recoil of particle A making impression of repulsion or attraction between particles A A' exchanging by B. This description applies to all forces arising from fundamental interactions. While sophisticated mathematical descriptions are needed to predict, in full detail, the accurate result of such interactions, there is a conceptually simple way to describe such interactions through the use of Feynman diagrams. In a Feynman diagram, each matter particle is represented as a straight line (see world line) traveling through time, which normally increases up or to the right in the diagram. Matter and anti-matter particles are identical except for their direction of propagation through the Feynman diagram. World lines of particles intersect at interaction vertices, and the Feynman diagram represents any force arising from an interaction as occurring at the vertex with an associated instantaneous change in the direction of the particle world lines. Gauge bosons are emitted away from the vertex as wavy lines and, in the case of virtual particle exchange, are absorbed at an adjacent vertex.",Recoil of particle A is due to what?,momentum conservation
"In modern particle physics, forces and the acceleration of particles are explained as a mathematical by-product of exchange of momentum-carrying gauge bosons. With the development of quantum field theory and general relativity, it was realized that force is a redundant concept arising from conservation of momentum (4-momentum in relativity and momentum of virtual particles in quantum electrodynamics). The conservation of momentum can be directly derived from the homogeneity or symmetry of space and so is usually considered more fundamental than the concept of a force. Thus the currently known fundamental forces are considered more accurately to be ""fundamental interactions"".:199–128 When particle A emits (creates) or absorbs (annihilates) virtual particle B, a momentum conservation results in recoil of particle A making impression of repulsion or attraction between particles A A' exchanging by B. This description applies to all forces arising from fundamental interactions. While sophisticated mathematical descriptions are needed to predict, in full detail, the accurate result of such interactions, there is a conceptually simple way to describe such interactions through the use of Feynman diagrams. In a Feynman diagram, each matter particle is represented as a straight line (see world line) traveling through time, which normally increases up or to the right in the diagram. Matter and anti-matter particles are identical except for their direction of propagation through the Feynman diagram. World lines of particles intersect at interaction vertices, and the Feynman diagram represents any force arising from an interaction as occurring at the vertex with an associated instantaneous change in the direction of the particle world lines. Gauge bosons are emitted away from the vertex as wavy lines and, in the case of virtual particle exchange, are absorbed at an adjacent vertex.",The symmetry of space leads to what?,conservation of momentum
"In modern particle physics, forces and the acceleration of particles are explained as a mathematical by-product of exchange of momentum-carrying gauge bosons. With the development of quantum field theory and general relativity, it was realized that force is a redundant concept arising from conservation of momentum (4-momentum in relativity and momentum of virtual particles in quantum electrodynamics). The conservation of momentum can be directly derived from the homogeneity or symmetry of space and so is usually considered more fundamental than the concept of a force. Thus the currently known fundamental forces are considered more accurately to be ""fundamental interactions"".:199–128 When particle A emits (creates) or absorbs (annihilates) virtual particle B, a momentum conservation results in recoil of particle A making impression of repulsion or attraction between particles A A' exchanging by B. This description applies to all forces arising from fundamental interactions. While sophisticated mathematical descriptions are needed to predict, in full detail, the accurate result of such interactions, there is a conceptually simple way to describe such interactions through the use of Feynman diagrams. In a Feynman diagram, each matter particle is represented as a straight line (see world line) traveling through time, which normally increases up or to the right in the diagram. Matter and anti-matter particles are identical except for their direction of propagation through the Feynman diagram. World lines of particles intersect at interaction vertices, and the Feynman diagram represents any force arising from an interaction as occurring at the vertex with an associated instantaneous change in the direction of the particle world lines. Gauge bosons are emitted away from the vertex as wavy lines and, in the case of virtual particle exchange, are absorbed at an adjacent vertex.",Virtual particle exchange causes what effect on gauge bosons at an adjacent vertex?,absorbed
"The strong force only acts directly upon elementary particles. However, a residual of the force is observed between hadrons (the best known example being the force that acts between nucleons in atomic nuclei) as the nuclear force. Here the strong force acts indirectly, transmitted as gluons, which form part of the virtual pi and rho mesons, which classically transmit the nuclear force (see this topic for more). The failure of many searches for free quarks has shown that the elementary particles affected are not directly observable. This phenomenon is called color confinement.",Is a strong force acted upon elementary particles indirectly or directly?,directly
"The strong force only acts directly upon elementary particles. However, a residual of the force is observed between hadrons (the best known example being the force that acts between nucleons in atomic nuclei) as the nuclear force. Here the strong force acts indirectly, transmitted as gluons, which form part of the virtual pi and rho mesons, which classically transmit the nuclear force (see this topic for more). The failure of many searches for free quarks has shown that the elementary particles affected are not directly observable. This phenomenon is called color confinement.",What transmit the nuclear force?,the virtual pi and rho mesons
"The strong force only acts directly upon elementary particles. However, a residual of the force is observed between hadrons (the best known example being the force that acts between nucleons in atomic nuclei) as the nuclear force. Here the strong force acts indirectly, transmitted as gluons, which form part of the virtual pi and rho mesons, which classically transmit the nuclear force (see this topic for more). The failure of many searches for free quarks has shown that the elementary particles affected are not directly observable. This phenomenon is called color confinement.",What type of situation is a color confinement known as?,phenomenon
"It is a common misconception to ascribe the stiffness and rigidity of solid matter to the repulsion of like charges under the influence of the electromagnetic force. However, these characteristics actually result from the Pauli exclusion principle.[citation needed] Since electrons are fermions, they cannot occupy the same quantum mechanical state as other electrons. When the electrons in a material are densely packed together, there are not enough lower energy quantum mechanical states for them all, so some of them must be in higher energy states. This means that it takes energy to pack them together. While this effect is manifested macroscopically as a structural force, it is technically only the result of the existence of a finite set of electron states.",How rare is the misconception that solid matter is rigid because of like charges?,common
"It is a common misconception to ascribe the stiffness and rigidity of solid matter to the repulsion of like charges under the influence of the electromagnetic force. However, these characteristics actually result from the Pauli exclusion principle.[citation needed] Since electrons are fermions, they cannot occupy the same quantum mechanical state as other electrons. When the electrons in a material are densely packed together, there are not enough lower energy quantum mechanical states for them all, so some of them must be in higher energy states. This means that it takes energy to pack them together. While this effect is manifested macroscopically as a structural force, it is technically only the result of the existence of a finite set of electron states.",What needs a citation?,these characteristics actually result from the Pauli exclusion principle
"It is a common misconception to ascribe the stiffness and rigidity of solid matter to the repulsion of like charges under the influence of the electromagnetic force. However, these characteristics actually result from the Pauli exclusion principle.[citation needed] Since electrons are fermions, they cannot occupy the same quantum mechanical state as other electrons. When the electrons in a material are densely packed together, there are not enough lower energy quantum mechanical states for them all, so some of them must be in higher energy states. This means that it takes energy to pack them together. While this effect is manifested macroscopically as a structural force, it is technically only the result of the existence of a finite set of electron states.",What does being a fermion dictate?,they cannot occupy the same quantum mechanical state as other electrons
"It is a common misconception to ascribe the stiffness and rigidity of solid matter to the repulsion of like charges under the influence of the electromagnetic force. However, these characteristics actually result from the Pauli exclusion principle.[citation needed] Since electrons are fermions, they cannot occupy the same quantum mechanical state as other electrons. When the electrons in a material are densely packed together, there are not enough lower energy quantum mechanical states for them all, so some of them must be in higher energy states. This means that it takes energy to pack them together. While this effect is manifested macroscopically as a structural force, it is technically only the result of the existence of a finite set of electron states.","If some electrons are in higher energy states, it is because of what?",the electrons in a material are densely packed together
"It was only the orbit of the planet Mercury that Newton's Law of Gravitation seemed not to fully explain. Some astrophysicists predicted the existence of another planet (Vulcan) that would explain the discrepancies; however, despite some early indications, no such planet could be found. When Albert Einstein formulated his theory of general relativity (GR) he turned his attention to the problem of Mercury's orbit and found that his theory added a correction, which could account for the discrepancy. This was the first time that Newton's Theory of Gravity had been shown to be less correct than an alternative.",What is the profession that investigates planetary orbits?,astrophysicists
"It was only the orbit of the planet Mercury that Newton's Law of Gravitation seemed not to fully explain. Some astrophysicists predicted the existence of another planet (Vulcan) that would explain the discrepancies; however, despite some early indications, no such planet could be found. When Albert Einstein formulated his theory of general relativity (GR) he turned his attention to the problem of Mercury's orbit and found that his theory added a correction, which could account for the discrepancy. This was the first time that Newton's Theory of Gravity had been shown to be less correct than an alternative.",How was the theory of general relativity abbreviated?,GR
"It was only the orbit of the planet Mercury that Newton's Law of Gravitation seemed not to fully explain. Some astrophysicists predicted the existence of another planet (Vulcan) that would explain the discrepancies; however, despite some early indications, no such planet could be found. When Albert Einstein formulated his theory of general relativity (GR) he turned his attention to the problem of Mercury's orbit and found that his theory added a correction, which could account for the discrepancy. This was the first time that Newton's Theory of Gravity had been shown to be less correct than an alternative.",Who made predictions of a planet disrupting Mercury's orbit?,astrophysicists
"It was only the orbit of the planet Mercury that Newton's Law of Gravitation seemed not to fully explain. Some astrophysicists predicted the existence of another planet (Vulcan) that would explain the discrepancies; however, despite some early indications, no such planet could be found. When Albert Einstein formulated his theory of general relativity (GR) he turned his attention to the problem of Mercury's orbit and found that his theory added a correction, which could account for the discrepancy. This was the first time that Newton's Theory of Gravity had been shown to be less correct than an alternative.",What was one of the forces of nature that Newton theorized about?,Gravity
"It was only the orbit of the planet Mercury that Newton's Law of Gravitation seemed not to fully explain. Some astrophysicists predicted the existence of another planet (Vulcan) that would explain the discrepancies; however, despite some early indications, no such planet could be found. When Albert Einstein formulated his theory of general relativity (GR) he turned his attention to the problem of Mercury's orbit and found that his theory added a correction, which could account for the discrepancy. This was the first time that Newton's Theory of Gravity had been shown to be less correct than an alternative.",GR was more correct than what?,Newton's Law of Gravitation
"There is evidence that there have been significant changes in Amazon rainforest vegetation over the last 21,000 years through the Last Glacial Maximum (LGM) and subsequent deglaciation. Analyses of sediment deposits from Amazon basin paleolakes and from the Amazon Fan indicate that rainfall in the basin during the LGM was lower than for the present, and this was almost certainly associated with reduced moist tropical vegetation cover in the basin. There is debate, however, over how extensive this reduction was. Some scientists argue that the rainforest was reduced to small, isolated refugia separated by open forest and grassland; other scientists argue that the rainforest remained largely intact but extended less far to the north, south, and east than is seen today. This debate has proved difficult to resolve because the practical limitations of working in the rainforest mean that data sampling is biased away from the center of the Amazon basin, and both explanations are reasonably well supported by the available data.",Who debate the reduction of moist tropical vegetation?,scientists
"There is evidence that there have been significant changes in Amazon rainforest vegetation over the last 21,000 years through the Last Glacial Maximum (LGM) and subsequent deglaciation. Analyses of sediment deposits from Amazon basin paleolakes and from the Amazon Fan indicate that rainfall in the basin during the LGM was lower than for the present, and this was almost certainly associated with reduced moist tropical vegetation cover in the basin. There is debate, however, over how extensive this reduction was. Some scientists argue that the rainforest was reduced to small, isolated refugia separated by open forest and grassland; other scientists argue that the rainforest remained largely intact but extended less far to the north, south, and east than is seen today. This debate has proved difficult to resolve because the practical limitations of working in the rainforest mean that data sampling is biased away from the center of the Amazon basin, and both explanations are reasonably well supported by the available data.","What do the accounts of the scientists have in common, even if they are in disagreement?",reasonably well supported by the available data
"There is evidence that there have been significant changes in Amazon rainforest vegetation over the last 21,000 years through the Last Glacial Maximum (LGM) and subsequent deglaciation. Analyses of sediment deposits from Amazon basin paleolakes and from the Amazon Fan indicate that rainfall in the basin during the LGM was lower than for the present, and this was almost certainly associated with reduced moist tropical vegetation cover in the basin. There is debate, however, over how extensive this reduction was. Some scientists argue that the rainforest was reduced to small, isolated refugia separated by open forest and grassland; other scientists argue that the rainforest remained largely intact but extended less far to the north, south, and east than is seen today. This debate has proved difficult to resolve because the practical limitations of working in the rainforest mean that data sampling is biased away from the center of the Amazon basin, and both explanations are reasonably well supported by the available data.",What kind of research shows that rainfall was lower than the present?,Analyses of sediment deposits from Amazon basin paleolakes and from the Amazon Fan
"There is evidence that there have been significant changes in Amazon rainforest vegetation over the last 21,000 years through the Last Glacial Maximum (LGM) and subsequent deglaciation. Analyses of sediment deposits from Amazon basin paleolakes and from the Amazon Fan indicate that rainfall in the basin during the LGM was lower than for the present, and this was almost certainly associated with reduced moist tropical vegetation cover in the basin. There is debate, however, over how extensive this reduction was. Some scientists argue that the rainforest was reduced to small, isolated refugia separated by open forest and grassland; other scientists argue that the rainforest remained largely intact but extended less far to the north, south, and east than is seen today. This debate has proved difficult to resolve because the practical limitations of working in the rainforest mean that data sampling is biased away from the center of the Amazon basin, and both explanations are reasonably well supported by the available data.",What took place after LGM?,deglaciation
"There is evidence that there have been significant changes in Amazon rainforest vegetation over the last 21,000 years through the Last Glacial Maximum (LGM) and subsequent deglaciation. Analyses of sediment deposits from Amazon basin paleolakes and from the Amazon Fan indicate that rainfall in the basin during the LGM was lower than for the present, and this was almost certainly associated with reduced moist tropical vegetation cover in the basin. There is debate, however, over how extensive this reduction was. Some scientists argue that the rainforest was reduced to small, isolated refugia separated by open forest and grassland; other scientists argue that the rainforest remained largely intact but extended less far to the north, south, and east than is seen today. This debate has proved difficult to resolve because the practical limitations of working in the rainforest mean that data sampling is biased away from the center of the Amazon basin, and both explanations are reasonably well supported by the available data.","Reduced rainfall, which is associated with reduced moist tropical vegetation cover in the basin, took place where?",in the basin
"Following the Cretaceous–Paleogene extinction event, the extinction of the dinosaurs and the wetter climate may have allowed the tropical rainforest to spread out across the continent. From 66–34 Mya, the rainforest extended as far south as 45°. Climate fluctuations during the last 34 million years have allowed savanna regions to expand into the tropics. During the Oligocene, for example, the rainforest spanned a relatively narrow band. It expanded again during the Middle Miocene, then retracted to a mostly inland formation at the last glacial maximum. However, the rainforest still managed to thrive during these glacial periods, allowing for the survival and evolution of a broad diversity of species.","According to the article, what kind of biome allowed for the growth and diversification of a lot of different types of creatures?",rainforest
"Following the Cretaceous–Paleogene extinction event, the extinction of the dinosaurs and the wetter climate may have allowed the tropical rainforest to spread out across the continent. From 66–34 Mya, the rainforest extended as far south as 45°. Climate fluctuations during the last 34 million years have allowed savanna regions to expand into the tropics. During the Oligocene, for example, the rainforest spanned a relatively narrow band. It expanded again during the Middle Miocene, then retracted to a mostly inland formation at the last glacial maximum. However, the rainforest still managed to thrive during these glacial periods, allowing for the survival and evolution of a broad diversity of species.",During what time period did the savanna and tropical biomes start to collide?,last 34 million years
"Following the Cretaceous–Paleogene extinction event, the extinction of the dinosaurs and the wetter climate may have allowed the tropical rainforest to spread out across the continent. From 66–34 Mya, the rainforest extended as far south as 45°. Climate fluctuations during the last 34 million years have allowed savanna regions to expand into the tropics. During the Oligocene, for example, the rainforest spanned a relatively narrow band. It expanded again during the Middle Miocene, then retracted to a mostly inland formation at the last glacial maximum. However, the rainforest still managed to thrive during these glacial periods, allowing for the survival and evolution of a broad diversity of species.","The rainforest is described as growing after the Cretaceous-Paleogene extinction event, specifically during what time period?",66–34 Mya
"Following the Cretaceous–Paleogene extinction event, the extinction of the dinosaurs and the wetter climate may have allowed the tropical rainforest to spread out across the continent. From 66–34 Mya, the rainforest extended as far south as 45°. Climate fluctuations during the last 34 million years have allowed savanna regions to expand into the tropics. During the Oligocene, for example, the rainforest spanned a relatively narrow band. It expanded again during the Middle Miocene, then retracted to a mostly inland formation at the last glacial maximum. However, the rainforest still managed to thrive during these glacial periods, allowing for the survival and evolution of a broad diversity of species.",What was the main reason that the rainforest biome stopped spreading out and became a relatively narrow band?,Climate fluctuations
"Following the Cretaceous–Paleogene extinction event, the extinction of the dinosaurs and the wetter climate may have allowed the tropical rainforest to spread out across the continent. From 66–34 Mya, the rainforest extended as far south as 45°. Climate fluctuations during the last 34 million years have allowed savanna regions to expand into the tropics. During the Oligocene, for example, the rainforest spanned a relatively narrow band. It expanded again during the Middle Miocene, then retracted to a mostly inland formation at the last glacial maximum. However, the rainforest still managed to thrive during these glacial periods, allowing for the survival and evolution of a broad diversity of species.",What might have been the reasons why the rainforest was able to extend so far south after the extinction event?,extinction of the dinosaurs and the wetter climate
"NASA's CALIPSO satellite has measured the amount of dust transported by wind from the Sahara to the Amazon: an average 182 million tons of dust are windblown out of the Sahara each year, at 15 degrees west longitude, across 1,600 miles (2,600 km) over the Atlantic Ocean (some dust falls into the Atlantic), then at 35 degrees West longitude at the eastern coast of South America, 27.7 million tons (15%) of dust fall over the Amazon basin, 132 million tons of dust remain in the air, 43 million tons of dust are windblown and falls on the Caribbean Sea, past 75 degrees west longitude.",What are gets less dust from the Sahara than the Caribbean?,Amazon basin
"The first European to travel the length of the Amazon River was Francisco de Orellana in 1542. The BBC's Unnatural Histories presents evidence that Orellana, rather than exaggerating his claims as previously thought, was correct in his observations that a complex civilization was flourishing along the Amazon in the 1540s. It is believed that the civilization was later devastated by the spread of diseases from Europe, such as smallpox. Since the 1970s, numerous geoglyphs have been discovered on deforested land dating between AD 0–1250, furthering claims about Pre-Columbian civilizations. Ondemar Dias is accredited with first discovering the geoglyphs in 1977 and Alceu Ranzi with furthering their discovery after flying over Acre. The BBC's Unnatural Histories presented evidence that the Amazon rainforest, rather than being a pristine wilderness, has been shaped by man for at least 11,000 years through practices such as forest gardening and terra preta.",What channel claimed that there had once been a civilization in the Amazon rainforest?,BBC
"The first European to travel the length of the Amazon River was Francisco de Orellana in 1542. The BBC's Unnatural Histories presents evidence that Orellana, rather than exaggerating his claims as previously thought, was correct in his observations that a complex civilization was flourishing along the Amazon in the 1540s. It is believed that the civilization was later devastated by the spread of diseases from Europe, such as smallpox. Since the 1970s, numerous geoglyphs have been discovered on deforested land dating between AD 0–1250, furthering claims about Pre-Columbian civilizations. Ondemar Dias is accredited with first discovering the geoglyphs in 1977 and Alceu Ranzi with furthering their discovery after flying over Acre. The BBC's Unnatural Histories presented evidence that the Amazon rainforest, rather than being a pristine wilderness, has been shaped by man for at least 11,000 years through practices such as forest gardening and terra preta.",What may have killed this pre-columbian civilization?,diseases from Europe
"As indigenous territories continue to be destroyed by deforestation and ecocide, such as in the Peruvian Amazon indigenous peoples' rainforest communities continue to disappear, while others, like the Urarina continue to struggle to fight for their cultural survival and the fate of their forested territories. Meanwhile, the relationship between non-human primates in the subsistence and symbolism of indigenous lowland South American peoples has gained increased attention, as have ethno-biology and community-based conservation efforts.",What did ethno-biology and community-based conservation efforts do?,gained increased attention
"As indigenous territories continue to be destroyed by deforestation and ecocide, such as in the Peruvian Amazon indigenous peoples' rainforest communities continue to disappear, while others, like the Urarina continue to struggle to fight for their cultural survival and the fate of their forested territories. Meanwhile, the relationship between non-human primates in the subsistence and symbolism of indigenous lowland South American peoples has gained increased attention, as have ethno-biology and community-based conservation efforts.",Why do the Peruvian Amazon rainforest communities continue to disappear?,deforestation
"As indigenous territories continue to be destroyed by deforestation and ecocide, such as in the Peruvian Amazon indigenous peoples' rainforest communities continue to disappear, while others, like the Urarina continue to struggle to fight for their cultural survival and the fate of their forested territories. Meanwhile, the relationship between non-human primates in the subsistence and symbolism of indigenous lowland South American peoples has gained increased attention, as have ethno-biology and community-based conservation efforts.",Why do the Urarina struggle to fight for their cultural survival?,ecocide
"As indigenous territories continue to be destroyed by deforestation and ecocide, such as in the Peruvian Amazon indigenous peoples' rainforest communities continue to disappear, while others, like the Urarina continue to struggle to fight for their cultural survival and the fate of their forested territories. Meanwhile, the relationship between non-human primates in the subsistence and symbolism of indigenous lowland South American peoples has gained increased attention, as have ethno-biology and community-based conservation efforts.",Which rainforest is diminishing in size?,the Peruvian Amazon
"During the mid-Eocene, it is believed that the drainage basin of the Amazon was split along the middle of the continent by the Purus Arch. Water on the eastern side flowed toward the Atlantic, while to the west water flowed toward the Pacific across the Amazonas Basin. As the Andes Mountains rose, however, a large basin was created that enclosed a lake; now known as the Solimões Basin. Within the last 5–10 million years, this accumulating water broke through the Purus Arch, joining the easterly flow toward the Atlantic.",what caused the large basin was formed?,Andes Mountains rose
"During the mid-Eocene, it is believed that the drainage basin of the Amazon was split along the middle of the continent by the Purus Arch. Water on the eastern side flowed toward the Atlantic, while to the west water flowed toward the Pacific across the Amazonas Basin. As the Andes Mountains rose, however, a large basin was created that enclosed a lake; now known as the Solimões Basin. Within the last 5–10 million years, this accumulating water broke through the Purus Arch, joining the easterly flow toward the Atlantic.",The water that didnt flow to the Atlantic wound up where?,Pacific
"The use of remote sensing for the conservation of the Amazon is also being used by the indigenous tribes of the basin to protect their tribal lands from commercial interests. Using handheld GPS devices and programs like Google Earth, members of the Trio Tribe, who live in the rainforests of southern Suriname, map out their ancestral lands to help strengthen their territorial claims. Currently, most tribes in the Amazon do not have clearly defined boundaries, making it easier for commercial ventures to target their territories.",Why are tribes protecting their lands?,from commercial interests
"The use of remote sensing for the conservation of the Amazon is also being used by the indigenous tribes of the basin to protect their tribal lands from commercial interests. Using handheld GPS devices and programs like Google Earth, members of the Trio Tribe, who live in the rainforests of southern Suriname, map out their ancestral lands to help strengthen their territorial claims. Currently, most tribes in the Amazon do not have clearly defined boundaries, making it easier for commercial ventures to target their territories.",WHo wants to strengthen territorial claims,Trio Tribe
"Between 1991 and 2000, the total area of forest lost in the Amazon rose from 415,000 to 587,000 square kilometres (160,000 to 227,000 sq mi), with most of the lost forest becoming pasture for cattle. Seventy percent of formerly forested land in the Amazon, and 91% of land deforested since 1970, is used for livestock pasture. Currently, Brazil is the second-largest global producer of soybeans after the United States. New research however, conducted by Leydimere Oliveira et al., has shown that the more rainforest is logged in the Amazon, the less precipitation reaches the area and so the lower the yield per hectare becomes. So despite the popular perception, there has been no economical advantage for Brazil from logging rainforest zones and converting these to pastoral fields.",Livestock pasture accounts for what amount of deforested Amazonian land?,Seventy percent
